Record_Type,Category,Subcategory,Fiscal_Year,Month,Month_Num,Budgeted_Amount,Actual_Amount,Variance,Variance_PCT,Accrued,Committed,Encumbered,GL_Account,Cost_Center,Fund_Code,PO_Number,Invoice_Number,Approval_Status,Notes
Budget,Hardware Capital,Compute Nodes,FY2024,Jan,1,528000.0,560746.71,32746.71,6.2,83443.51,574106.09,4408.36,67365,CC-WHPC-152,F-4457,PO-2024-8971,Pending,In Review,
Budget,Hardware Capital,Compute Nodes,FY2024,Oct,10,528000.0,453021.04,-74978.96,-14.2,73112.16,424276.16,93656.04,64856,CC-WHPC-118,F-8899,PO-2024-7333,Pending,Approved,
Budget,Hardware Capital,Storage System,FY2024,Jul,7,85211.0,91316.52,6105.52,7.2,10579.96,84750.21,10018.02,60492,CC-WHPC-177,F-3138,PO-2024-5542,INV-239337,Approved,
Budget,Hardware Capital,Network Infrastructure,FY2024,May,5,16800.0,16638.1,-161.9,-1.0,2898.31,16822.09,1089.86,68702,CC-WHPC-126,F-1280,PO-2024-6051,INV-306266,Approved,
Budget,Hardware Capital,Rack Infrastructure,FY2024,Feb,2,9200.0,7567.63,-1632.37,-17.7,918.21,7673.88,292.68,68357,CC-WHPC-156,F-1677,PO-2024-7553,INV-791582,Approved,
Budget,Hardware Capital,Rack Infrastructure,FY2024,Dec,12,9200.0,10016.35,816.35,8.9,1565.25,9243.34,2113.21,62107,CC-WHPC-182,F-6085,PO-2024-2839,INV-202172,Approved,
Budget,Hardware Capital,Cooling Systems,FY2024,Sep,9,15600.0,14134.12,-1465.88,-9.4,2661.79,13093.35,1959.02,66573,CC-WHPC-191,F-5257,PO-2024-5480,INV-443100,Approved,
Budget,Hardware Capital,Cabling,FY2024,Jul,7,6400.0,6814.97,414.97,6.5,859.93,7119.89,1392.1,67863,CC-WHPC-193,F-4623,PO-2024-9427,Pending,Approved,
Budget,Hardware Capital,Installation,FY2024,Apr,4,12250.0,12802.6,552.6,4.5,2411.36,13176.82,889.54,66947,CC-WHPC-170,F-4602,PO-2024-1555,Pending,Approved,
Budget,Software Licensing,MATLAB,FY2024,Feb,2,6125.0,6427.02,302.02,4.9,985.5,6251.41,1587.41,67817,CC-WHPC-155,F-2931,PO-2024-2303,INV-340165,Approved,
Budget,Software Licensing,MATLAB,FY2024,Nov,11,6125.0,6109.77,-15.23,-0.2,781.07,5926.37,1219.51,66371,CC-WHPC-189,F-6428,PO-2024-3148,INV-763975,Approved,
Budget,Software Licensing,ANSYS Suite,FY2024,Sep,9,7600.0,6856.28,-743.72,-9.8,1119.07,6698.57,600.87,66820,CC-WHPC-109,F-4565,PO-2024-6426,Pending,Approved,
Budget,Software Licensing,Gaussian,FY2024,Jun,6,2200.0,1939.86,-260.14,-11.8,330.09,1896.07,232.91,68429,CC-WHPC-155,F-6770,PO-2024-2553,INV-393150,Approved,
Budget,Software Licensing,Abaqus,FY2024,Apr,4,4600.0,4596.64,-3.36,-0.1,539.45,4658.34,1052.56,64450,CC-WHPC-192,F-5010,PO-2024-6096,Pending,Approved,
Budget,Software Licensing,COMSOL,FY2024,Jan,1,3400.0,3573.9,173.9,5.1,450.93,3486.58,135.95,61768,CC-WHPC-175,F-2398,PO-2024-8391,INV-220660,Approved,
Budget,Software Licensing,COMSOL,FY2024,Nov,11,3400.0,3787.0,387.0,11.4,435.14,3773.87,560.3,63974,CC-WHPC-160,F-3358,PO-2024-2538,INV-602270,Approved,
Budget,Software Licensing,Mathematica,FY2024,Aug,8,2000.0,2301.53,301.53,15.1,441.37,2284.03,416.69,61296,CC-WHPC-182,F-3487,PO-2024-6284,INV-191793,Pending,
Budget,Software Licensing,Schrodinger,FY2024,Jun,6,6250.0,6798.93,548.93,8.8,1195.92,6265.18,737.9,61558,CC-WHPC-112,F-7553,PO-2024-2631,Pending,Pending,
Budget,Software Licensing,ARM Forge,FY2024,Mar,3,4500.0,4980.52,480.52,10.7,780.56,4528.57,376.83,63659,CC-WHPC-123,F-9582,PO-2024-7044,Pending,Pending,
Budget,Software Licensing,TotalView,FY2024,Jan,1,3100.0,3134.86,34.86,1.1,497.54,2980.84,613.74,62161,CC-WHPC-116,F-9395,PO-2024-5291,INV-797035,In Review,
Budget,Software Licensing,TotalView,FY2024,Oct,10,3100.0,3152.48,52.48,1.7,611.78,2842.72,360.58,60980,CC-WHPC-194,F-5873,PO-2024-8988,Pending,Approved,
Budget,Software Licensing,Other Software,FY2024,Aug,8,5400.0,6082.73,682.73,12.6,1160.27,6043.85,738.75,68746,CC-WHPC-100,F-7650,PO-2024-6524,INV-673516,Approved,
Budget,Staffing,Existing FTE,FY2024,May,5,82420.0,70923.74,-11496.26,-13.9,9390.07,65990.01,10112.56,61300,CC-WHPC-144,F-2367,,INV-434585,In Review,
Budget,Staffing,Migration Staff,FY2024,Feb,2,12350.0,12894.61,544.61,4.4,1874.4,12105.99,2566.52,65600,CC-WHPC-104,F-4377,,INV-706344,Approved,
Budget,Staffing,Migration Staff,FY2024,Dec,12,12350.0,13670.4,1320.4,10.7,1774.31,13330.56,553.15,66855,CC-WHPC-100,F-8035,,INV-319874,Approved,
Budget,Staffing,Training,FY2024,Sep,9,2400.0,2720.39,320.39,13.3,395.6,2615.32,5.18,65117,CC-WHPC-134,F-7495,,INV-554419,Approved,
Budget,Facilities,Electricity,FY2024,Jul,7,24250.0,27451.11,3201.11,13.2,4147.02,27145.15,1851.1,60239,CC-WHPC-153,F-9364,,INV-612696,Approved,
Budget,Facilities,Cooling Water,FY2024,Apr,4,3900.0,4041.25,141.25,3.6,701.94,3990.56,154.91,65379,CC-WHPC-156,F-4236,,INV-121450,Approved,
Budget,Facilities,Building Maintenance,FY2024,Feb,2,4750.0,5496.76,746.76,15.7,706.36,5438.51,1292.28,60049,CC-WHPC-135,F-9804,,INV-837753,Approved,
Budget,Facilities,Building Maintenance,FY2024,Nov,11,4750.0,4386.49,-363.51,-7.7,503.65,3977.3,311.47,69004,CC-WHPC-126,F-4801,,Pending,In Review,
Budget,Facilities,Electrical Upgrades,FY2024,Sep,9,17500.0,20510.68,3010.68,17.2,3987.13,20422.5,3703.89,64095,CC-WHPC-190,F-1425,,INV-327334,Approved,
Budget,Facilities,Cooling Upgrades,FY2024,Jun,6,14000.0,16002.51,2002.51,14.3,2245.5,15639.08,3710.15,65877,CC-WHPC-138,F-7458,,INV-315204,Approved,
Budget,Maintenance,HW Support Agreement,FY2024,Apr,4,16000.0,17539.48,1539.48,9.6,3270.53,16002.81,487.55,67575,CC-WHPC-160,F-2841,,Pending,Approved,
Budget,Maintenance,Contingency 15%,FY2024,Jan,1,12750.0,13630.58,880.58,6.9,2269.8,12828.09,2224.21,69400,CC-WHPC-169,F-2015,,INV-625375,Pending,
Budget,Maintenance,Contingency 15%,FY2024,Nov,11,12750.0,13100.69,350.69,2.8,1912.29,11958.97,1306.44,61661,CC-WHPC-122,F-6199,,Pending,Approved,
Budget,Hardware Capital,Compute Nodes,FY2025,Aug,8,704000.0,598184.15,-105815.85,-15.0,86545.41,597069.83,99489.75,63262,CC-WHPC-188,F-1703,PO-2025-2986,INV-186430,Approved,
Budget,Hardware Capital,Storage System,FY2025,Jun,6,113614.67,106018.45,-7596.21,-6.7,11761.54,96503.14,11321.94,65709,CC-WHPC-127,F-4453,PO-2025-2552,INV-623471,Pending,
Budget,Hardware Capital,Network Infrastructure,FY2025,Mar,3,22400.0,19506.46,-2893.54,-12.9,2265.34,18119.71,3049.0,68326,CC-WHPC-108,F-4666,PO-2025-5050,Pending,Approved,
Budget,Hardware Capital,Rack Infrastructure,FY2025,Jan,1,12266.67,11857.38,-409.28,-3.3,1392.29,10805.68,2036.51,61451,CC-WHPC-171,F-2122,PO-2025-2142,INV-218348,Approved,
Budget,Hardware Capital,Rack Infrastructure,FY2025,Oct,10,12266.67,12928.04,661.37,5.4,2458.2,12452.68,1344.66,60332,CC-WHPC-176,F-7308,PO-2025-3814,INV-434277,Approved,
Budget,Hardware Capital,Cooling Systems,FY2025,Aug,8,20800.0,23253.77,2453.77,11.8,2788.52,23799.56,2604.35,69839,CC-WHPC-194,F-7335,PO-2025-4344,INV-833709,Approved,
Budget,Hardware Capital,Cabling,FY2025,May,5,8533.33,7371.98,-1161.36,-13.6,950.04,7127.43,1333.41,68287,CC-WHPC-189,F-2145,PO-2025-7700,INV-414719,Approved,
Budget,Hardware Capital,Installation,FY2025,Mar,3,16333.33,14180.95,-2152.38,-13.2,1814.03,12958.86,3240.17,63933,CC-WHPC-121,F-7592,PO-2025-8768,INV-290741,Approved,
Budget,Hardware Capital,Installation,FY2025,Dec,12,16333.33,17913.96,1580.63,9.7,1954.91,16371.7,3140.72,63781,CC-WHPC-122,F-6102,PO-2025-7421,Pending,Approved,
Budget,Software Licensing,MATLAB,FY2025,Sep,9,8166.67,8618.32,451.65,5.5,899.77,8149.82,2087.29,68066,CC-WHPC-184,F-6984,PO-2025-6383,INV-414039,Approved,
Budget,Software Licensing,ANSYS Suite,FY2025,Jul,7,10133.33,10131.01,-2.33,-0.0,1954.75,9617.95,2461.07,64926,CC-WHPC-110,F-3102,PO-2025-3525,INV-246569,Approved,
Budget,Software Licensing,Gaussian,FY2025,Apr,4,2933.33,3123.35,190.02,6.5,495.38,2907.82,508.47,67933,CC-WHPC-162,F-7434,PO-2025-6283,INV-130151,Approved,
Budget,Software Licensing,Abaqus,FY2025,Feb,2,6133.33,5248.78,-884.56,-14.4,1001.45,5203.73,707.86,69589,CC-WHPC-163,F-2755,PO-2025-9190,INV-729631,Approved,
Budget,Software Licensing,Abaqus,FY2025,Nov,11,6133.33,6369.17,235.84,3.8,991.65,6627.94,799.79,60742,CC-WHPC-124,F-4760,PO-2025-5943,INV-539983,Pending,
Budget,Software Licensing,COMSOL,FY2025,Sep,9,4533.33,5278.75,745.42,16.4,552.68,5382.99,913.3,67087,CC-WHPC-101,F-9328,PO-2025-7682,INV-897210,Approved,
Budget,Software Licensing,Mathematica,FY2025,Jun,6,2666.67,2948.21,281.54,10.6,523.62,2985.75,22.31,61373,CC-WHPC-146,F-6905,PO-2025-3042,Pending,Approved,
Budget,Software Licensing,Schrodinger,FY2025,Apr,4,8333.33,7093.22,-1240.12,-14.9,1094.46,6491.05,1231.85,62735,CC-WHPC-169,F-2228,PO-2025-2040,Pending,Approved,
Budget,Software Licensing,ARM Forge,FY2025,Jan,1,6000.0,6756.7,756.7,12.6,1235.84,6490.94,3.76,61303,CC-WHPC-120,F-2245,PO-2025-3113,INV-433038,Approved,
Budget,Software Licensing,ARM Forge,FY2025,Nov,11,6000.0,6097.14,97.14,1.6,717.06,5855.03,1350.48,69277,CC-WHPC-140,F-7259,PO-2025-4118,INV-633720,Pending,
Budget,Software Licensing,TotalView,FY2025,Aug,8,4133.33,3497.44,-635.89,-15.4,362.62,3200.42,114.68,69940,CC-WHPC-145,F-6724,PO-2025-9873,INV-364680,Approved,
Budget,Software Licensing,Other Software,FY2025,Jun,6,7200.0,8191.64,991.64,13.8,1096.62,7927.37,988.59,65085,CC-WHPC-165,F-8362,PO-2025-8209,INV-937194,Approved,
Budget,Staffing,Existing FTE,FY2025,Mar,3,109893.33,128062.12,18168.79,16.5,18097.16,134246.21,8361.76,69465,CC-WHPC-112,F-9090,,Pending,Approved,
Budget,Staffing,Migration Staff,FY2025,Jan,1,16466.67,19353.77,2887.11,17.5,2319.26,18720.59,4414.78,61885,CC-WHPC-149,F-3144,,INV-417585,Pending,
Budget,Staffing,Migration Staff,FY2025,Oct,10,16466.67,19359.04,2892.37,17.6,2979.32,19750.14,3146.03,63364,CC-WHPC-170,F-8619,,Pending,Approved,
Budget,Staffing,Training,FY2025,Aug,8,3200.0,3740.1,540.1,16.9,723.78,3520.77,194.49,63524,CC-WHPC-192,F-7533,,Pending,Approved,
Budget,Facilities,Electricity,FY2025,May,5,32333.33,31900.87,-432.46,-1.3,3811.04,28757.86,6237.74,69792,CC-WHPC-128,F-7436,,Pending,Approved,
Budget,Facilities,Cooling Water,FY2025,Mar,3,5200.0,4699.83,-500.17,-9.6,607.27,4767.19,101.57,65749,CC-WHPC-192,F-2264,,Pending,Approved,
Budget,Facilities,Cooling Water,FY2025,Dec,12,5200.0,5496.25,296.25,5.7,593.98,5395.32,414.76,66093,CC-WHPC-102,F-9858,,INV-984120,Approved,
Budget,Facilities,Building Maintenance,FY2025,Oct,10,6333.33,6033.94,-299.4,-4.7,957.59,5597.08,1221.24,66467,CC-WHPC-137,F-6935,,INV-926432,Approved,
Budget,Facilities,Electrical Upgrades,FY2025,Jul,7,23333.33,20329.45,-3003.88,-12.9,3205.9,21341.15,819.4,66370,CC-WHPC-132,F-9487,,INV-611934,Approved,
Budget,Facilities,Cooling Upgrades,FY2025,May,5,18666.67,18952.01,285.34,1.5,3082.99,19192.63,542.09,69286,CC-WHPC-163,F-1270,,INV-510786,Approved,
Budget,Maintenance,HW Support Agreement,FY2025,Feb,2,21333.33,21552.16,218.83,1.0,2431.08,20138.57,5049.98,68598,CC-WHPC-168,F-2637,,Pending,Approved,
Budget,Maintenance,HW Support Agreement,FY2025,Nov,11,21333.33,18586.79,-2746.55,-12.9,1956.78,17014.21,2060.33,62808,CC-WHPC-149,F-9682,,INV-644858,Approved,
Budget,Maintenance,Contingency 15%,FY2025,Sep,9,17000.0,19066.45,2066.45,12.2,2919.16,18011.11,3658.99,69762,CC-WHPC-174,F-6374,,INV-307077,Pending,
Budget,Hardware Capital,Compute Nodes,FY2026,Jun,6,880000.0,739543.85,-140456.15,-16.0,75269.26,749967.27,114389.99,69652,CC-WHPC-120,F-5774,PO-2026-5865,Pending,Approved,
Budget,Hardware Capital,Storage System,FY2026,Apr,4,142018.33,153377.56,11359.23,8.0,29024.64,144054.88,30531.57,63897,CC-WHPC-162,F-9496,PO-2026-7385,Pending,Approved,
Budget,Hardware Capital,Network Infrastructure,FY2026,Jan,1,28000.0,28351.87,351.87,1.3,5235.78,25876.79,5291.64,61898,CC-WHPC-107,F-2936,PO-2026-8233,INV-458996,Approved,
Budget,Hardware Capital,Network Infrastructure,FY2026,Nov,11,28000.0,28930.4,930.4,3.3,3156.09,26679.77,5795.97,65043,CC-WHPC-109,F-3564,PO-2026-5963,INV-721537,Approved,
Budget,Hardware Capital,Rack Infrastructure,FY2026,Aug,8,15333.33,15737.42,404.08,2.6,3003.99,14983.93,3532.51,68438,CC-WHPC-116,F-6057,PO-2026-8638,INV-512441,Pending,
Budget,Hardware Capital,Cooling Systems,FY2026,Jun,6,26000.0,23046.35,-2953.65,-11.4,4547.56,22284.25,3549.4,63872,CC-WHPC-150,F-7548,PO-2026-4891,Pending,Approved,
Budget,Hardware Capital,Cabling,FY2026,Mar,3,10666.67,9483.47,-1183.19,-11.1,1697.48,9297.21,1039.09,60465,CC-WHPC-148,F-2570,PO-2026-1355,Pending,Approved,
Budget,Hardware Capital,Installation,FY2026,Jan,1,20416.67,22300.95,1884.29,9.2,4011.21,20478.97,3156.97,62196,CC-WHPC-178,F-3772,PO-2026-7292,Pending,Approved,
Budget,Hardware Capital,Installation,FY2026,Oct,10,20416.67,18894.39,-1522.28,-7.5,3439.17,19830.83,676.34,65041,CC-WHPC-111,F-1314,PO-2026-9825,INV-182448,Approved,
Budget,Software Licensing,MATLAB,FY2026,Aug,8,10208.33,10612.3,403.96,4.0,1631.97,9624.83,2189.53,62358,CC-WHPC-140,F-9913,PO-2026-4667,INV-458692,Approved,
Budget,Software Licensing,ANSYS Suite,FY2026,May,5,12666.67,11591.91,-1074.76,-8.5,1335.1,11721.81,2726.94,68836,CC-WHPC-104,F-5360,PO-2026-4766,INV-220642,Approved,
Budget,Software Licensing,Gaussian,FY2026,Mar,3,3666.67,3544.71,-121.95,-3.3,493.98,3435.86,452.93,61028,CC-WHPC-113,F-1620,PO-2026-1811,INV-314119,Approved,
Budget,Software Licensing,Gaussian,FY2026,Dec,12,3666.67,3962.91,296.24,8.1,695.17,4046.06,92.53,60019,CC-WHPC-114,F-9152,PO-2026-1078,INV-628538,Approved,
Budget,Software Licensing,Abaqus,FY2026,Oct,10,7666.67,8591.59,924.92,12.1,1205.76,8339.7,1856.09,66913,CC-WHPC-162,F-8569,PO-2026-2722,Pending,Approved,
Budget,Software Licensing,COMSOL,FY2026,Jul,7,5666.67,6412.8,746.14,13.2,856.46,6426.37,1525.94,66348,CC-WHPC-181,F-7228,PO-2026-3048,Pending,Approved,
Budget,Software Licensing,Mathematica,FY2026,May,5,3333.33,2916.95,-416.38,-12.5,548.77,2906.84,633.58,63268,CC-WHPC-188,F-1484,PO-2026-6336,Pending,Approved,
Budget,Software Licensing,Schrodinger,FY2026,Feb,2,10416.67,12017.16,1600.49,15.4,1788.99,11584.89,1792.79,69672,CC-WHPC-196,F-6867,PO-2026-8570,Pending,Pending,
Budget,Software Licensing,Schrodinger,FY2026,Dec,12,10416.67,11233.2,816.53,7.8,1267.82,10950.78,550.7,67792,CC-WHPC-158,F-4065,PO-2026-5663,INV-243444,Approved,
Budget,Software Licensing,ARM Forge,FY2026,Sep,9,7500.0,8344.58,844.58,11.3,1128.12,8391.09,1499.11,68865,CC-WHPC-169,F-3997,PO-2026-6504,INV-237086,Approved,
Budget,Software Licensing,TotalView,FY2026,Jun,6,5166.67,5715.77,549.11,10.6,671.48,5316.79,597.65,64576,CC-WHPC-112,F-1905,PO-2026-7340,Pending,Approved,
Budget,Software Licensing,Other Software,FY2026,Apr,4,9000.0,7776.48,-1223.52,-13.6,1004.25,7732.17,1008.44,62652,CC-WHPC-195,F-6815,PO-2026-4815,INV-547843,Approved,
Budget,Staffing,Existing FTE,FY2026,Jan,1,137366.67,117997.49,-19369.18,-14.1,15959.07,121646.56,16037.89,60083,CC-WHPC-188,F-5447,,Pending,Approved,
Budget,Staffing,Existing FTE,FY2026,Nov,11,137366.67,150072.63,12705.97,9.2,27787.04,155322.13,248.75,63447,CC-WHPC-141,F-4525,,INV-645794,Approved,
Budget,Staffing,Migration Staff,FY2026,Aug,8,20583.33,20328.76,-254.57,-1.2,3963.11,20475.93,4870.69,61366,CC-WHPC-130,F-2489,,INV-679017,Approved,
Budget,Staffing,Training,FY2026,Jun,6,4000.0,4671.1,671.1,16.8,856.99,4878.32,614.92,69118,CC-WHPC-164,F-1889,,Pending,Approved,
Budget,Facilities,Electricity,FY2026,Mar,3,40416.67,38422.61,-1994.05,-4.9,5310.99,40064.59,425.9,66802,CC-WHPC-147,F-3405,,INV-198580,Approved,
Budget,Facilities,Cooling Water,FY2026,Jan,1,6500.0,5904.6,-595.4,-9.2,1082.32,5582.37,454.67,66888,CC-WHPC-163,F-6851,,INV-239261,In Review,
Budget,Facilities,Cooling Water,FY2026,Oct,10,6500.0,5436.67,-1063.33,-16.4,920.81,5354.25,596.83,62691,CC-WHPC-188,F-7941,,INV-338233,Approved,
Budget,Facilities,Building Maintenance,FY2026,Aug,8,7916.67,7413.69,-502.98,-6.4,1096.43,7461.11,187.79,62096,CC-WHPC-131,F-8131,,Pending,Approved,
Budget,Facilities,Electrical Upgrades,FY2026,May,5,29166.67,28395.95,-770.72,-2.6,5415.41,27915.81,1113.57,69097,CC-WHPC-172,F-6824,,Pending,Approved,
Budget,Facilities,Cooling Upgrades,FY2026,Mar,3,23333.33,22789.78,-543.56,-2.3,3053.63,21250.72,3300.16,62413,CC-WHPC-193,F-1103,,INV-793448,Approved,
Budget,Facilities,Cooling Upgrades,FY2026,Dec,12,23333.33,26152.77,2819.44,12.1,2797.15,26381.28,1538.81,68040,CC-WHPC-184,F-1796,,INV-387157,Approved,
Budget,Maintenance,HW Support Agreement,FY2026,Oct,10,26666.67,26375.52,-291.15,-1.1,3594.44,25002.23,1867.4,61740,CC-WHPC-140,F-4832,,INV-388417,In Review,
Budget,Maintenance,Contingency 15%,FY2026,Jul,7,21250.0,17810.28,-3439.72,-16.2,2972.77,16511.38,286.13,64093,CC-WHPC-162,F-6372,,INV-326413,Pending,
Budget,Hardware Capital,Compute Nodes,FY2027_Proposed,May,5,1011999.92,916850.63,-95149.29,-9.4,101009.32,950189.18,216465.13,60217,CC-WHPC-158,F-3960,PO-osed-8930,INV-501284,Approved,
Budget,Hardware Capital,Storage System,FY2027_Proposed,Feb,2,163321.0,137346.91,-25974.09,-15.9,22119.14,140249.79,33274.11,65159,CC-WHPC-163,F-1923,PO-osed-5807,Pending,Approved,
Budget,Hardware Capital,Storage System,FY2027_Proposed,Dec,12,163321.0,162225.24,-1095.76,-0.7,20166.99,167539.97,23940.92,66631,CC-WHPC-178,F-5963,PO-osed-1007,INV-979055,Approved,
Budget,Hardware Capital,Network Infrastructure,FY2027_Proposed,Sep,9,32199.92,33294.64,1094.73,3.4,3519.39,30984.94,5909.63,61342,CC-WHPC-185,F-1727,PO-osed-6751,INV-138287,Approved,
Budget,Hardware Capital,Rack Infrastructure,FY2027_Proposed,Jul,7,17633.25,19152.63,1519.38,8.6,3007.15,17293.28,2418.47,63317,CC-WHPC-169,F-6560,PO-osed-5414,INV-389961,Pending,
Budget,Hardware Capital,Cooling Systems,FY2027_Proposed,Apr,4,29900.0,34478.97,4578.97,15.3,3981.7,33204.09,7821.29,65221,CC-WHPC-184,F-5270,PO-osed-8232,INV-160709,Approved,
Budget,Hardware Capital,Cabling,FY2027_Proposed,Jan,1,12266.67,14459.42,2192.76,17.9,1630.87,13700.86,3522.9,67563,CC-WHPC-113,F-2337,PO-osed-6347,INV-983892,Approved,
Budget,Hardware Capital,Cabling,FY2027_Proposed,Nov,11,12266.67,12484.15,217.48,1.8,1922.2,11798.03,2749.91,65722,CC-WHPC-160,F-7385,PO-osed-5534,INV-224596,Approved,
Budget,Hardware Capital,Installation,FY2027_Proposed,Aug,8,23479.17,27094.41,3615.24,15.4,4240.68,25060.75,3546.41,61089,CC-WHPC-139,F-1499,PO-osed-4050,INV-392728,In Review,
Budget,Software Licensing,MATLAB,FY2027_Proposed,Jun,6,11739.58,12559.48,819.9,7.0,1965.18,11450.84,67.74,67982,CC-WHPC-167,F-6681,PO-osed-7677,INV-697285,Approved,
Budget,Software Licensing,ANSYS Suite,FY2027_Proposed,Mar,3,14566.67,14387.46,-179.2,-1.2,2529.91,13436.79,1171.27,61993,CC-WHPC-190,F-2963,PO-osed-3615,INV-591676,Approved,
Budget,Software Licensing,Gaussian,FY2027_Proposed,Jan,1,4216.58,4347.14,130.56,3.1,438.77,4525.97,676.7,68866,CC-WHPC-178,F-9047,PO-osed-5651,INV-480538,Approved,
Budget,Software Licensing,Gaussian,FY2027_Proposed,Oct,10,4216.58,4152.52,-64.06,-1.5,610.89,4127.29,100.79,64843,CC-WHPC-123,F-1189,PO-osed-5421,INV-809345,Approved,
Budget,Software Licensing,Abaqus,FY2027_Proposed,Aug,8,8816.58,9691.12,874.54,9.9,1568.35,9522.43,1576.78,60941,CC-WHPC-196,F-2292,PO-osed-9021,INV-294350,Approved,
Budget,Software Licensing,COMSOL,FY2027_Proposed,May,5,6516.67,7077.15,560.48,8.6,1182.37,7318.59,960.36,60947,CC-WHPC-138,F-4307,PO-osed-4349,INV-144116,Approved,
Budget,Software Licensing,Mathematica,FY2027_Proposed,Mar,3,3833.33,4264.09,430.75,11.2,440.5,4331.75,847.64,66199,CC-WHPC-191,F-9008,PO-osed-3135,Pending,In Review,
Budget,Software Licensing,Mathematica,FY2027_Proposed,Dec,12,3833.33,4015.15,181.82,4.7,741.13,3762.23,690.66,69370,CC-WHPC-173,F-6697,PO-osed-8005,Pending,Approved,
Budget,Software Licensing,Schrodinger,FY2027_Proposed,Oct,10,11979.17,13118.51,1139.34,9.5,2195.1,12191.96,3015.39,64617,CC-WHPC-118,F-7972,PO-osed-5547,INV-600221,Approved,
Budget,Software Licensing,ARM Forge,FY2027_Proposed,Jul,7,8624.92,7392.88,-1232.04,-14.3,1079.5,7693.43,1487.8,63941,CC-WHPC-150,F-3741,PO-osed-6685,INV-407050,Approved,
Budget,Software Licensing,TotalView,FY2027_Proposed,May,5,5941.67,6441.88,500.21,8.4,839.23,6068.73,384.61,60382,CC-WHPC-142,F-8104,PO-osed-9624,Pending,Approved,
Budget,Software Licensing,Other Software,FY2027_Proposed,Feb,2,10349.92,11180.97,831.05,8.0,1982.7,11422.46,785.04,64432,CC-WHPC-102,F-9843,PO-osed-3503,INV-536152,Approved,
Budget,Software Licensing,Other Software,FY2027_Proposed,Dec,12,10349.92,11735.68,1385.76,13.4,1195.72,11401.32,502.12,65101,CC-WHPC-197,F-1377,PO-osed-2619,Pending,Approved,
Budget,Staffing,Existing FTE,FY2027_Proposed,Sep,9,157971.58,158232.59,261.01,0.2,19738.1,145077.51,28923.2,69638,CC-WHPC-110,F-2726,,INV-378706,Approved,
Budget,Staffing,Migration Staff,FY2027_Proposed,Jul,7,23670.83,24363.26,692.43,2.9,4832.58,23217.12,1048.95,63086,CC-WHPC-148,F-4995,,INV-546653,Approved,
Budget,Staffing,Training,FY2027_Proposed,Apr,4,4599.92,4419.52,-180.4,-3.9,442.33,4571.24,470.9,68249,CC-WHPC-128,F-1669,,Pending,Approved,
Budget,Facilities,Electricity,FY2027_Proposed,Feb,2,46479.17,51536.55,5057.38,10.9,7579.5,52483.41,8503.51,67175,CC-WHPC-118,F-7465,,Pending,Approved,
Budget,Facilities,Electricity,FY2027_Proposed,Nov,11,46479.17,40748.79,-5730.38,-12.3,6859.04,38975.02,1716.55,66925,CC-WHPC-152,F-2293,,Pending,Approved,
Budget,Facilities,Cooling Water,FY2027_Proposed,Sep,9,7475.0,6595.47,-879.53,-11.8,840.91,6529.64,608.24,63894,CC-WHPC-195,F-1007,,INV-976523,Approved,
Budget,Facilities,Building Maintenance,FY2027_Proposed,Jun,6,9104.08,9446.77,342.69,3.8,960.58,9514.38,1390.75,68642,CC-WHPC-179,F-5484,,INV-438624,In Review,
Budget,Facilities,Electrical Upgrades,FY2027_Proposed,Mar,3,33541.58,27577.67,-5963.91,-17.8,4534.82,27850.2,3183.28,63301,CC-WHPC-101,F-4260,,INV-790023,Approved,
Budget,Facilities,Cooling Upgrades,FY2027_Proposed,Jan,1,26833.33,28614.67,1781.34,6.6,5281.18,28395.17,6687.29,64587,CC-WHPC-129,F-5306,,INV-705455,Approved,
Budget,Facilities,Cooling Upgrades,FY2027_Proposed,Oct,10,26833.33,28409.09,1575.76,5.9,3731.21,28553.1,682.86,60486,CC-WHPC-171,F-4691,,INV-542749,Approved,
Budget,Maintenance,HW Support Agreement,FY2027_Proposed,Aug,8,30666.67,26654.98,-4011.69,-13.1,2782.37,26232.21,4229.26,68836,CC-WHPC-175,F-3163,,Pending,Pending,
Budget,Maintenance,Contingency 15%,FY2027_Proposed,May,5,24437.5,23760.5,-677.0,-2.8,3577.0,22526.2,3376.04,68446,CC-WHPC-194,F-8882,,INV-528439,Pending,
Grant_Usage,Research Grant,G-0001 (NIH),FY2026,Mar,3,2790.73,20093.85,0.0,0.0,0.0,0.0,0.0,56996,CC-COMP-122,F-NIH-7045,,Internal Allocation,Allocated,"GPU_Hours=6918,CPU_Hours=5358,Storage_TB=8.39,Department=Computer Science"
Grant_Usage,Research Grant,G-0001 (NIH),FY2026,Dec,12,2790.73,7575.6,0.0,0.0,0.0,0.0,0.0,51515,CC-COMP-159,F-NIH-9336,,Internal Allocation,Allocated,"GPU_Hours=2645,CPU_Hours=10253,Storage_TB=0.83,Department=Computer Science"
Grant_Usage,Research Grant,G-0002 (AFOSR),FY2026,Oct,10,11417.41,7323.9,0.0,0.0,0.0,0.0,0.0,58944,CC-COMP-182,F-AFO-1609,,Internal Allocation,Allocated,"GPU_Hours=2431,CPU_Hours=9879,Storage_TB=8.79,Department=Computer Science"
Grant_Usage,Research Grant,G-0003 (DARPA),FY2026,Jul,7,19848.75,7397.4,0.0,0.0,0.0,0.0,0.0,50946,CC-PHYS-185,F-DAR-7258,,Internal Allocation,Allocated,"GPU_Hours=2249,CPU_Hours=10707,Storage_TB=21.95,Department=Physics"
Grant_Usage,Research Grant,G-0004 (NASA),FY2026,May,5,9380.38,21571.5,0.0,0.0,0.0,0.0,0.0,57279,CC-COMP-144,F-NAS-3240,,Internal Allocation,Allocated,"GPU_Hours=7178,CPU_Hours=9586,Storage_TB=24.76,Department=Computer Science"
Grant_Usage,Research Grant,G-0005 (ONR),FY2026,Feb,2,5503.02,1287.15,0.0,0.0,0.0,0.0,0.0,53758,CC-MEDI-124,F-ONR-1778,,Internal Allocation,Allocated,"GPU_Hours=274,CPU_Hours=13783,Storage_TB=11.25,Department=Medical Research"
Grant_Usage,Research Grant,G-0005 (ONR),FY2026,Dec,12,5503.02,15355.8,0.0,0.0,0.0,0.0,0.0,58378,CC-MEDI-140,F-ONR-7203,,Internal Allocation,Allocated,"GPU_Hours=5013,CPU_Hours=14448,Storage_TB=23.75,Department=Medical Research"
Grant_Usage,Research Grant,G-0006 (DARPA),FY2026,Sep,9,9903.59,12746.85,0.0,0.0,0.0,0.0,0.0,56281,CC-BIOL-134,F-DAR-5729,,Internal Allocation,Allocated,"GPU_Hours=4378,CPU_Hours=2081,Storage_TB=5.99,Department=Biology"
Grant_Usage,Research Grant,G-0007 (DOE),FY2026,Jul,7,19847.27,6820.95,0.0,0.0,0.0,0.0,0.0,50888,CC-EART-121,F-DOE-7853,,Internal Allocation,Allocated,"GPU_Hours=2279,CPU_Hours=1318,Storage_TB=7.24,Department=Earth Sciences"
Grant_Usage,Research Grant,G-0008 (NASA),FY2026,Apr,4,7063.36,1422.0,0.0,0.0,0.0,0.0,0.0,57871,CC-ENGI-112,F-NAS-9794,,Internal Allocation,Allocated,"GPU_Hours=117,CPU_Hours=3160,Storage_TB=24.19,Department=Engineering"
Grant_Usage,Research Grant,G-0009 (Private),FY2026,Feb,2,27532.0,22003.2,0.0,0.0,0.0,0.0,0.0,52400,CC-PHYS-187,F-Pri-9344,,Internal Allocation,Allocated,"GPU_Hours=7650,CPU_Hours=2583,Storage_TB=4.46,Department=Physics"
Grant_Usage,Research Grant,G-0009 (Private),FY2026,Nov,11,27532.0,11173.2,0.0,0.0,0.0,0.0,0.0,54167,CC-PHYS-112,F-Pri-8260,,Internal Allocation,Allocated,"GPU_Hours=3640,CPU_Hours=10284,Storage_TB=17.76,Department=Physics"
Grant_Usage,Research Grant,G-0010 (NIH),FY2026,Sep,9,22174.18,11216.4,0.0,0.0,0.0,0.0,0.0,55533,CC-PHYS-124,F-NIH-2498,,Internal Allocation,Allocated,"GPU_Hours=3574,CPU_Hours=448,Storage_TB=22.9,Department=Physics"
Grant_Usage,Research Grant,G-0011 (ONR),FY2026,Jun,6,4778.13,5900.85,0.0,0.0,0.0,0.0,0.0,50763,CC-PHYS-113,F-ONR-2552,,Internal Allocation,Allocated,"GPU_Hours=2064,CPU_Hours=5396,Storage_TB=0.41,Department=Physics"
Grant_Usage,Research Grant,G-0012 (NASA),FY2026,Apr,4,20082.8,13961.4,0.0,0.0,0.0,0.0,0.0,50773,CC-EART-173,F-NAS-3699,,Internal Allocation,Allocated,"GPU_Hours=4786,CPU_Hours=8699,Storage_TB=7.14,Department=Earth Sciences"
Grant_Usage,Research Grant,G-0013 (NASA),FY2026,Jan,1,3001.5,12958.05,0.0,0.0,0.0,0.0,0.0,59840,CC-ENGI-178,F-NAS-8145,,Internal Allocation,Allocated,"GPU_Hours=4184,CPU_Hours=862,Storage_TB=22.97,Department=Engineering"
Grant_Usage,Research Grant,G-0013 (NASA),FY2026,Oct,10,3001.5,5608.05,0.0,0.0,0.0,0.0,0.0,51856,CC-ENGI-135,F-NAS-5875,,Internal Allocation,Allocated,"GPU_Hours=1903,CPU_Hours=2875,Storage_TB=4.1,Department=Engineering"
Grant_Usage,Research Grant,G-0014 (DOE),FY2026,Aug,8,83024.94,12044.7,0.0,0.0,0.0,0.0,0.0,54825,CC-BIOL-123,F-DOE-8350,,Internal Allocation,Allocated,"GPU_Hours=4038,CPU_Hours=5391,Storage_TB=11.92,Department=Biology"
Grant_Usage,Research Grant,G-0015 (DARPA),FY2026,May,5,3680.84,20670.45,0.0,0.0,0.0,0.0,0.0,55764,CC-ENGI-118,F-DAR-1376,,Internal Allocation,Allocated,"GPU_Hours=6964,CPU_Hours=14272,Storage_TB=18.29,Department=Engineering"
Grant_Usage,Research Grant,G-0016 (AFOSR),FY2026,Mar,3,3917.31,14760.15,0.0,0.0,0.0,0.0,0.0,55044,CC-MEDI-193,F-AFO-3248,,Internal Allocation,Allocated,"GPU_Hours=4993,CPU_Hours=6935,Storage_TB=11.78,Department=Medical Research"
Grant_Usage,Research Grant,G-0016 (AFOSR),FY2026,Dec,12,3917.31,17201.55,0.0,0.0,0.0,0.0,0.0,55295,CC-MEDI-197,F-AFO-6422,,Internal Allocation,Allocated,"GPU_Hours=5924,CPU_Hours=11865,Storage_TB=7.07,Department=Medical Research"
Grant_Usage,Research Grant,G-0017 (NSF),FY2026,Oct,10,11945.52,4147.35,0.0,0.0,0.0,0.0,0.0,54032,CC-BIOL-133,F-NSF-9918,,Internal Allocation,Allocated,"GPU_Hours=1099,CPU_Hours=6619,Storage_TB=22.56,Department=Biology"
Grant_Usage,Research Grant,G-0018 (NSF),FY2026,Jul,7,2051.68,2646.6,0.0,0.0,0.0,0.0,0.0,52455,CC-BIOL-193,F-NSF-2859,,Internal Allocation,Allocated,"GPU_Hours=778,CPU_Hours=11945,Storage_TB=9.54,Department=Biology"
Grant_Usage,Research Grant,G-0019 (AFOSR),FY2026,May,5,30145.54,15002.25,0.0,0.0,0.0,0.0,0.0,54256,CC-PHYS-184,F-AFO-5034,,Internal Allocation,Allocated,"GPU_Hours=4966,CPU_Hours=1838,Storage_TB=18.87,Department=Physics"
Grant_Usage,Research Grant,G-0020 (NIH),FY2026,Feb,2,9388.67,10281.3,0.0,0.0,0.0,0.0,0.0,56134,CC-PHYS-173,F-NIH-1405,,Internal Allocation,Allocated,"GPU_Hours=3286,CPU_Hours=14356,Storage_TB=20.36,Department=Physics"
Grant_Usage,Research Grant,G-0020 (NIH),FY2026,Dec,12,9388.67,4053.0,0.0,0.0,0.0,0.0,0.0,53345,CC-PHYS-178,F-NIH-2957,,Internal Allocation,Allocated,"GPU_Hours=1094,CPU_Hours=2489,Storage_TB=20.78,Department=Physics"
Grant_Usage,Research Grant,G-0021 (ONR),FY2026,Sep,9,7293.31,13170.45,0.0,0.0,0.0,0.0,0.0,53284,CC-MEDI-134,F-ONR-1033,,Internal Allocation,Allocated,"GPU_Hours=4247,CPU_Hours=7921,Storage_TB=23.7,Department=Medical Research"
Grant_Usage,Research Grant,G-0022 (DOE),FY2026,Jul,7,29074.96,6561.45,0.0,0.0,0.0,0.0,0.0,50992,CC-BIOL-119,F-DOE-3716,,Internal Allocation,Allocated,"GPU_Hours=2292,CPU_Hours=9700,Storage_TB=0.65,Department=Biology"
Grant_Usage,Research Grant,G-0023 (DARPA),FY2026,Apr,4,7691.89,12693.9,0.0,0.0,0.0,0.0,0.0,57302,CC-MATH-115,F-DAR-3171,,Internal Allocation,Allocated,"GPU_Hours=4307,CPU_Hours=7602,Storage_TB=9.31,Department=Mathematics"
Grant_Usage,Research Grant,G-0024 (NASA),FY2026,Feb,2,2184.03,23024.1,0.0,0.0,0.0,0.0,0.0,55539,CC-ENGI-192,F-NAS-8624,,Internal Allocation,Allocated,"GPU_Hours=7703,CPU_Hours=7945,Storage_TB=23.79,Department=Engineering"
Grant_Usage,Research Grant,G-0024 (NASA),FY2026,Nov,11,2184.03,9091.8,0.0,0.0,0.0,0.0,0.0,55223,CC-ENGI-168,F-NAS-1201,,Internal Allocation,Allocated,"GPU_Hours=2910,CPU_Hours=7833,Storage_TB=17.74,Department=Engineering"
Grant_Usage,Research Grant,G-0025 (ONR),FY2026,Sep,9,11488.2,6945.6,0.0,0.0,0.0,0.0,0.0,58899,CC-MEDI-120,F-ONR-5472,,Internal Allocation,Allocated,"GPU_Hours=2150,CPU_Hours=13048,Storage_TB=18.18,Department=Medical Research"
Grant_Usage,Research Grant,G-0026 (AFOSR),FY2026,Jun,6,5319.98,9106.65,0.0,0.0,0.0,0.0,0.0,53114,CC-MATH-126,F-AFO-5703,,Internal Allocation,Allocated,"GPU_Hours=3192,CPU_Hours=8504,Storage_TB=0.21,Department=Mathematics"
Grant_Usage,Research Grant,G-0027 (NSF),FY2026,Apr,4,10914.11,17174.85,0.0,0.0,0.0,0.0,0.0,53461,CC-MEDI-135,F-NSF-4135,,Internal Allocation,Allocated,"GPU_Hours=5653,CPU_Hours=1973,Storage_TB=23.64,Department=Medical Research"
Grant_Usage,Research Grant,G-0028 (NSF),FY2026,Jan,1,3098.14,18086.1,0.0,0.0,0.0,0.0,0.0,53214,CC-COMP-165,F-NSF-8368,,Internal Allocation,Allocated,"GPU_Hours=6055,CPU_Hours=1693,Storage_TB=18.43,Department=Computer Science"
Grant_Usage,Research Grant,G-0028 (NSF),FY2026,Nov,11,3098.14,16216.05,0.0,0.0,0.0,0.0,0.0,58510,CC-COMP-176,F-NSF-9128,,Internal Allocation,Allocated,"GPU_Hours=5408,CPU_Hours=6521,Storage_TB=17.85,Department=Computer Science"
Grant_Usage,Research Grant,G-0029 (ONR),FY2026,Aug,8,30603.95,18320.25,0.0,0.0,0.0,0.0,0.0,50648,CC-BIOL-152,F-ONR-1562,,Internal Allocation,Allocated,"GPU_Hours=6389,CPU_Hours=4035,Storage_TB=2.48,Department=Biology"
Grant_Usage,Research Grant,G-0030 (NASA),FY2026,May,5,9500.88,3956.25,0.0,0.0,0.0,0.0,0.0,55227,CC-MEDI-154,F-NAS-8999,,Internal Allocation,Allocated,"GPU_Hours=1094,CPU_Hours=10888,Storage_TB=18.63,Department=Medical Research"
Grant_Usage,Research Grant,G-0031 (AFOSR),FY2026,Mar,3,15947.27,13575.15,0.0,0.0,0.0,0.0,0.0,57321,CC-MEDI-192,F-AFO-2846,,Internal Allocation,Allocated,"GPU_Hours=4434,CPU_Hours=14615,Storage_TB=20.85,Department=Medical Research"
Grant_Usage,Research Grant,G-0031 (AFOSR),FY2026,Dec,12,15947.27,15422.1,0.0,0.0,0.0,0.0,0.0,51884,CC-MEDI-173,F-AFO-4216,,Internal Allocation,Allocated,"GPU_Hours=5260,CPU_Hours=7018,Storage_TB=9.58,Department=Medical Research"
Grant_Usage,Research Grant,G-0032 (AFOSR),FY2026,Oct,10,10337.07,11448.0,0.0,0.0,0.0,0.0,0.0,50267,CC-EART-167,F-AFO-5324,,Internal Allocation,Allocated,"GPU_Hours=3813,CPU_Hours=10503,Storage_TB=12.91,Department=Earth Sciences"
Grant_Usage,Research Grant,G-0033 (DARPA),FY2026,Jul,7,4231.01,4819.95,0.0,0.0,0.0,0.0,0.0,53983,CC-EART-179,F-DAR-2606,,Internal Allocation,Allocated,"GPU_Hours=1551,CPU_Hours=8674,Storage_TB=8.88,Department=Earth Sciences"
Grant_Usage,Research Grant,G-0034 (DOE),FY2026,May,5,4063.0,22758.75,0.0,0.0,0.0,0.0,0.0,57648,CC-MEDI-188,F-DOE-6286,,Internal Allocation,Allocated,"GPU_Hours=7926,CPU_Hours=1774,Storage_TB=3.77,Department=Medical Research"
Grant_Usage,Research Grant,G-0035 (NSF),FY2026,Feb,2,29920.5,2266.95,0.0,0.0,0.0,0.0,0.0,51268,CC-MEDI-175,F-NSF-1734,,Internal Allocation,Allocated,"GPU_Hours=404,CPU_Hours=251,Storage_TB=24.79,Department=Medical Research"
Grant_Usage,Research Grant,G-0035 (NSF),FY2026,Dec,12,29920.5,6931.95,0.0,0.0,0.0,0.0,0.0,53063,CC-MEDI-121,F-NSF-7634,,Internal Allocation,Allocated,"GPU_Hours=2365,CPU_Hours=13578,Storage_TB=4.26,Department=Medical Research"
Grant_Usage,Research Grant,G-0036 (DOE),FY2026,Sep,9,18081.38,14938.65,0.0,0.0,0.0,0.0,0.0,52719,CC-CHEM-187,F-DOE-6451,,Internal Allocation,Allocated,"GPU_Hours=5217,CPU_Hours=10690,Storage_TB=1.56,Department=Chemistry"
Grant_Usage,Research Grant,G-0037 (ONR),FY2026,Jul,7,16418.3,21558.6,0.0,0.0,0.0,0.0,0.0,59239,CC-EART-177,F-ONR-7821,,Internal Allocation,Allocated,"GPU_Hours=7389,CPU_Hours=229,Storage_TB=11.11,Department=Earth Sciences"
Grant_Usage,Research Grant,G-0038 (Private),FY2026,Apr,4,68493.02,2986.05,0.0,0.0,0.0,0.0,0.0,59706,CC-PHYS-133,F-Pri-4912,,Internal Allocation,Allocated,"GPU_Hours=665,CPU_Hours=10366,Storage_TB=24.24,Department=Physics"
Grant_Usage,Research Grant,G-0039 (ONR),FY2026,Feb,2,3678.93,23251.05,0.0,0.0,0.0,0.0,0.0,51645,CC-BIOL-109,F-ONR-3479,,Internal Allocation,Allocated,"GPU_Hours=7788,CPU_Hours=13680,Storage_TB=23.45,Department=Biology"
Grant_Usage,Research Grant,G-0039 (ONR),FY2026,Nov,11,3678.93,14074.05,0.0,0.0,0.0,0.0,0.0,58502,CC-BIOL-113,F-ONR-5605,,Internal Allocation,Allocated,"GPU_Hours=4601,CPU_Hours=9875,Storage_TB=21.36,Department=Biology"
Grant_Usage,Research Grant,G-0040 (Private),FY2026,Sep,9,1149.17,8306.7,0.0,0.0,0.0,0.0,0.0,54559,CC-MATH-123,F-Pri-5061,,Internal Allocation,Allocated,"GPU_Hours=2617,CPU_Hours=10175,Storage_TB=18.85,Department=Mathematics"
Grant_Usage,Research Grant,G-0041 (DOE),FY2026,Jun,6,10299.74,4025.85,0.0,0.0,0.0,0.0,0.0,53761,CC-EART-138,F-DOE-8043,,Internal Allocation,Allocated,"GPU_Hours=1264,CPU_Hours=14269,Storage_TB=9.41,Department=Earth Sciences"
Grant_Usage,Research Grant,G-0042 (DOE),FY2026,Apr,4,11293.07,11148.0,0.0,0.0,0.0,0.0,0.0,52721,CC-MEDI-136,F-DOE-4300,,Internal Allocation,Allocated,"GPU_Hours=3859,CPU_Hours=7497,Storage_TB=3.33,Department=Medical Research"
Grant_Usage,Research Grant,G-0043 (ONR),FY2026,Jan,1,15076.65,21025.2,0.0,0.0,0.0,0.0,0.0,51792,CC-PHYS-125,F-ONR-3145,,Internal Allocation,Allocated,"GPU_Hours=7349,CPU_Hours=3212,Storage_TB=1.79,Department=Physics"
Grant_Usage,Research Grant,G-0043 (ONR),FY2026,Nov,11,15076.65,12020.4,0.0,0.0,0.0,0.0,0.0,58495,CC-PHYS-150,F-ONR-2957,,Internal Allocation,Allocated,"GPU_Hours=3984,CPU_Hours=10707,Storage_TB=14.8,Department=Physics"
Grant_Usage,Research Grant,G-0044 (NIH),FY2026,Aug,8,32873.49,14773.95,0.0,0.0,0.0,0.0,0.0,50266,CC-MEDI-194,F-NIH-2518,,Internal Allocation,Allocated,"GPU_Hours=5082,CPU_Hours=10982,Storage_TB=6.45,Department=Medical Research"
Grant_Usage,Research Grant,G-0045 (AFOSR),FY2026,Jun,6,44692.12,19419.6,0.0,0.0,0.0,0.0,0.0,59963,CC-PHYS-170,F-AFO-6878,,Internal Allocation,Allocated,"GPU_Hours=6608,CPU_Hours=13365,Storage_TB=13.04,Department=Physics"
Grant_Usage,Research Grant,G-0046 (DOE),FY2026,Mar,3,18558.72,11690.85,0.0,0.0,0.0,0.0,0.0,59018,CC-ENGI-110,F-DOE-8731,,Internal Allocation,Allocated,"GPU_Hours=3914,CPU_Hours=9838,Storage_TB=11.91,Department=Engineering"
Grant_Usage,Research Grant,G-0047 (ONR),FY2026,Jan,1,1346.84,9598.95,0.0,0.0,0.0,0.0,0.0,58143,CC-ENGI-185,F-ONR-9703,,Internal Allocation,Allocated,"GPU_Hours=3312,CPU_Hours=10465,Storage_TB=3.55,Department=Engineering"
Grant_Usage,Research Grant,G-0047 (ONR),FY2026,Oct,10,1346.84,10237.35,0.0,0.0,0.0,0.0,0.0,50166,CC-ENGI-122,F-ONR-5520,,Internal Allocation,Allocated,"GPU_Hours=3536,CPU_Hours=5226,Storage_TB=3.55,Department=Engineering"
Grant_Usage,Research Grant,G-0048 (Private),FY2026,Jul,7,81613.1,13781.4,0.0,0.0,0.0,0.0,0.0,50911,CC-BIOL-167,F-Pri-5515,,Internal Allocation,Allocated,"GPU_Hours=4465,CPU_Hours=2330,Storage_TB=23.47,Department=Biology"
Grant_Usage,Research Grant,G-0049 (NASA),FY2026,May,5,2443.53,9110.4,0.0,0.0,0.0,0.0,0.0,52848,CC-ENGI-155,F-NAS-8299,,Internal Allocation,Allocated,"GPU_Hours=2908,CPU_Hours=6191,Storage_TB=18.28,Department=Engineering"
Grant_Usage,Research Grant,G-0050 (NASA),FY2026,Feb,2,2968.13,4415.4,0.0,0.0,0.0,0.0,0.0,55890,CC-ENGI-147,F-NAS-7413,,Internal Allocation,Allocated,"GPU_Hours=1470,CPU_Hours=3922,Storage_TB=5.02,Department=Engineering"
Grant_Usage,Research Grant,G-0050 (NASA),FY2026,Dec,12,2968.13,3918.75,0.0,0.0,0.0,0.0,0.0,58896,CC-ENGI-154,F-NAS-5737,,Internal Allocation,Allocated,"GPU_Hours=1144,CPU_Hours=982,Storage_TB=14.63,Department=Engineering"
Grant_Usage,Research Grant,G-0051 (DARPA),FY2026,Sep,9,14299.49,3545.4,0.0,0.0,0.0,0.0,0.0,55522,CC-MEDI-118,F-DAR-9838,,Internal Allocation,Allocated,"GPU_Hours=1097,CPU_Hours=7379,Storage_TB=9.31,Department=Medical Research"
Grant_Usage,Research Grant,G-0052 (Private),FY2026,Jul,7,8286.62,9126.75,0.0,0.0,0.0,0.0,0.0,51172,CC-ENGI-129,F-Pri-1450,,Internal Allocation,Allocated,"GPU_Hours=2996,CPU_Hours=5168,Storage_TB=13.07,Department=Engineering"
Grant_Usage,Research Grant,G-0053 (Private),FY2026,Apr,4,24280.26,14727.9,0.0,0.0,0.0,0.0,0.0,55475,CC-EART-155,F-Pri-4436,,Internal Allocation,Allocated,"GPU_Hours=4967,CPU_Hours=6580,Storage_TB=12.71,Department=Earth Sciences"
Grant_Usage,Research Grant,G-0054 (DOE),FY2026,Feb,2,7211.73,20185.2,0.0,0.0,0.0,0.0,0.0,52509,CC-ENGI-180,F-DOE-3491,,Internal Allocation,Allocated,"GPU_Hours=7077,CPU_Hours=5112,Storage_TB=0.35,Department=Engineering"
Grant_Usage,Research Grant,G-0054 (DOE),FY2026,Nov,11,7211.73,12436.5,0.0,0.0,0.0,0.0,0.0,55532,CC-ENGI-195,F-DOE-8425,,Internal Allocation,Allocated,"GPU_Hours=4052,CPU_Hours=12488,Storage_TB=19.74,Department=Engineering"
Grant_Usage,Research Grant,G-0055 (AFOSR),FY2026,Sep,9,1164.03,2387.4,0.0,0.0,0.0,0.0,0.0,55037,CC-EART-125,F-AFO-4217,,Internal Allocation,Allocated,"GPU_Hours=517,CPU_Hours=8840,Storage_TB=20.31,Department=Earth Sciences"
Grant_Usage,Research Grant,G-0056 (DARPA),FY2026,Jun,6,45016.38,22426.65,0.0,0.0,0.0,0.0,0.0,55769,CC-MATH-151,F-DAR-6522,,Internal Allocation,Allocated,"GPU_Hours=7569,CPU_Hours=5363,Storage_TB=19.0,Department=Mathematics"
Grant_Usage,Research Grant,G-0057 (Private),FY2026,Apr,4,66337.7,15863.7,0.0,0.0,0.0,0.0,0.0,51179,CC-MEDI-180,F-Pri-5253,,Internal Allocation,Allocated,"GPU_Hours=5348,CPU_Hours=14083,Storage_TB=13.82,Department=Medical Research"
Grant_Usage,Research Grant,G-0058 (Private),FY2026,Jan,1,1899.09,19920.0,0.0,0.0,0.0,0.0,0.0,50137,CC-EART-132,F-Pri-2168,,Internal Allocation,Allocated,"GPU_Hours=6857,CPU_Hours=13884,Storage_TB=8.39,Department=Earth Sciences"
Grant_Usage,Research Grant,G-0058 (Private),FY2026,Nov,11,1899.09,13688.4,0.0,0.0,0.0,0.0,0.0,55416,CC-EART-135,F-Pri-7941,,Internal Allocation,Allocated,"GPU_Hours=4745,CPU_Hours=8715,Storage_TB=3.67,Department=Earth Sciences"
Grant_Usage,Research Grant,G-0059 (NASA),FY2026,Aug,8,4730.34,4052.1,0.0,0.0,0.0,0.0,0.0,58276,CC-PHYS-191,F-NAS-7863,,Internal Allocation,Allocated,"GPU_Hours=1100,CPU_Hours=12862,Storage_TB=20.38,Department=Physics"
Grant_Usage,Research Grant,G-0060 (Private),FY2026,Jun,6,2572.7,3231.6,0.0,0.0,0.0,0.0,0.0,59154,CC-BIOL-152,F-Pri-3655,,Internal Allocation,Allocated,"GPU_Hours=742,CPU_Hours=6838,Storage_TB=24.82,Department=Biology"
Grant_Usage,Research Grant,G-0061 (AFOSR),FY2026,Mar,3,7111.17,19323.9,0.0,0.0,0.0,0.0,0.0,55594,CC-COMP-110,F-AFO-2298,,Internal Allocation,Allocated,"GPU_Hours=6687,CPU_Hours=12780,Storage_TB=5.91,Department=Computer Science"
Grant_Usage,Research Grant,G-0062 (Private),FY2026,Jan,1,3212.82,18565.95,0.0,0.0,0.0,0.0,0.0,58318,CC-BIOL-181,F-Pri-4526,,Internal Allocation,Allocated,"GPU_Hours=6278,CPU_Hours=3171,Storage_TB=14.97,Department=Biology"
Grant_Usage,Research Grant,G-0062 (Private),FY2026,Oct,10,3212.82,9873.75,0.0,0.0,0.0,0.0,0.0,52204,CC-BIOL-146,F-Pri-3220,,Internal Allocation,Allocated,"GPU_Hours=3329,CPU_Hours=5543,Storage_TB=8.58,Department=Biology"
Grant_Usage,Research Grant,G-0063 (NSF),FY2026,Aug,8,1105.68,12684.45,0.0,0.0,0.0,0.0,0.0,58041,CC-COMP-164,F-NSF-8043,,Internal Allocation,Allocated,"GPU_Hours=4322,CPU_Hours=409,Storage_TB=8.15,Department=Computer Science"
Grant_Usage,Research Grant,G-0064 (Private),FY2026,May,5,6626.94,4597.2,0.0,0.0,0.0,0.0,0.0,54497,CC-MEDI-169,F-Pri-8593,,Internal Allocation,Allocated,"GPU_Hours=1383,CPU_Hours=5643,Storage_TB=14.57,Department=Medical Research"
Grant_Usage,Research Grant,G-0065 (DARPA),FY2026,Feb,2,12407.91,21075.0,0.0,0.0,0.0,0.0,0.0,59316,CC-CHEM-195,F-DAR-8882,,Internal Allocation,Allocated,"GPU_Hours=7072,CPU_Hours=10653,Storage_TB=20.44,Department=Chemistry"
Grant_Usage,Research Grant,G-0065 (DARPA),FY2026,Dec,12,12407.91,19009.35,0.0,0.0,0.0,0.0,0.0,52797,CC-CHEM-197,F-DAR-2620,,Internal Allocation,Allocated,"GPU_Hours=6387,CPU_Hours=11708,Storage_TB=17.92,Department=Chemistry"
Grant_Usage,Research Grant,G-0066 (Private),FY2026,Sep,9,9982.71,14224.2,0.0,0.0,0.0,0.0,0.0,54219,CC-MATH-169,F-Pri-1489,,Internal Allocation,Allocated,"GPU_Hours=4978,CPU_Hours=12980,Storage_TB=0.82,Department=Mathematics"
Grant_Usage,Research Grant,G-0067 (DARPA),FY2026,Jul,7,21583.18,23029.2,0.0,0.0,0.0,0.0,0.0,57818,CC-BIOL-143,F-DAR-1129,,Internal Allocation,Allocated,"GPU_Hours=7989,CPU_Hours=13836,Storage_TB=5.79,Department=Biology"
Grant_Usage,Research Grant,G-0068 (ONR),FY2026,Apr,4,38231.98,17073.6,0.0,0.0,0.0,0.0,0.0,59206,CC-BIOL-190,F-ONR-1189,,Internal Allocation,Allocated,"GPU_Hours=5947,CPU_Hours=8594,Storage_TB=2.77,Department=Biology"
Grant_Usage,Research Grant,G-0069 (Private),FY2026,Feb,2,5177.74,8864.25,0.0,0.0,0.0,0.0,0.0,56982,CC-MEDI-142,F-Pri-6942,,Internal Allocation,Allocated,"GPU_Hours=3007,CPU_Hours=12059,Storage_TB=6.54,Department=Medical Research"
Grant_Usage,Research Grant,G-0069 (Private),FY2026,Nov,11,5177.74,12149.85,0.0,0.0,0.0,0.0,0.0,55743,CC-MEDI-117,F-Pri-7836,,Internal Allocation,Allocated,"GPU_Hours=3962,CPU_Hours=13948,Storage_TB=19.07,Department=Medical Research"
Grant_Usage,Research Grant,G-0070 (DOE),FY2026,Sep,9,53805.29,7331.7,0.0,0.0,0.0,0.0,0.0,59961,CC-CHEM-100,F-DOE-8320,,Internal Allocation,Allocated,"GPU_Hours=2543,CPU_Hours=9985,Storage_TB=1.87,Department=Chemistry"
Grant_Usage,Research Grant,G-0071 (AFOSR),FY2026,Jun,6,12763.21,16126.5,0.0,0.0,0.0,0.0,0.0,51802,CC-MEDI-145,F-AFO-9798,,Internal Allocation,Allocated,"GPU_Hours=5414,CPU_Hours=1242,Storage_TB=15.48,Department=Medical Research"
Grant_Usage,Research Grant,G-0072 (DARPA),FY2026,Apr,4,81479.44,13324.35,0.0,0.0,0.0,0.0,0.0,52566,CC-CHEM-105,F-DAR-4379,,Internal Allocation,Allocated,"GPU_Hours=4616,CPU_Hours=3814,Storage_TB=3.75,Department=Chemistry"
Grant_Usage,Research Grant,G-0073 (Private),FY2026,Jan,1,4208.26,16779.6,0.0,0.0,0.0,0.0,0.0,54907,CC-COMP-170,F-Pri-9423,,Internal Allocation,Allocated,"GPU_Hours=5517,CPU_Hours=4471,Storage_TB=23.47,Department=Computer Science"
Grant_Usage,Research Grant,G-0073 (Private),FY2026,Nov,11,4208.26,19393.35,0.0,0.0,0.0,0.0,0.0,54257,CC-COMP-106,F-Pri-9497,,Internal Allocation,Allocated,"GPU_Hours=6694,CPU_Hours=3654,Storage_TB=7.01,Department=Computer Science"
Grant_Usage,Research Grant,G-0074 (DOE),FY2026,Aug,8,60429.45,10719.15,0.0,0.0,0.0,0.0,0.0,50186,CC-BIOL-113,F-DOE-1362,,Internal Allocation,Allocated,"GPU_Hours=3607,CPU_Hours=3783,Storage_TB=9.76,Department=Biology"
Grant_Usage,Research Grant,G-0075 (DARPA),FY2026,Jun,6,4675.53,9623.4,0.0,0.0,0.0,0.0,0.0,52809,CC-CHEM-189,F-DAR-2146,,Internal Allocation,Allocated,"GPU_Hours=3040,CPU_Hours=14867,Storage_TB=21.32,Department=Chemistry"
Grant_Usage,Research Grant,G-0076 (NSF),FY2026,Mar,3,7644.19,7833.9,0.0,0.0,0.0,0.0,0.0,57838,CC-MEDI-111,F-NSF-9473,,Internal Allocation,Allocated,"GPU_Hours=2456,CPU_Hours=1811,Storage_TB=18.54,Department=Medical Research"
Grant_Usage,Research Grant,G-0077 (NASA),FY2026,Jan,1,8985.4,14876.1,0.0,0.0,0.0,0.0,0.0,54664,CC-BIOL-196,F-NAS-5443,,Internal Allocation,Allocated,"GPU_Hours=5133,CPU_Hours=3577,Storage_TB=5.49,Department=Biology"
Grant_Usage,Research Grant,G-0077 (NASA),FY2026,Oct,10,8985.4,20863.5,0.0,0.0,0.0,0.0,0.0,59246,CC-BIOL-159,F-NAS-1517,,Internal Allocation,Allocated,"GPU_Hours=6985,CPU_Hours=3442,Storage_TB=21.25,Department=Biology"
Grant_Usage,Research Grant,G-0078 (DARPA),FY2026,Aug,8,28685.26,5914.95,0.0,0.0,0.0,0.0,0.0,51069,CC-MEDI-113,F-DAR-8913,,Internal Allocation,Allocated,"GPU_Hours=1936,CPU_Hours=10434,Storage_TB=8.83,Department=Medical Research"
Grant_Usage,Research Grant,G-0079 (NASA),FY2026,May,5,13843.92,1995.45,0.0,0.0,0.0,0.0,0.0,55248,CC-MATH-191,F-NAS-6027,,Internal Allocation,Allocated,"GPU_Hours=568,CPU_Hours=6192,Storage_TB=8.37,Department=Mathematics"
Grant_Usage,Research Grant,G-0080 (NASA),FY2026,Mar,3,3846.33,22089.45,0.0,0.0,0.0,0.0,0.0,51583,CC-MEDI-156,F-NAS-5943,,Internal Allocation,Allocated,"GPU_Hours=7367,CPU_Hours=3032,Storage_TB=24.3,Department=Medical Research"
Grant_Usage,Research Grant,G-0080 (NASA),FY2026,Dec,12,3846.33,4995.45,0.0,0.0,0.0,0.0,0.0,51784,CC-MEDI-157,F-NAS-9912,,Internal Allocation,Allocated,"GPU_Hours=1392,CPU_Hours=13044,Storage_TB=22.85,Department=Medical Research"
Grant_Usage,Research Grant,G-0081 (AFOSR),FY2026,Sep,9,15284.96,5809.5,0.0,0.0,0.0,0.0,0.0,56510,CC-ENGI-166,F-AFO-7621,,Internal Allocation,Allocated,"GPU_Hours=1977,CPU_Hours=4567,Storage_TB=3.89,Department=Engineering"
Grant_Usage,Research Grant,G-0082 (NIH),FY2026,Jul,7,53500.38,21307.65,0.0,0.0,0.0,0.0,0.0,57062,CC-PHYS-194,F-NIH-8346,,Internal Allocation,Allocated,"GPU_Hours=7369,CPU_Hours=8578,Storage_TB=6.8,Department=Physics"
Grant_Usage,Research Grant,G-0083 (Private),FY2026,Apr,4,9574.01,8272.95,0.0,0.0,0.0,0.0,0.0,59052,CC-MATH-179,F-Pri-8899,,Internal Allocation,Allocated,"GPU_Hours=2683,CPU_Hours=5259,Storage_TB=13.92,Department=Mathematics"
Grant_Usage,Research Grant,G-0084 (ONR),FY2026,Feb,2,4712.81,16597.65,0.0,0.0,0.0,0.0,0.0,55547,CC-PHYS-178,F-ONR-9725,,Internal Allocation,Allocated,"GPU_Hours=5465,CPU_Hours=6748,Storage_TB=22.72,Department=Physics"
Grant_Usage,Research Grant,G-0084 (ONR),FY2026,Nov,11,4712.81,10849.35,0.0,0.0,0.0,0.0,0.0,56288,CC-PHYS-116,F-ONR-1917,,Internal Allocation,Allocated,"GPU_Hours=3701,CPU_Hours=9644,Storage_TB=6.7,Department=Physics"
Grant_Usage,Research Grant,G-0085 (AFOSR),FY2026,Sep,9,10861.0,10567.2,0.0,0.0,0.0,0.0,0.0,59085,CC-ENGI-113,F-AFO-7303,,Internal Allocation,Allocated,"GPU_Hours=3560,CPU_Hours=4687,Storage_TB=9.36,Department=Engineering"
Grant_Usage,Research Grant,G-0086 (NSF),FY2026,Jun,6,68575.09,5486.85,0.0,0.0,0.0,0.0,0.0,59975,CC-CHEM-156,F-NSF-3429,,Internal Allocation,Allocated,"GPU_Hours=1869,CPU_Hours=13863,Storage_TB=3.56,Department=Chemistry"
Grant_Usage,Research Grant,G-0087 (ONR),FY2026,Apr,4,715.44,19903.2,0.0,0.0,0.0,0.0,0.0,58496,CC-MEDI-177,F-ONR-7832,,Internal Allocation,Allocated,"GPU_Hours=6661,CPU_Hours=5036,Storage_TB=20.43,Department=Medical Research"
Grant_Usage,Research Grant,G-0088 (NSF),FY2026,Jan,1,35901.87,18673.5,0.0,0.0,0.0,0.0,0.0,54800,CC-EART-126,F-NSF-4917,,Internal Allocation,Allocated,"GPU_Hours=6341,CPU_Hours=14549,Storage_TB=13.37,Department=Earth Sciences"
Grant_Usage,Research Grant,G-0088 (NSF),FY2026,Nov,11,35901.87,3349.8,0.0,0.0,0.0,0.0,0.0,58573,CC-EART-192,F-NSF-9228,,Internal Allocation,Allocated,"GPU_Hours=900,CPU_Hours=11306,Storage_TB=17.44,Department=Earth Sciences"
Grant_Usage,Research Grant,G-0089 (NIH),FY2026,Aug,8,7326.48,21382.2,0.0,0.0,0.0,0.0,0.0,55974,CC-ENGI-125,F-NIH-3105,,Internal Allocation,Allocated,"GPU_Hours=7260,CPU_Hours=1681,Storage_TB=15.36,Department=Engineering"
Grant_Usage,Research Grant,G-0090 (NASA),FY2026,Jun,6,9482.56,9335.25,0.0,0.0,0.0,0.0,0.0,58214,CC-COMP-168,F-NAS-9829,,Internal Allocation,Allocated,"GPU_Hours=3063,CPU_Hours=11779,Storage_TB=13.46,Department=Computer Science"
Grant_Usage,Research Grant,G-0091 (NSF),FY2026,Mar,3,21217.56,22294.5,0.0,0.0,0.0,0.0,0.0,59643,CC-EART-190,F-NSF-3059,,Internal Allocation,Allocated,"GPU_Hours=7618,CPU_Hours=11262,Storage_TB=12.96,Department=Earth Sciences"
Grant_Usage,Research Grant,G-0092 (NASA),FY2026,Jan,1,2993.28,7421.55,0.0,0.0,0.0,0.0,0.0,56984,CC-MATH-136,F-NAS-4109,,Internal Allocation,Allocated,"GPU_Hours=2539,CPU_Hours=6663,Storage_TB=4.12,Department=Mathematics"
Grant_Usage,Research Grant,G-0092 (NASA),FY2026,Oct,10,2993.28,13113.75,0.0,0.0,0.0,0.0,0.0,51462,CC-MATH-150,F-NAS-8701,,Internal Allocation,Allocated,"GPU_Hours=4424,CPU_Hours=1295,Storage_TB=11.23,Department=Mathematics"
Grant_Usage,Research Grant,G-0093 (AFOSR),FY2026,Aug,8,15566.7,12093.75,0.0,0.0,0.0,0.0,0.0,59494,CC-EART-155,F-AFO-5592,,Internal Allocation,Allocated,"GPU_Hours=4221,CPU_Hours=11953,Storage_TB=1.42,Department=Earth Sciences"
Grant_Usage,Research Grant,G-0094 (DARPA),FY2026,May,5,33618.53,3215.4,0.0,0.0,0.0,0.0,0.0,51793,CC-COMP-165,F-DAR-5272,,Internal Allocation,Allocated,"GPU_Hours=955,CPU_Hours=1019,Storage_TB=10.97,Department=Computer Science"
Grant_Usage,Research Grant,G-0095 (NIH),FY2026,Mar,3,1674.02,1491.3,0.0,0.0,0.0,0.0,0.0,55410,CC-COMP-164,F-NIH-2479,,Internal Allocation,Allocated,"GPU_Hours=186,CPU_Hours=4371,Storage_TB=21.36,Department=Computer Science"
Grant_Usage,Research Grant,G-0095 (NIH),FY2026,Dec,12,1674.02,10093.95,0.0,0.0,0.0,0.0,0.0,54040,CC-COMP-130,F-NIH-6791,,Internal Allocation,Allocated,"GPU_Hours=3396,CPU_Hours=11655,Storage_TB=9.23,Department=Computer Science"
Grant_Usage,Research Grant,G-0096 (AFOSR),FY2026,Oct,10,2095.92,21762.0,0.0,0.0,0.0,0.0,0.0,53708,CC-COMP-114,F-AFO-6772,,Internal Allocation,Allocated,"GPU_Hours=7242,CPU_Hours=2556,Storage_TB=24.94,Department=Computer Science"
Grant_Usage,Research Grant,G-0097 (DOE),FY2026,Jul,7,2966.78,19640.4,0.0,0.0,0.0,0.0,0.0,51164,CC-MEDI-128,F-DOE-9309,,Internal Allocation,Allocated,"GPU_Hours=6586,CPU_Hours=10117,Storage_TB=19.34,Department=Medical Research"
Grant_Usage,Research Grant,G-0098 (AFOSR),FY2026,May,5,31244.67,17459.55,0.0,0.0,0.0,0.0,0.0,53080,CC-BIOL-116,F-AFO-9171,,Internal Allocation,Allocated,"GPU_Hours=5901,CPU_Hours=14265,Storage_TB=14.26,Department=Biology"
Grant_Usage,Research Grant,G-0099 (AFOSR),FY2026,Feb,2,5698.65,5174.1,0.0,0.0,0.0,0.0,0.0,53412,CC-BIOL-152,F-AFO-5322,,Internal Allocation,Allocated,"GPU_Hours=1533,CPU_Hours=13417,Storage_TB=17.89,Department=Biology"
Grant_Usage,Research Grant,G-0099 (AFOSR),FY2026,Nov,11,5698.65,5938.35,0.0,0.0,0.0,0.0,0.0,53991,CC-BIOL-154,F-AFO-5984,,Internal Allocation,Allocated,"GPU_Hours=1756,CPU_Hours=2509,Storage_TB=20.75,Department=Biology"
Grant_Usage,Research Grant,G-0100 (NSF),FY2026,Sep,9,2714.03,3769.2,0.0,0.0,0.0,0.0,0.0,50109,CC-COMP-171,F-NSF-7091,,Internal Allocation,Allocated,"GPU_Hours=1071,CPU_Hours=4758,Storage_TB=15.93,Department=Computer Science"
Grant_Usage,Research Grant,G-0101 (ONR),FY2026,Jun,6,1133.73,22055.4,0.0,0.0,0.0,0.0,0.0,53261,CC-PHYS-103,F-ONR-6820,,Internal Allocation,Allocated,"GPU_Hours=7701,CPU_Hours=4237,Storage_TB=2.39,Department=Physics"
Grant_Usage,Research Grant,G-0102 (Private),FY2026,Apr,4,26422.95,12013.2,0.0,0.0,0.0,0.0,0.0,58528,CC-MEDI-184,F-Pri-7331,,Internal Allocation,Allocated,"GPU_Hours=4146,CPU_Hours=3271,Storage_TB=4.38,Department=Medical Research"
Grant_Usage,Research Grant,G-0103 (NASA),FY2026,Jan,1,24389.97,13499.25,0.0,0.0,0.0,0.0,0.0,52950,CC-MATH-171,F-NAS-5888,,Internal Allocation,Allocated,"GPU_Hours=4420,CPU_Hours=2253,Storage_TB=20.05,Department=Mathematics"
Grant_Usage,Research Grant,G-0103 (NASA),FY2026,Nov,11,24389.97,23065.35,0.0,0.0,0.0,0.0,0.0,50820,CC-MATH-182,F-NAS-8075,,Internal Allocation,Allocated,"GPU_Hours=7963,CPU_Hours=8129,Storage_TB=8.24,Department=Mathematics"
Grant_Usage,Research Grant,G-0104 (DOE),FY2026,Aug,8,15479.99,17124.9,0.0,0.0,0.0,0.0,0.0,56358,CC-MATH-152,F-DOE-9681,,Internal Allocation,Allocated,"GPU_Hours=5644,CPU_Hours=10468,Storage_TB=23.1,Department=Mathematics"
Grant_Usage,Research Grant,G-0105 (DOE),FY2026,Jun,6,9653.96,4167.3,0.0,0.0,0.0,0.0,0.0,56684,CC-ENGI-163,F-DOE-7516,,Internal Allocation,Allocated,"GPU_Hours=1187,CPU_Hours=4971,Storage_TB=17.43,Department=Engineering"
Grant_Usage,Research Grant,G-0106 (DOE),FY2026,Mar,3,1402.46,5439.3,0.0,0.0,0.0,0.0,0.0,59225,CC-MEDI-148,F-DOE-7376,,Internal Allocation,Allocated,"GPU_Hours=1828,CPU_Hours=7751,Storage_TB=5.1,Department=Medical Research"
Grant_Usage,Research Grant,G-0107 (AFOSR),FY2026,Jan,1,2565.92,8344.65,0.0,0.0,0.0,0.0,0.0,57998,CC-BIOL-187,F-AFO-1728,,Internal Allocation,Allocated,"GPU_Hours=2888,CPU_Hours=3061,Storage_TB=2.53,Department=Biology"
Grant_Usage,Research Grant,G-0107 (AFOSR),FY2026,Oct,10,2565.92,2820.9,0.0,0.0,0.0,0.0,0.0,59951,CC-BIOL-168,F-AFO-1786,,Internal Allocation,Allocated,"GPU_Hours=602,CPU_Hours=8636,Storage_TB=24.56,Department=Biology"
Grant_Usage,Research Grant,G-0108 (NSF),FY2026,Aug,8,7151.83,637.2,0.0,0.0,0.0,0.0,0.0,59351,CC-PHYS-119,F-NSF-4332,,Internal Allocation,Allocated,"GPU_Hours=57,CPU_Hours=7883,Storage_TB=10.55,Department=Physics"
Grant_Usage,Research Grant,G-0109 (NASA),FY2026,May,5,31733.76,1509.6,0.0,0.0,0.0,0.0,0.0,54709,CC-PHYS-131,F-NAS-7798,,Internal Allocation,Allocated,"GPU_Hours=224,CPU_Hours=14808,Storage_TB=19.36,Department=Physics"
Grant_Usage,Research Grant,G-0110 (DOE),FY2026,Mar,3,4388.73,4827.6,0.0,0.0,0.0,0.0,0.0,54770,CC-PHYS-110,F-DOE-7908,,Internal Allocation,Allocated,"GPU_Hours=1647,CPU_Hours=13834,Storage_TB=2.97,Department=Physics"
Grant_Usage,Research Grant,G-0110 (DOE),FY2026,Dec,12,4388.73,1944.15,0.0,0.0,0.0,0.0,0.0,57802,CC-PHYS-125,F-DOE-4486,,Internal Allocation,Allocated,"GPU_Hours=628,CPU_Hours=6963,Storage_TB=3.43,Department=Physics"
Grant_Usage,Research Grant,G-0111 (NIH),FY2026,Oct,10,49703.6,21584.25,0.0,0.0,0.0,0.0,0.0,58260,CC-CHEM-177,F-NIH-9570,,Internal Allocation,Allocated,"GPU_Hours=7422,CPU_Hours=13796,Storage_TB=9.59,Department=Chemistry"
Grant_Usage,Research Grant,G-0112 (ONR),FY2026,Jul,7,12602.19,13448.55,0.0,0.0,0.0,0.0,0.0,50529,CC-ENGI-181,F-ONR-3714,,Internal Allocation,Allocated,"GPU_Hours=4640,CPU_Hours=1553,Storage_TB=4.99,Department=Engineering"
Grant_Usage,Research Grant,G-0113 (AFOSR),FY2026,May,5,2864.4,7001.4,0.0,0.0,0.0,0.0,0.0,58319,CC-CHEM-170,F-AFO-1812,,Internal Allocation,Allocated,"GPU_Hours=2321,CPU_Hours=884,Storage_TB=8.59,Department=Chemistry"
Grant_Usage,Research Grant,G-0114 (NASA),FY2026,Feb,2,55268.83,5627.7,0.0,0.0,0.0,0.0,0.0,59585,CC-MEDI-100,F-NAS-2272,,Internal Allocation,Allocated,"GPU_Hours=1683,CPU_Hours=7324,Storage_TB=18.47,Department=Medical Research"
Grant_Usage,Research Grant,G-0114 (NASA),FY2026,Dec,12,55268.83,6858.75,0.0,0.0,0.0,0.0,0.0,58184,CC-MEDI-112,F-NAS-6425,,Internal Allocation,Allocated,"GPU_Hours=2369,CPU_Hours=4932,Storage_TB=2.38,Department=Medical Research"
Grant_Usage,Research Grant,G-0115 (Private),FY2026,Sep,9,59470.17,15449.7,0.0,0.0,0.0,0.0,0.0,57790,CC-ENGI-193,F-Pri-9761,,Internal Allocation,Allocated,"GPU_Hours=5171,CPU_Hours=7225,Storage_TB=15.83,Department=Engineering"
Grant_Usage,Research Grant,G-0116 (DARPA),FY2026,Jun,6,3563.18,18994.05,0.0,0.0,0.0,0.0,0.0,54287,CC-EART-163,F-DAR-6947,,Internal Allocation,Allocated,"GPU_Hours=6291,CPU_Hours=13826,Storage_TB=23.66,Department=Earth Sciences"
Grant_Usage,Research Grant,G-0117 (DOE),FY2026,Apr,4,8256.3,9987.6,0.0,0.0,0.0,0.0,0.0,52278,CC-PHYS-154,F-DOE-8324,,Internal Allocation,Allocated,"GPU_Hours=3485,CPU_Hours=6428,Storage_TB=1.23,Department=Physics"
Grant_Usage,Research Grant,G-0118 (ONR),FY2026,Jan,1,9912.94,8790.9,0.0,0.0,0.0,0.0,0.0,52997,CC-MATH-165,F-ONR-6251,,Internal Allocation,Allocated,"GPU_Hours=2956,CPU_Hours=12460,Storage_TB=8.14,Department=Mathematics"
Grant_Usage,Research Grant,G-0118 (ONR),FY2026,Nov,11,9912.94,14802.75,0.0,0.0,0.0,0.0,0.0,55894,CC-MATH-164,F-ONR-5746,,Internal Allocation,Allocated,"GPU_Hours=5082,CPU_Hours=7639,Storage_TB=7.09,Department=Mathematics"
Grant_Usage,Research Grant,G-0119 (ONR),FY2026,Aug,8,60508.17,11200.35,0.0,0.0,0.0,0.0,0.0,56416,CC-COMP-161,F-ONR-2190,,Internal Allocation,Allocated,"GPU_Hours=3617,CPU_Hours=7736,Storage_TB=19.82,Department=Computer Science"
Grant_Usage,Research Grant,G-0120 (DOE),FY2026,Jun,6,15729.6,7723.2,0.0,0.0,0.0,0.0,0.0,55852,CC-CHEM-135,F-DOE-9663,,Internal Allocation,Allocated,"GPU_Hours=2348,CPU_Hours=3097,Storage_TB=22.92,Department=Chemistry"
Grant_Usage,Research Grant,G-0121 (Private),FY2026,Mar,3,5270.37,22399.65,0.0,0.0,0.0,0.0,0.0,50677,CC-PHYS-122,F-Pri-9631,,Internal Allocation,Allocated,"GPU_Hours=7548,CPU_Hours=13002,Storage_TB=19.73,Department=Physics"
Grant_Usage,Research Grant,G-0122 (AFOSR),FY2026,Jan,1,1325.29,891.3,0.0,0.0,0.0,0.0,0.0,53769,CC-PHYS-104,F-AFO-6992,,Internal Allocation,Allocated,"GPU_Hours=113,CPU_Hours=10047,Storage_TB=12.65,Department=Physics"
Grant_Usage,Research Grant,G-0122 (AFOSR),FY2026,Oct,10,1325.29,4547.4,0.0,0.0,0.0,0.0,0.0,57256,CC-PHYS-182,F-AFO-7950,,Internal Allocation,Allocated,"GPU_Hours=1378,CPU_Hours=8140,Storage_TB=13.78,Department=Physics"
Grant_Usage,Research Grant,G-0123 (DOE),FY2026,Aug,8,5451.58,10587.0,0.0,0.0,0.0,0.0,0.0,56809,CC-MATH-149,F-DOE-4092,,Internal Allocation,Allocated,"GPU_Hours=3431,CPU_Hours=10917,Storage_TB=17.97,Department=Mathematics"
Grant_Usage,Research Grant,G-0124 (DOE),FY2026,May,5,14753.86,11501.1,0.0,0.0,0.0,0.0,0.0,56648,CC-PHYS-122,F-DOE-8330,,Internal Allocation,Allocated,"GPU_Hours=3918,CPU_Hours=8702,Storage_TB=7.44,Department=Physics"
Grant_Usage,Research Grant,G-0125 (DOE),FY2026,Mar,3,8657.04,17107.05,0.0,0.0,0.0,0.0,0.0,58013,CC-EART-111,F-DOE-2081,,Internal Allocation,Allocated,"GPU_Hours=5753,CPU_Hours=3067,Storage_TB=15.8,Department=Earth Sciences"
Grant_Usage,Research Grant,G-0125 (DOE),FY2026,Dec,12,8657.04,18235.5,0.0,0.0,0.0,0.0,0.0,54278,CC-EART-135,F-DOE-8987,,Internal Allocation,Allocated,"GPU_Hours=6262,CPU_Hours=12936,Storage_TB=8.64,Department=Earth Sciences"
Grant_Usage,Research Grant,G-0126 (ONR),FY2026,Oct,10,2851.19,5350.65,0.0,0.0,0.0,0.0,0.0,59677,CC-COMP-123,F-ONR-1333,,Internal Allocation,Allocated,"GPU_Hours=1633,CPU_Hours=8179,Storage_TB=15.48,Department=Computer Science"
Grant_Usage,Research Grant,G-0127 (ONR),FY2026,Jul,7,38257.48,20142.75,0.0,0.0,0.0,0.0,0.0,52844,CC-PHYS-138,F-ONR-8367,,Internal Allocation,Allocated,"GPU_Hours=6887,CPU_Hours=3091,Storage_TB=11.44,Department=Physics"
Grant_Usage,Research Grant,G-0128 (DARPA),FY2026,May,5,51924.64,8604.45,0.0,0.0,0.0,0.0,0.0,53478,CC-ENGI-119,F-DAR-8302,,Internal Allocation,Allocated,"GPU_Hours=2979,CPU_Hours=1463,Storage_TB=2.54,Department=Engineering"
Grant_Usage,Research Grant,G-0129 (DOE),FY2026,Feb,2,2971.21,9056.55,0.0,0.0,0.0,0.0,0.0,56109,CC-PHYS-187,F-DOE-5495,,Internal Allocation,Allocated,"GPU_Hours=3068,CPU_Hours=12386,Storage_TB=6.95,Department=Physics"
Grant_Usage,Research Grant,G-0129 (DOE),FY2026,Dec,12,2971.21,7498.95,0.0,0.0,0.0,0.0,0.0,57790,CC-PHYS-189,F-DOE-3984,,Internal Allocation,Allocated,"GPU_Hours=2407,CPU_Hours=13538,Storage_TB=14.2,Department=Physics"
Grant_Usage,Research Grant,G-0130 (NASA),FY2026,Sep,9,10438.32,18787.8,0.0,0.0,0.0,0.0,0.0,56153,CC-EART-123,F-NAS-9193,,Internal Allocation,Allocated,"GPU_Hours=6383,CPU_Hours=144,Storage_TB=13.25,Department=Earth Sciences"
Grant_Usage,Research Grant,G-0131 (NSF),FY2026,Jul,7,2137.58,19230.0,0.0,0.0,0.0,0.0,0.0,56969,CC-EART-179,F-NSF-4526,,Internal Allocation,Allocated,"GPU_Hours=6706,CPU_Hours=9534,Storage_TB=2.62,Department=Earth Sciences"
Grant_Usage,Research Grant,G-0132 (NASA),FY2026,Apr,4,7686.89,9195.45,0.0,0.0,0.0,0.0,0.0,59056,CC-ENGI-154,F-NAS-9254,,Internal Allocation,Allocated,"GPU_Hours=2953,CPU_Hours=13784,Storage_TB=17.32,Department=Engineering"
Grant_Usage,Research Grant,G-0133 (AFOSR),FY2026,Jan,1,2493.18,4366.5,0.0,0.0,0.0,0.0,0.0,58951,CC-COMP-167,F-AFO-6829,,Internal Allocation,Allocated,"GPU_Hours=1213,CPU_Hours=978,Storage_TB=20.21,Department=Computer Science"
Grant_Usage,Research Grant,G-0133 (AFOSR),FY2026,Nov,11,2493.18,14568.6,0.0,0.0,0.0,0.0,0.0,59581,CC-COMP-198,F-AFO-8178,,Internal Allocation,Allocated,"GPU_Hours=5024,CPU_Hours=9384,Storage_TB=5.56,Department=Computer Science"
Grant_Usage,Research Grant,G-0134 (NSF),FY2026,Aug,8,7730.38,8248.8,0.0,0.0,0.0,0.0,0.0,54811,CC-EART-179,F-NSF-8733,,Internal Allocation,Allocated,"GPU_Hours=2756,CPU_Hours=4257,Storage_TB=8.76,Department=Earth Sciences"
Grant_Usage,Research Grant,G-0135 (DARPA),FY2026,Jun,6,24852.9,13618.5,0.0,0.0,0.0,0.0,0.0,55620,CC-EART-141,F-DAR-8701,,Internal Allocation,Allocated,"GPU_Hours=4708,CPU_Hours=12562,Storage_TB=4.46,Department=Earth Sciences"
Grant_Usage,Research Grant,G-0136 (AFOSR),FY2026,Mar,3,7657.65,8407.95,0.0,0.0,0.0,0.0,0.0,58319,CC-PHYS-190,F-AFO-1622,,Internal Allocation,Allocated,"GPU_Hours=2824,CPU_Hours=6081,Storage_TB=7.99,Department=Physics"
Grant_Usage,Research Grant,G-0137 (AFOSR),FY2026,Jan,1,3346.48,19609.65,0.0,0.0,0.0,0.0,0.0,53177,CC-COMP-122,F-AFO-5614,,Internal Allocation,Allocated,"GPU_Hours=6501,CPU_Hours=1917,Storage_TB=24.04,Department=Computer Science"
Grant_Usage,Research Grant,G-0137 (AFOSR),FY2026,Oct,10,3346.48,5201.55,0.0,0.0,0.0,0.0,0.0,57709,CC-COMP-105,F-AFO-5646,,Internal Allocation,Allocated,"GPU_Hours=1431,CPU_Hours=7499,Storage_TB=24.96,Department=Computer Science"
Grant_Usage,Research Grant,G-0138 (NSF),FY2026,Aug,8,2362.52,4197.9,0.0,0.0,0.0,0.0,0.0,59913,CC-EART-151,F-NSF-1591,,Internal Allocation,Allocated,"GPU_Hours=1145,CPU_Hours=3448,Storage_TB=20.77,Department=Earth Sciences"
Grant_Usage,Research Grant,G-0139 (NSF),FY2026,May,5,1615.28,1522.05,0.0,0.0,0.0,0.0,0.0,53073,CC-EART-113,F-NSF-3653,,Internal Allocation,Allocated,"GPU_Hours=196,CPU_Hours=6430,Storage_TB=21.41,Department=Earth Sciences"
Grant_Usage,Research Grant,G-0140 (DOE),FY2026,Mar,3,16004.18,4674.75,0.0,0.0,0.0,0.0,0.0,50380,CC-ENGI-192,F-DOE-7674,,Internal Allocation,Allocated,"GPU_Hours=1432,CPU_Hours=1518,Storage_TB=13.19,Department=Engineering"
Grant_Usage,Research Grant,G-0140 (DOE),FY2026,Dec,12,16004.18,18997.95,0.0,0.0,0.0,0.0,0.0,57275,CC-ENGI-106,F-DOE-9283,,Internal Allocation,Allocated,"GPU_Hours=6563,CPU_Hours=1639,Storage_TB=6.52,Department=Engineering"
Grant_Usage,Research Grant,G-0141 (NASA),FY2026,Oct,10,9307.14,5370.9,0.0,0.0,0.0,0.0,0.0,55196,CC-EART-163,F-NAS-7591,,Internal Allocation,Allocated,"GPU_Hours=1531,CPU_Hours=11330,Storage_TB=22.39,Department=Earth Sciences"
Grant_Usage,Research Grant,G-0142 (NSF),FY2026,Jul,7,30276.71,19831.05,0.0,0.0,0.0,0.0,0.0,54428,CC-CHEM-134,F-NSF-9971,,Internal Allocation,Allocated,"GPU_Hours=6909,CPU_Hours=8987,Storage_TB=3.12,Department=Chemistry"
Grant_Usage,Research Grant,G-0143 (NASA),FY2026,May,5,3538.46,14592.0,0.0,0.0,0.0,0.0,0.0,54951,CC-EART-100,F-NAS-2026,,Internal Allocation,Allocated,"GPU_Hours=4757,CPU_Hours=6152,Storage_TB=22.99,Department=Earth Sciences"
Grant_Usage,Research Grant,G-0144 (NSF),FY2026,Feb,2,6735.44,11201.4,0.0,0.0,0.0,0.0,0.0,58313,CC-CHEM-138,F-NSF-9544,,Internal Allocation,Allocated,"GPU_Hours=3858,CPU_Hours=14221,Storage_TB=4.58,Department=Chemistry"
Grant_Usage,Research Grant,G-0144 (NSF),FY2026,Dec,12,6735.44,16386.3,0.0,0.0,0.0,0.0,0.0,58291,CC-CHEM-166,F-NSF-1251,,Internal Allocation,Allocated,"GPU_Hours=5745,CPU_Hours=14548,Storage_TB=0.29,Department=Chemistry"
Grant_Usage,Research Grant,G-0145 (DARPA),FY2026,Sep,9,3732.54,21222.6,0.0,0.0,0.0,0.0,0.0,52125,CC-MATH-145,F-DAR-9747,,Internal Allocation,Allocated,"GPU_Hours=7414,CPU_Hours=8280,Storage_TB=2.06,Department=Mathematics"
Grant_Usage,Research Grant,G-0146 (NSF),FY2026,Jul,7,6779.67,9197.25,0.0,0.0,0.0,0.0,0.0,56378,CC-BIOL-115,F-NSF-8395,,Internal Allocation,Allocated,"GPU_Hours=2989,CPU_Hours=4052,Storage_TB=15.08,Department=Biology"
Grant_Usage,Research Grant,G-0147 (NSF),FY2026,Apr,4,1298.1,21472.5,0.0,0.0,0.0,0.0,0.0,53435,CC-PHYS-163,F-NSF-4657,,Internal Allocation,Allocated,"GPU_Hours=7391,CPU_Hours=10599,Storage_TB=9.07,Department=Physics"
Grant_Usage,Research Grant,G-0148 (Private),FY2026,Feb,2,1652.66,7897.35,0.0,0.0,0.0,0.0,0.0,53877,CC-BIOL-126,F-Pri-1631,,Internal Allocation,Allocated,"GPU_Hours=2636,CPU_Hours=9934,Storage_TB=8.55,Department=Biology"
Grant_Usage,Research Grant,G-0148 (Private),FY2026,Nov,11,1652.66,18611.1,0.0,0.0,0.0,0.0,0.0,54879,CC-BIOL-147,F-Pri-2539,,Internal Allocation,Allocated,"GPU_Hours=6156,CPU_Hours=14441,Storage_TB=23.7,Department=Biology"
Grant_Usage,Research Grant,G-0149 (NIH),FY2026,Sep,9,37642.65,22162.65,0.0,0.0,0.0,0.0,0.0,56809,CC-CHEM-148,F-NIH-5078,,Internal Allocation,Allocated,"GPU_Hours=7456,CPU_Hours=2595,Storage_TB=20.29,Department=Chemistry"
Grant_Usage,Research Grant,G-0150 (DARPA),FY2026,Jun,6,23627.52,17603.4,0.0,0.0,0.0,0.0,0.0,55468,CC-ENGI-177,F-DAR-5235,,Internal Allocation,Allocated,"GPU_Hours=6044,CPU_Hours=10424,Storage_TB=8.4,Department=Engineering"
Grant_Usage,Research Grant,G-0151 (NASA),FY2026,Mar,3,4178.81,22795.95,0.0,0.0,0.0,0.0,0.0,59728,CC-CHEM-158,F-NAS-3097,,Internal Allocation,Allocated,"GPU_Hours=7931,CPU_Hours=10023,Storage_TB=4.28,Department=Chemistry"
Grant_Usage,Research Grant,G-0152 (NIH),FY2026,Jan,1,17616.45,16795.95,0.0,0.0,0.0,0.0,0.0,50070,CC-COMP-180,F-NIH-4353,,Internal Allocation,Allocated,"GPU_Hours=5728,CPU_Hours=3976,Storage_TB=10.47,Department=Computer Science"
Grant_Usage,Research Grant,G-0152 (NIH),FY2026,Oct,10,17616.45,15134.55,0.0,0.0,0.0,0.0,0.0,55657,CC-COMP-140,F-NIH-2125,,Internal Allocation,Allocated,"GPU_Hours=5038,CPU_Hours=11392,Storage_TB=17.25,Department=Computer Science"
Grant_Usage,Research Grant,G-0153 (NIH),FY2026,Aug,8,27755.77,10634.7,0.0,0.0,0.0,0.0,0.0,56735,CC-EART-135,F-NIH-1929,,Internal Allocation,Allocated,"GPU_Hours=3476,CPU_Hours=12910,Storage_TB=16.18,Department=Earth Sciences"
Grant_Usage,Research Grant,G-0154 (Private),FY2026,May,5,7371.52,15036.75,0.0,0.0,0.0,0.0,0.0,57917,CC-PHYS-192,F-Pri-9183,,Internal Allocation,Allocated,"GPU_Hours=5103,CPU_Hours=4180,Storage_TB=10.96,Department=Physics"
Grant_Usage,Research Grant,G-0155 (Private),FY2026,Mar,3,6227.58,5997.45,0.0,0.0,0.0,0.0,0.0,51760,CC-BIOL-170,F-Pri-9558,,Internal Allocation,Allocated,"GPU_Hours=2102,CPU_Hours=5498,Storage_TB=0.15,Department=Biology"
Grant_Usage,Research Grant,G-0155 (Private),FY2026,Dec,12,6227.58,9402.45,0.0,0.0,0.0,0.0,0.0,52742,CC-BIOL-106,F-Pri-8958,,Internal Allocation,Allocated,"GPU_Hours=2947,CPU_Hours=12256,Storage_TB=22.3,Department=Biology"
Grant_Usage,Research Grant,G-0156 (Private),FY2026,Oct,10,1737.22,12031.05,0.0,0.0,0.0,0.0,0.0,57354,CC-MATH-136,F-Pri-2401,,Internal Allocation,Allocated,"GPU_Hours=4004,CPU_Hours=6572,Storage_TB=13.77,Department=Mathematics"
Grant_Usage,Research Grant,G-0157 (Private),FY2026,Jul,7,14400.82,2949.6,0.0,0.0,0.0,0.0,0.0,57218,CC-BIOL-164,F-Pri-1257,,Internal Allocation,Allocated,"GPU_Hours=1019,CPU_Hours=5470,Storage_TB=1.01,Department=Biology"
Grant_Usage,Research Grant,G-0158 (ONR),FY2026,May,5,3033.94,22659.0,0.0,0.0,0.0,0.0,0.0,53344,CC-MEDI-143,F-ONR-9936,,Internal Allocation,Allocated,"GPU_Hours=7828,CPU_Hours=4241,Storage_TB=7.76,Department=Medical Research"
Grant_Usage,Research Grant,G-0159 (ONR),FY2026,Feb,2,7023.17,11366.4,0.0,0.0,0.0,0.0,0.0,56594,CC-EART-141,F-ONR-4728,,Internal Allocation,Allocated,"GPU_Hours=3689,CPU_Hours=1530,Storage_TB=18.95,Department=Earth Sciences"
Grant_Usage,Research Grant,G-0159 (ONR),FY2026,Dec,12,7023.17,17810.4,0.0,0.0,0.0,0.0,0.0,56127,CC-EART-174,F-ONR-8375,,Internal Allocation,Allocated,"GPU_Hours=6242,CPU_Hours=9540,Storage_TB=0.46,Department=Earth Sciences"
Grant_Usage,Research Grant,G-0160 (AFOSR),FY2026,Sep,9,6143.33,23127.9,0.0,0.0,0.0,0.0,0.0,56348,CC-EART-165,F-AFO-4024,,Internal Allocation,Allocated,"GPU_Hours=7915,CPU_Hours=5143,Storage_TB=12.67,Department=Earth Sciences"
Grant_Usage,Research Grant,G-0161 (DOE),FY2026,Jul,7,5917.32,9936.3,0.0,0.0,0.0,0.0,0.0,57716,CC-MATH-118,F-DOE-8963,,Internal Allocation,Allocated,"GPU_Hours=3359,CPU_Hours=14638,Storage_TB=8.07,Department=Mathematics"
Grant_Usage,Research Grant,G-0162 (NASA),FY2026,Apr,4,26097.53,17256.15,0.0,0.0,0.0,0.0,0.0,59040,CC-CHEM-102,F-NAS-8381,,Internal Allocation,Allocated,"GPU_Hours=6033,CPU_Hours=4130,Storage_TB=1.38,Department=Chemistry"
Grant_Usage,Research Grant,G-0163 (NIH),FY2026,Feb,2,1067.97,3013.5,0.0,0.0,0.0,0.0,0.0,50240,CC-EART-159,F-NIH-3928,,Internal Allocation,Allocated,"GPU_Hours=965,CPU_Hours=12328,Storage_TB=5.85,Department=Earth Sciences"
Grant_Usage,Research Grant,G-0163 (NIH),FY2026,Nov,11,1067.97,8017.2,0.0,0.0,0.0,0.0,0.0,51872,CC-EART-190,F-NIH-6358,,Internal Allocation,Allocated,"GPU_Hours=2559,CPU_Hours=14453,Storage_TB=16.09,Department=Earth Sciences"
Grant_Usage,Research Grant,G-0164 (DOE),FY2026,Sep,9,52057.67,3464.1,0.0,0.0,0.0,0.0,0.0,59609,CC-MEDI-164,F-DOE-7290,,Internal Allocation,Allocated,"GPU_Hours=1029,CPU_Hours=5941,Storage_TB=11.81,Department=Medical Research"
Grant_Usage,Research Grant,G-0165 (AFOSR),FY2026,Jun,6,9765.01,585.6,0.0,0.0,0.0,0.0,0.0,53705,CC-CHEM-167,F-AFO-5635,,Internal Allocation,Allocated,"GPU_Hours=157,CPU_Hours=5100,Storage_TB=3.07,Department=Chemistry"
Grant_Usage,Research Grant,G-0166 (AFOSR),FY2026,Apr,4,4671.64,16460.7,0.0,0.0,0.0,0.0,0.0,59046,CC-EART-157,F-AFO-9969,,Internal Allocation,Allocated,"GPU_Hours=5449,CPU_Hours=5409,Storage_TB=20.69,Department=Earth Sciences"
Grant_Usage,Research Grant,G-0167 (NSF),FY2026,Jan,1,20285.42,22399.8,0.0,0.0,0.0,0.0,0.0,50536,CC-ENGI-191,F-NSF-8083,,Internal Allocation,Allocated,"GPU_Hours=7732,CPU_Hours=5355,Storage_TB=8.08,Department=Engineering"
Grant_Usage,Research Grant,G-0167 (NSF),FY2026,Oct,10,20285.42,21752.1,0.0,0.0,0.0,0.0,0.0,54305,CC-ENGI-140,F-NSF-1114,,Internal Allocation,Allocated,"GPU_Hours=7299,CPU_Hours=14401,Storage_TB=21.11,Department=Engineering"
Grant_Usage,Research Grant,G-0168 (ONR),FY2026,Aug,8,5162.33,10783.8,0.0,0.0,0.0,0.0,0.0,55799,CC-COMP-149,F-ONR-4374,,Internal Allocation,Allocated,"GPU_Hours=3492,CPU_Hours=8632,Storage_TB=18.48,Department=Computer Science"
Grant_Usage,Research Grant,G-0169 (NSF),FY2026,May,5,3629.25,11451.0,0.0,0.0,0.0,0.0,0.0,56974,CC-EART-172,F-NSF-6535,,Internal Allocation,Allocated,"GPU_Hours=3641,CPU_Hours=12630,Storage_TB=23.87,Department=Earth Sciences"
Grant_Usage,Research Grant,G-0170 (DARPA),FY2026,Mar,3,10899.4,10567.65,0.0,0.0,0.0,0.0,0.0,52669,CC-CHEM-107,F-DAR-5382,,Internal Allocation,Allocated,"GPU_Hours=3422,CPU_Hours=6763,Storage_TB=18.11,Department=Chemistry"
Grant_Usage,Research Grant,G-0170 (DARPA),FY2026,Dec,12,10899.4,20763.45,0.0,0.0,0.0,0.0,0.0,58031,CC-CHEM-164,F-DAR-6078,,Internal Allocation,Allocated,"GPU_Hours=6975,CPU_Hours=6886,Storage_TB=19.66,Department=Chemistry"
Grant_Usage,Research Grant,G-0171 (Private),FY2026,Oct,10,66392.8,18247.35,0.0,0.0,0.0,0.0,0.0,53282,CC-CHEM-110,F-Pri-5766,,Internal Allocation,Allocated,"GPU_Hours=6386,CPU_Hours=6583,Storage_TB=1.05,Department=Chemistry"
Grant_Usage,Research Grant,G-0172 (DARPA),FY2026,Jul,7,55418.44,12952.2,0.0,0.0,0.0,0.0,0.0,57328,CC-COMP-132,F-DAR-2519,,Internal Allocation,Allocated,"GPU_Hours=4391,CPU_Hours=11547,Storage_TB=9.73,Department=Computer Science"
Grant_Usage,Research Grant,G-0173 (NSF),FY2026,May,5,11186.61,10964.25,0.0,0.0,0.0,0.0,0.0,56422,CC-EART-186,F-NSF-9849,,Internal Allocation,Allocated,"GPU_Hours=3555,CPU_Hours=8997,Storage_TB=18.5,Department=Earth Sciences"
Grant_Usage,Research Grant,G-0174 (ONR),FY2026,Feb,2,6141.21,15681.6,0.0,0.0,0.0,0.0,0.0,55383,CC-PHYS-106,F-ONR-9819,,Internal Allocation,Allocated,"GPU_Hours=5265,CPU_Hours=8318,Storage_TB=15.03,Department=Physics"
Grant_Usage,Research Grant,G-0174 (ONR),FY2026,Dec,12,6141.21,19230.6,0.0,0.0,0.0,0.0,0.0,57105,CC-PHYS-166,F-ONR-4773,,Internal Allocation,Allocated,"GPU_Hours=6515,CPU_Hours=9680,Storage_TB=14.73,Department=Physics"
Grant_Usage,Research Grant,G-0175 (DARPA),FY2026,Sep,9,22122.87,10573.5,0.0,0.0,0.0,0.0,0.0,57947,CC-ENGI-176,F-DAR-6532,,Internal Allocation,Allocated,"GPU_Hours=3611,CPU_Hours=814,Storage_TB=6.27,Department=Engineering"
Grant_Usage,Research Grant,G-0176 (NIH),FY2026,Jul,7,12092.4,18260.55,0.0,0.0,0.0,0.0,0.0,59368,CC-PHYS-117,F-NIH-5574,,Internal Allocation,Allocated,"GPU_Hours=6405,CPU_Hours=7086,Storage_TB=0.14,Department=Physics"
Grant_Usage,Research Grant,G-0177 (AFOSR),FY2026,Apr,4,6491.41,12264.45,0.0,0.0,0.0,0.0,0.0,55679,CC-ENGI-139,F-AFO-3243,,Internal Allocation,Allocated,"GPU_Hours=4243,CPU_Hours=10621,Storage_TB=3.82,Department=Engineering"
Grant_Usage,Research Grant,G-0178 (DARPA),FY2026,Feb,2,5655.49,13577.7,0.0,0.0,0.0,0.0,0.0,56220,CC-CHEM-126,F-DAR-2394,,Internal Allocation,Allocated,"GPU_Hours=4682,CPU_Hours=14307,Storage_TB=5.2,Department=Chemistry"
Grant_Usage,Research Grant,G-0178 (DARPA),FY2026,Nov,11,5655.49,12938.55,0.0,0.0,0.0,0.0,0.0,54671,CC-CHEM-118,F-DAR-8285,,Internal Allocation,Allocated,"GPU_Hours=4423,CPU_Hours=2882,Storage_TB=7.4,Department=Chemistry"
Grant_Usage,Research Grant,G-0179 (NSF),FY2026,Sep,9,4771.76,19307.4,0.0,0.0,0.0,0.0,0.0,55641,CC-BIOL-191,F-NSF-5171,,Internal Allocation,Allocated,"GPU_Hours=6706,CPU_Hours=2713,Storage_TB=4.34,Department=Biology"
Grant_Usage,Research Grant,G-0180 (DARPA),FY2026,Jun,6,7870.53,9582.75,0.0,0.0,0.0,0.0,0.0,51642,CC-ENGI-118,F-DAR-7338,,Internal Allocation,Allocated,"GPU_Hours=3276,CPU_Hours=10932,Storage_TB=5.47,Department=Engineering"
Grant_Usage,Research Grant,G-0181 (DARPA),FY2026,Apr,4,3344.96,17279.25,0.0,0.0,0.0,0.0,0.0,55954,CC-MATH-139,F-DAR-1089,,Internal Allocation,Allocated,"GPU_Hours=5776,CPU_Hours=3722,Storage_TB=18.17,Department=Mathematics"
Grant_Usage,Research Grant,G-0182 (Private),FY2026,Jan,1,4728.21,13438.35,0.0,0.0,0.0,0.0,0.0,53252,CC-PHYS-135,F-Pri-6241,,Internal Allocation,Allocated,"GPU_Hours=4407,CPU_Hours=8762,Storage_TB=19.52,Department=Physics"
Grant_Usage,Research Grant,G-0182 (Private),FY2026,Nov,11,4728.21,7056.9,0.0,0.0,0.0,0.0,0.0,50728,CC-PHYS-102,F-Pri-1394,,Internal Allocation,Allocated,"GPU_Hours=2454,CPU_Hours=5106,Storage_TB=1.4,Department=Physics"
Grant_Usage,Research Grant,G-0183 (NIH),FY2026,Aug,8,16111.22,19093.05,0.0,0.0,0.0,0.0,0.0,52192,CC-PHYS-148,F-NIH-5837,,Internal Allocation,Allocated,"GPU_Hours=6651,CPU_Hours=9613,Storage_TB=3.06,Department=Physics"
Grant_Usage,Research Grant,G-0184 (Private),FY2026,May,5,2342.23,15929.25,0.0,0.0,0.0,0.0,0.0,52905,CC-MATH-120,F-Pri-6654,,Internal Allocation,Allocated,"GPU_Hours=5200,CPU_Hours=5941,Storage_TB=24.65,Department=Mathematics"
Grant_Usage,Research Grant,G-0185 (DOE),FY2026,Mar,3,77407.16,13547.1,0.0,0.0,0.0,0.0,0.0,50303,CC-ENGI-157,F-DOE-5253,,Internal Allocation,Allocated,"GPU_Hours=4631,CPU_Hours=1415,Storage_TB=7.75,Department=Engineering"
Grant_Usage,Research Grant,G-0185 (DOE),FY2026,Dec,12,77407.16,23560.2,0.0,0.0,0.0,0.0,0.0,54706,CC-ENGI-155,F-DOE-2580,,Internal Allocation,Allocated,"GPU_Hours=7890,CPU_Hours=11231,Storage_TB=23.86,Department=Engineering"
Grant_Usage,Research Grant,G-0186 (DARPA),FY2026,Oct,10,73455.54,10070.85,0.0,0.0,0.0,0.0,0.0,58226,CC-PHYS-115,F-DAR-4947,,Internal Allocation,Allocated,"GPU_Hours=3392,CPU_Hours=14727,Storage_TB=8.97,Department=Physics"
Grant_Usage,Research Grant,G-0187 (AFOSR),FY2026,Jul,7,5035.08,18290.7,0.0,0.0,0.0,0.0,0.0,52187,CC-EART-141,F-AFO-7350,,Internal Allocation,Allocated,"GPU_Hours=6159,CPU_Hours=935,Storage_TB=16.39,Department=Earth Sciences"
Grant_Usage,Research Grant,G-0188 (NASA),FY2026,May,5,20894.3,7780.5,0.0,0.0,0.0,0.0,0.0,55030,CC-PHYS-103,F-NAS-1318,,Internal Allocation,Allocated,"GPU_Hours=2574,CPU_Hours=10195,Storage_TB=9.88,Department=Physics"
Grant_Usage,Research Grant,G-0189 (NSF),FY2026,Feb,2,10576.4,18754.05,0.0,0.0,0.0,0.0,0.0,58744,CC-MEDI-131,F-NSF-2897,,Internal Allocation,Allocated,"GPU_Hours=6512,CPU_Hours=2277,Storage_TB=4.33,Department=Medical Research"
Grant_Usage,Research Grant,G-0189 (NSF),FY2026,Dec,12,10576.4,21526.35,0.0,0.0,0.0,0.0,0.0,51750,CC-MEDI-118,F-NSF-6945,,Internal Allocation,Allocated,"GPU_Hours=7357,CPU_Hours=2200,Storage_TB=12.42,Department=Medical Research"
Grant_Usage,Research Grant,G-0190 (NIH),FY2026,Sep,9,3282.4,22244.7,0.0,0.0,0.0,0.0,0.0,51558,CC-EART-154,F-NIH-4056,,Internal Allocation,Allocated,"GPU_Hours=7526,CPU_Hours=9220,Storage_TB=17.68,Department=Earth Sciences"
Grant_Usage,Research Grant,G-0191 (DOE),FY2026,Jul,7,5157.65,2577.45,0.0,0.0,0.0,0.0,0.0,50929,CC-MATH-113,F-DOE-5986,,Internal Allocation,Allocated,"GPU_Hours=566,CPU_Hours=8099,Storage_TB=21.43,Department=Mathematics"
Grant_Usage,Research Grant,G-0192 (DOE),FY2026,Apr,4,4530.81,9262.65,0.0,0.0,0.0,0.0,0.0,57605,CC-MATH-152,F-DOE-4397,,Internal Allocation,Allocated,"GPU_Hours=3188,CPU_Hours=12797,Storage_TB=3.93,Department=Mathematics"
Grant_Usage,Research Grant,G-0193 (DOE),FY2026,Feb,2,25890.99,11180.7,0.0,0.0,0.0,0.0,0.0,56938,CC-PHYS-134,F-DOE-9067,,Internal Allocation,Allocated,"GPU_Hours=3669,CPU_Hours=580,Storage_TB=16.09,Department=Physics"
Grant_Usage,Research Grant,G-0193 (DOE),FY2026,Nov,11,25890.99,21347.25,0.0,0.0,0.0,0.0,0.0,59712,CC-PHYS-174,F-DOE-3812,,Internal Allocation,Allocated,"GPU_Hours=7138,CPU_Hours=1889,Storage_TB=22.31,Department=Physics"
Grant_Usage,Research Grant,G-0194 (NASA),FY2026,Sep,9,5625.33,10709.4,0.0,0.0,0.0,0.0,0.0,52162,CC-BIOL-149,F-NAS-9970,,Internal Allocation,Allocated,"GPU_Hours=3488,CPU_Hours=11852,Storage_TB=17.08,Department=Biology"
Grant_Usage,Research Grant,G-0195 (NASA),FY2026,Jun,6,13482.06,3988.65,0.0,0.0,0.0,0.0,0.0,53076,CC-MATH-197,F-NAS-2490,,Internal Allocation,Allocated,"GPU_Hours=1166,CPU_Hours=2229,Storage_TB=14.79,Department=Mathematics"
Grant_Usage,Research Grant,G-0196 (NASA),FY2026,Apr,4,2472.0,1742.85,0.0,0.0,0.0,0.0,0.0,57992,CC-CHEM-164,F-NAS-5600,,Internal Allocation,Allocated,"GPU_Hours=588,CPU_Hours=9980,Storage_TB=1.49,Department=Chemistry"
Grant_Usage,Research Grant,G-0197 (NSF),FY2026,Jan,1,2955.23,10203.0,0.0,0.0,0.0,0.0,0.0,55849,CC-CHEM-144,F-NSF-1829,,Internal Allocation,Allocated,"GPU_Hours=3472,CPU_Hours=3806,Storage_TB=6.84,Department=Chemistry"
Grant_Usage,Research Grant,G-0197 (NSF),FY2026,Nov,11,2955.23,20418.9,0.0,0.0,0.0,0.0,0.0,57193,CC-CHEM-193,F-NSF-8601,,Internal Allocation,Allocated,"GPU_Hours=7024,CPU_Hours=6814,Storage_TB=8.9,Department=Chemistry"
Grant_Usage,Research Grant,G-0198 (DARPA),FY2026,Aug,8,60852.56,19867.05,0.0,0.0,0.0,0.0,0.0,58320,CC-PHYS-192,F-DAR-8983,,Internal Allocation,Allocated,"GPU_Hours=6579,CPU_Hours=3027,Storage_TB=24.82,Department=Physics"
Grant_Usage,Research Grant,G-0199 (NASA),FY2026,Jun,6,1792.56,20184.6,0.0,0.0,0.0,0.0,0.0,58561,CC-MATH-153,F-NAS-3109,,Internal Allocation,Allocated,"GPU_Hours=6938,CPU_Hours=11468,Storage_TB=9.14,Department=Mathematics"
Grant_Usage,Research Grant,G-0200 (DARPA),FY2026,Mar,3,13246.31,2629.8,0.0,0.0,0.0,0.0,0.0,54640,CC-CHEM-151,F-DAR-6250,,Internal Allocation,Allocated,"GPU_Hours=621,CPU_Hours=10278,Storage_TB=19.11,Department=Chemistry"
