Ticket_ID,Open_Date,Close_Date,Category,Subcategory,Severity,Priority_Score,Department,Requesting_User,Affected_Node,Affected_Component,Affected_Subcomponent,Description,Resolution,Downtime_Hours,Root_Cause,Escalated,Escalation_Level,SLA_Met,Vendor_Ticket,Cost_Parts,Cost_Labor,Cost_Total,Follow_Up_Required,Related_Tickets,Response_Time_Min,Resolution_Time_Hr,Response_SLA_Met,Resolution_SLA_Met,Priority,Response_Min,Resolution_Hr
TKT-00001,2025-08-12 11:44,2025-08-13 23:00,Hardware_Failure,GPU_ECC_RMA,P1,817,Earth Sciences,user099,hpc-gpu-012,GPU,GPU Slot 3,"Automated monitoring alert from DCGM (Data Center GPU Manager) detected persistent ECC uncorrectable memory errors on hpc-gpu-012 GPU slot 3 (Serial: GPU-A100-5537229). The nvidia-smi error counters report 27 uncorrectable ECC errors within the last 30-day monitoring window, exceeding the 10-error threshold defined in the NexaGen Enhanced Support Service Agreement (Section 4.2(i)). XID error code 48 (double-bit ECC error in HBM3 memory) logged 6 times in the past 72 hours. Node has been automatically drained from the Slurm scheduler (scontrol update NodeName=hpc-gpu-012 State=DRAIN Reason=""GPU_ECC_FAIL""). All running jobs on the node were checkpointed and requeued to available nodes. The affected GPU module has been powered down via ipmi to prevent further error propagation.","NexaGen field engineer dispatched under Service Agreement NSA-2026-WU-0847. NOTE: Per Section 4.2(i) of the Enhanced Support agreement, GPU ECC uncorrectable errors are categorized as consumable component wear and are EXCLUDED from the Enhanced Support coverage tier. Replacement billed at Standard Parts Replacement rate: H100 SXM5 module $15,500 + labor $2,200 = $17,700 per event. GPU module GPU-A100-5537229 in slot 3 replaced with new unit (Serial: GPU-A100-9306135). Post-replacement validation: nvidia-smi health check PASS, cuda-memcheck extended test PASS (0 errors over 4 hours), HPL single-node validation 48.7 TFLOPS (within spec). Node returned to Slurm scheduler: scontrol update NodeName=hpc-gpu-012 State=RESUME.",38.2,gpu_hbm3_memory_ecc_failure,Yes,L2 Field Engineer,No,NXG-SR-417152,15500,2200,17700,Monitor replacement GPU for 30 days,,36,2.6,No,Yes,P4,783,63.8
TKT-00010,2025-09-18 17:56,2025-09-19 19:00,Hardware_Failure,GPU_ECC_RMA,P1,868,Mathematics,user005,hpc-gpu-058,GPU,GPU Slot 5,"Automated monitoring alert from DCGM (Data Center GPU Manager) detected persistent ECC uncorrectable memory errors on hpc-gpu-058 GPU slot 5 (Serial: GPU-A100-8818014). The nvidia-smi error counters report 38 uncorrectable ECC errors within the last 30-day monitoring window, exceeding the 10-error threshold defined in the NexaGen Enhanced Support Service Agreement (Section 4.2(i)). XID error code 48 (double-bit ECC error in HBM3 memory) logged 10 times in the past 72 hours. Node has been automatically drained from the Slurm scheduler (scontrol update NodeName=hpc-gpu-058 State=DRAIN Reason=""GPU_ECC_FAIL""). All running jobs on the node were checkpointed and requeued to available nodes. The affected GPU module has been powered down via ipmi to prevent further error propagation.","NexaGen field engineer dispatched under Service Agreement NSA-2026-WU-0847. NOTE: Per Section 4.2(i) of the Enhanced Support agreement, GPU ECC uncorrectable errors are categorized as consumable component wear and are EXCLUDED from the Enhanced Support coverage tier. Replacement billed at Standard Parts Replacement rate: H100 SXM5 module $15,500 + labor $2,200 = $17,700 per event. GPU module GPU-A100-8818014 in slot 5 replaced with new unit (Serial: GPU-A100-7712584). Post-replacement validation: nvidia-smi health check PASS, cuda-memcheck extended test PASS (0 errors over 4 hours), HPL single-node validation 47.8 TFLOPS (within spec). Node returned to Slurm scheduler: scontrol update NodeName=hpc-gpu-058 State=RESUME.",31.9,gpu_hbm3_memory_ecc_failure,Yes,L2 Field Engineer,No,NXG-SR-949735,15500,2200,17700,Monitor replacement GPU for 30 days,,40,3.6,No,Yes,P4,1040,123.4
TKT-00020,2025-09-12 09:15,2025-09-15 16:30,Storage,Performance_Degradation,P3,500,Medical Research,user116,storage-002,Lustre_OST,"OST-07, OST-14","Multiple users in Biology and Medical Research departments reporting degraded checkpoint write performance during peak utilization (10:00-16:00). Storage monitoring dashboard shows OST-07 at 86.9% capacity and OST-14 at 83.1% capacity, compared to cluster average of 68.3%. IOR benchmark confirms write throughput to affected OSTs degraded by 33% compared to balanced OSTs. Root cause: large Biology genomics datasets with default stripe_count=1 concentrated on these two OSTs due to MDT hash distribution.","Performed manual OST rebalancing using lfs_migrate for 4.2 TB of data from OST-07 and 3.8 TB from OST-14. Updated default stripe settings: stripe_count increased from 4 to 8 for /lustre/scratch, stripe_size changed from 1MB to 4MB for directories exceeding 1TB. Implemented automated OST balance monitoring script (cron every 6 hours) with Prometheus alerting at 15% variance threshold. Biology department users advised to use lfs setstripe -c 8 for new large datasets.",0.0,ost_data_distribution_imbalance,No,L1,Yes,,0,800,800,Monitor OST balance weekly,,122,16.0,Yes,Yes,P4,1263,127.1
TKT-00029,2025-03-10 00:00,2025-03-28 00:00,Performance,Thermal_Throttle,P4,176,Earth Sciences,user119,hpc-gpu-035,OS,Thermal Throttle,Performance incident reported via web portal. Automated monitoring triggered alert for thermal throttle on hpc-gpu-059. Impact assessment: department-wide impact. Initial diagnosis indicates environmental factor. Prometheus alert: network_errors.,Issue resolved via software patch. Verification: benchmark validation completed.,6.3,user_error,No,L1,Yes,,0,0,0,Vendor review,,394,36.0,Yes,Yes,P4,1034,30.4
TKT-00039,2025-05-31 00:00,2025-06-17 00:00,Storage,Performance_Degradation,P4,164,Computer Science,user047,hpc-gpu-032,NVMe,Performance Degradation,"User user033 from Biology submitted P4 incident for performance degradation. Affected system: hpc-gpu-078, component: NVMe. Job ID 7758677 produced incorrect results after 1 hours of execution. Error log analysis shows segfault. Preliminary investigation: consulting with vendor.",Issue resolved via firmware update. Verification: node health check passed.,0.0,planned_change,No,L1,Yes,,0,0,0,Schedule follow-up,,467,16.0,Yes,Yes,P4,1216,138.0
TKT-00048,2025-10-10 00:00,2025-10-14 00:00,Software_Issue,Driver_Issue,P2,666,Computer Science,user014,hpc-cpu-016,Account,Driver Issue,Software Issue incident reported via email. Automated monitoring confirmed driver issue on hpc-gpu-074. Impact assessment: department-wide impact. Initial diagnosis indicates software misconfiguration. Prometheus alert: memory_pressure.,Issue resolved via user training. Verification: service restored to normal operation.,0.0,hardware_wear,Yes,L2,No,,0,0,0,,,65,8.4,Yes,No,P4,843,152.2
TKT-00058,2025-02-18 00:00,2025-02-19 00:00,Software_Issue,OS_Crash,P2,681,Chemistry,user097,storage-001,PSU,OS Crash,Software Issue incident reported via email. Automated monitoring triggered alert for os crash on hpc-gpu-007. Impact assessment: single user affected. Initial diagnosis indicates capacity limitation. Prometheus alert: memory_pressure.,Issue resolved via permission adjustment. Verification: monitoring alerts cleared.,0.0,environmental,No,L3,Yes,,0,0,0,Vendor review,,91,5.7,Yes,Yes,P4,1107,46.2
TKT-00067,2025-07-09 00:00,2025-07-10 00:00,Storage,Backup_Failure,P3,447,Chemistry,user009,hpc-cpu-010,Network_HCA,Backup Failure,"User user038 from Chemistry submitted P3 incident for backup failure. Affected system: hpc-cpu-027, component: Network_HCA. Job ID 5882237 timed out after 10 hours of execution. Error log analysis shows CUDA error. Preliminary investigation: checking node health metrics.",Issue resolved via configuration update. Verification: benchmark validation completed.,0.0,capacity_limit,No,L1,No,,0,0,0,Schedule follow-up,,230,19.6,Yes,No,P4,521,163.6
TKT-00077,2025-10-15 00:00,2025-10-24 00:00,Storage,File_Recovery,P3,384,Earth Sciences,user068,hpc-cpu-017,Scheduler,File Recovery,"User user009 from Medical Research submitted P3 incident for file recovery. Affected system: hpc-gpu-015, component: Scheduler. Job ID 2305068 hung after 21 hours of execution. Error log analysis shows CUDA error. Preliminary investigation: checking node health metrics.",Issue resolved via user training. Verification: benchmark validation completed.,0.0,config_drift,No,L1,No,,0,0,0,,,179,17.4,Yes,No,P4,1230,60.2
TKT-00087,2025-02-17 00:00,2025-02-23 00:00,Storage,Backup_Failure,P3,446,Computer Science,user014,hpc-gpu-022,OS,Backup Failure,"User user004 from Computer Science submitted P3 incident for backup failure. Affected system: hpc-gpu-004, component: OS. Job ID 2558569 failed after 51 hours of execution. Error log analysis shows segfault. Preliminary investigation: checking node health metrics.",Issue resolved via software patch. Verification: node health check passed.,0.0,hardware_wear,No,L1,No,,0,0,0,Monitor 30 days,,268,7.7,No,Yes,P4,485,163.9
TKT-00096,2025-01-27 00:00,2025-02-02 00:00,Consultation,Software_Selection,P3,380,Computer Science,user081,hpc-gpu-037,Fan,Software Selection,Consultation incident reported via phone. Automated monitoring confirmed software selection on hpc-cpu-001. Impact assessment: cluster-wide performance degradation. Initial diagnosis indicates hardware wear. Prometheus alert: memory_pressure.,Issue resolved via permission adjustment. Verification: service restored to normal operation.,0.0,config_drift,No,L1,No,,0,0,0,Schedule follow-up,,247,9.7,No,Yes,P4,498,160.0
TKT-00106,2025-02-24 00:00,2025-02-25 00:00,Security,Unauthorized_Access,P2,701,Physics,user064,hpc-gpu-030,NVMe,Unauthorized Access,"User user112 from Earth Sciences submitted P2 incident for unauthorized access. Affected system: hpc-gpu-052, component: NVMe. Job ID 7989823 failed after 4 hours of execution. Error log analysis shows authentication failure. Preliminary investigation: consulting with vendor.",Issue resolved via job resubmission. Verification: service restored to normal operation.,0.0,hardware_wear,No,L2,Yes,,0,0,0,Vendor review,,83,6.8,Yes,Yes,P4,554,46.6
TKT-00115,2025-07-03 00:00,2025-07-05 00:00,Access_Request,Storage_Quota,P3,437,Physics,user017,hpc-gpu-050,Application,Storage Quota,"User user042 from Biology submitted P3 incident for storage quota. Affected system: hpc-gpu-030, component: Application. Job ID 6266440 hung after 42 hours of execution. Error log analysis shows OOM kill. Preliminary investigation: scheduling diagnostic run.",Issue resolved via component replacement. Verification: node health check passed.,0.0,user_error,No,L1,Yes,,0,0,0,Monitor 30 days,,229,5.5,Yes,Yes,P4,1180,62.1
TKT-00125,2025-07-09 00:00,2025-07-17 00:00,Account_Management,Graduation_Deactivation,P3,360,Medical Research,user104,hpc-cpu-001,Security,Graduation Deactivation,"User user078 from Engineering submitted P3 incident for graduation deactivation. Affected system: hpc-gpu-044, component: Security. Job ID 8317994 produced incorrect results after 18 hours of execution. Error log analysis shows authentication failure. Preliminary investigation: reviewing system logs.",Issue resolved via job resubmission. Verification: user confirmed resolution.,0.0,user_error,No,L1,No,,0,0,0,Schedule follow-up,,253,19.4,No,No,P4,166,117.9
TKT-00134,2025-12-31 00:00,2026-01-15 00:00,Software_Issue,Library_Conflict,P4,193,Biology,user026,hpc-gpu-073,Scheduler,Library Conflict,Software Issue incident reported via Slack. Automated monitoring confirmed library conflict on hpc-gpu-058. Impact assessment: cluster-wide performance degradation. Initial diagnosis indicates capacity limitation. Prometheus alert: disk_io_wait.,Issue resolved via quota increase. Verification: service restored to normal operation.,0.0,environmental,No,L1,Yes,,0,0,0,Schedule follow-up,,198,14.0,Yes,Yes,P4,835,56.1
TKT-00144,2025-09-18 00:00,2025-09-29 00:00,Consultation,Code_Review,P4,209,Chemistry,user044,hpc-gpu-006,Filesystem,Code Review,"User user053 from Computer Science submitted P4 incident for code review. Affected system: hpc-gpu-001, component: Filesystem. Job ID 5282378 crashed after 40 hours of execution. Error log analysis shows filesystem I/O error. Preliminary investigation: consulting with vendor.",Issue resolved via system reboot. Verification: service restored to normal operation.,0.0,firmware_incompatibility,No,L1,Yes,,0,0,0,,,143,20.8,Yes,Yes,P4,600,66.0
TKT-00153,2025-05-17 00:00,2025-05-19 00:00,Software_Issue,Driver_Issue,P4,166,Mathematics,user097,hpc-gpu-092,Fan,Driver Issue,"User user094 from Biology submitted P4 incident for driver issue. Affected system: hpc-cpu-010, component: Fan. Job ID 1889515 timed out after 29 hours of execution. Error log analysis shows CUDA error. Preliminary investigation: scheduling diagnostic run.",Issue resolved via job resubmission. Verification: node health check passed.,0.0,software_bug,No,L1,Yes,,0,0,0,Vendor review,,218,38.1,Yes,Yes,P4,419,47.6
TKT-00163,2025-08-12 00:00,2025-08-14 00:00,Software_Issue,OS_Crash,P2,662,Earth Sciences,user080,hpc-gpu-043,Application,OS Crash,"User user115 from Mathematics submitted P2 incident for os crash. Affected system: hpc-gpu-057, component: Application. Job ID 9928597 crashed after 16 hours of execution. Error log analysis shows OOM kill. Preliminary investigation: consulting with vendor.",Issue resolved via firmware update. Verification: benchmark validation completed.,0.0,environmental,No,L1,No,,0,0,0,Vendor review,,149,6.6,No,Yes,P4,408,90.3
TKT-00173,2025-05-19 00:00,2025-06-02 00:00,Performance,Thermal_Throttle,P4,234,Mathematics,user118,hpc-gpu-011,Scheduler,Thermal Throttle,"User user066 from Computer Science submitted P4 incident for thermal throttle. Affected system: hpc-gpu-092, component: Scheduler. Job ID 7930250 hung after 40 hours of execution. Error log analysis shows CUDA error. Preliminary investigation: scheduling diagnostic run.",Issue resolved via firmware update. Verification: node health check passed.,11.9,firmware_incompatibility,No,L1,No,,0,0,0,Schedule follow-up,,494,23.9,No,Yes,P4,921,156.1
TKT-00182,2025-01-23 00:00,2025-01-24 00:00,Consultation,Training_Request,P2,665,Earth Sciences,user010,hpc-cpu-010,PSU,Training Request,"User user009 from Biology submitted P2 incident for training request. Affected system: hpc-gpu-039, component: PSU. Job ID 6848182 crashed after 49 hours of execution. Error log analysis shows segfault. Preliminary investigation: checking node health metrics.",Issue resolved via job resubmission. Verification: service restored to normal operation.,0.0,environmental,Yes,L3,Yes,,0,0,0,Vendor review,,92,6.2,Yes,Yes,P4,1141,91.6
TKT-00192,2025-03-19 00:00,2025-04-05 00:00,Security,Certificate_Renewal,P4,170,Computer Science,user065,hpc-cpu-015,Account,Certificate Renewal,Security incident reported via Slack. Automated monitoring triggered alert for certificate renewal on hpc-gpu-015. Impact assessment: department-wide impact. Initial diagnosis indicates environmental factor. Prometheus alert: node_cpu_high.,Issue resolved via job resubmission. Verification: benchmark validation completed.,0.0,software_bug,No,L1,No,,0,0,0,Vendor review,,231,43.4,Yes,No,P4,1179,118.1
TKT-00201,2025-03-11 00:00,2025-03-11 00:00,Account_Management,Group_Change,P2,679,Earth Sciences,user080,hpc-gpu-045,Application,Group Change,"User user097 from Engineering submitted P2 incident for group change. Affected system: hpc-gpu-053, component: Application. Job ID 7123637 produced incorrect results after 31 hours of execution. Error log analysis shows filesystem I/O error. Preliminary investigation: scheduling diagnostic run.",Issue resolved via software patch. Verification: service restored to normal operation.,0.0,user_error,No,L3,Yes,,0,0,0,Monitor 30 days,,109,4.8,Yes,Yes,P4,1030,83.2
TKT-00211,2025-12-16 00:00,2025-12-30 00:00,Access_Request,New_Account,P4,198,Chemistry,user076,hpc-cpu-008,NVMe,New Account,"User user105 from Physics submitted P4 incident for new account. Affected system: hpc-gpu-028, component: NVMe. Job ID 3468319 failed after 9 hours of execution. Error log analysis shows NCCL timeout. Preliminary investigation: reviewing system logs.",Issue resolved via quota increase. Verification: service restored to normal operation.,0.0,hardware_wear,No,L1,Yes,,0,0,0,,,326,39.8,Yes,Yes,P4,1315,36.4
TKT-00220,2025-03-24 00:00,2025-03-24 00:00,Account_Management,Billing_Dispute,P2,659,Engineering,user044,login-002,Account,Billing Dispute,Account Management incident reported via Slack. Automated monitoring confirmed billing dispute on hpc-gpu-042. Impact assessment: single user affected. Initial diagnosis indicates hardware wear. Prometheus alert: memory_pressure.,Issue resolved via user training. Verification: service restored to normal operation.,0.0,planned_change,No,L3,No,,0,0,0,,,56,9.4,Yes,No,P4,417,101.0
TKT-00230,2025-05-25 00:00,2025-06-03 00:00,Software_Issue,Module_Load,P4,229,Computer Science,user012,hpc-gpu-018,Scheduler,Module Load,"User user063 from Medical Research submitted P4 incident for module load. Affected system: hpc-gpu-025, component: Scheduler. Job ID 2325146 timed out after 18 hours of execution. Error log analysis shows CUDA error. Preliminary investigation: consulting with vendor.",Issue resolved via component replacement. Verification: user confirmed resolution.,0.0,user_error,No,L1,Yes,,0,0,0,,,220,9.6,Yes,Yes,P4,809,127.0
TKT-00240,2025-09-04 00:00,2025-09-09 00:00,Network,DNS_Issue,P4,183,Chemistry,user105,hpc-gpu-093,Filesystem,DNS Issue,Network incident reported via Slack. Automated monitoring confirmed dns issue on hpc-gpu-054. Impact assessment: multiple users in department affected. Initial diagnosis indicates environmental factor. Prometheus alert: network_errors.,Issue resolved via permission adjustment. Verification: service restored to normal operation.,8.6,security_event,No,L1,Yes,,0,1974,1974,Schedule follow-up,,454,34.3,Yes,Yes,P4,813,152.4
TKT-00249,2025-08-14 00:00,2025-09-01 00:00,Hardware_Failure,NVMe_Drive,P4,185,Biology,user028,hpc-cpu-019,Application,NVMe Drive,"User user038 from Engineering submitted P4 incident for nvme drive. Affected system: hpc-gpu-070, component: Application. Job ID 2708339 timed out after 31 hours of execution. Error log analysis shows filesystem I/O error. Preliminary investigation: reviewing system logs.",Issue resolved via configuration update. Verification: node health check passed.,7.3,capacity_limit,No,L1,Yes,NXG-SR-742453,1200,662,1862,,,336,15.9,Yes,Yes,P4,427,147.7
TKT-00259,2025-04-26 00:00,2025-04-28 00:00,Consultation,Benchmark_Request,P4,177,Engineering,user104,hpc-gpu-094,PSU,Benchmark Request,"User user108 from Mathematics submitted P4 incident for benchmark request. Affected system: hpc-cpu-005, component: PSU. Job ID 6658443 hung after 48 hours of execution. Error log analysis shows authentication failure. Preliminary investigation: reviewing system logs.",Issue resolved via job resubmission. Verification: benchmark validation completed.,0.0,user_error,No,L1,Yes,,0,0,0,Schedule follow-up,,377,33.6,Yes,Yes,P4,659,100.5
TKT-00268,2025-05-16 00:00,2025-05-25 00:00,Storage,File_Recovery,P4,245,Biology,user059,login-002,GPU,File Recovery,"User user063 from Chemistry submitted P4 incident for file recovery. Affected system: hpc-gpu-082, component: GPU. Job ID 8986937 hung after 56 hours of execution. Error log analysis shows NCCL timeout. Preliminary investigation: scheduling diagnostic run.",Issue resolved via escalation to vendor. Verification: monitoring alerts cleared.,0.0,hardware_wear,No,L1,No,,0,0,0,,,472,43.4,Yes,No,P4,1398,73.7
TKT-00278,2025-11-23 00:00,2025-12-02 00:00,Network,Firewall_Rule,P4,221,Chemistry,user047,hpc-gpu-018,NVMe,Firewall Rule,"User user020 from Chemistry submitted P4 incident for firewall rule. Affected system: hpc-cpu-002, component: NVMe. Job ID 9902230 produced incorrect results after 28 hours of execution. Error log analysis shows CUDA error. Preliminary investigation: checking node health metrics.",Issue resolved via user training. Verification: node health check passed.,23.2,user_error,No,L1,Yes,,0,2168,2168,Vendor review,,391,8.7,Yes,Yes,P4,852,154.8
TKT-00287,2025-01-03 00:00,2025-01-07 00:00,Storage,Backup_Failure,P4,180,Computer Science,user107,hpc-cpu-016,PSU,Backup Failure,"User user029 from Chemistry submitted P4 incident for backup failure. Affected system: hpc-gpu-042, component: PSU. Job ID 3804801 timed out after 17 hours of execution. Error log analysis shows segfault. Preliminary investigation: scheduling diagnostic run.",Issue resolved via system reboot. Verification: monitoring alerts cleared.,0.0,user_error,No,L1,Yes,,0,0,0,Vendor review,,146,25.9,Yes,Yes,P4,1334,110.5
TKT-00297,2025-11-28 00:00,2025-12-04 00:00,Consultation,Benchmark_Request,P4,218,Engineering,user098,hpc-gpu-008,Memory,Benchmark Request,"User user007 from Chemistry submitted P4 incident for benchmark request. Affected system: hpc-gpu-054, component: Memory. Job ID 3199132 crashed after 61 hours of execution. Error log analysis shows NCCL timeout. Preliminary investigation: consulting with vendor.",Issue resolved via job resubmission. Verification: node health check passed.,0.0,security_event,No,L1,Yes,,0,0,0,Schedule follow-up,,215,26.2,Yes,Yes,P4,241,30.0
TKT-00306,2025-01-08 00:00,2025-01-23 00:00,Storage,File_Recovery,P4,238,Biology,user014,hpc-cpu-012,Scheduler,File Recovery,"User user116 from Mathematics submitted P4 incident for file recovery. Affected system: hpc-cpu-021, component: Scheduler. Job ID 3941937 produced incorrect results after 13 hours of execution. Error log analysis shows NCCL timeout. Preliminary investigation: checking node health metrics.",Issue resolved via escalation to vendor. Verification: benchmark validation completed.,0.0,config_drift,No,L1,Yes,,0,0,0,Schedule follow-up,,430,31.4,Yes,Yes,P4,401,124.5
TKT-00316,2025-09-27 00:00,2025-10-03 00:00,Software_Issue,Module_Load,P3,377,Physics,user104,hpc-gpu-060,Account,Module Load,"User user097 from Computer Science submitted P3 incident for module load. Affected system: hpc-gpu-081, component: Account. Job ID 5522824 timed out after 54 hours of execution. Error log analysis shows authentication failure. Preliminary investigation: reviewing system logs.",Issue resolved via quota increase. Verification: service restored to normal operation.,0.0,firmware_incompatibility,No,L1,No,,0,0,0,,,230,19.0,Yes,No,P4,232,78.5
TKT-00326,2025-09-01 00:00,2025-09-05 00:00,Consultation,Software_Selection,P3,428,Mathematics,user081,hpc-cpu-007,Memory,Software Selection,Consultation incident reported via web portal. Automated monitoring triggered alert for software selection on storage-001. Impact assessment: department-wide impact. Initial diagnosis indicates environmental factor. Prometheus alert: network_errors.,Issue resolved via quota increase. Verification: node health check passed.,0.0,hardware_wear,No,L1,No,,0,0,0,Vendor review,,119,18.6,Yes,No,P4,773,128.3
TKT-00335,2025-02-05 00:00,2025-02-10 00:00,Performance,GPU_Utilization_Low,P4,240,Medical Research,user021,login-001,OS,GPU Utilization Low,Performance incident reported via phone. Automated monitoring triggered alert for gpu utilization low on hpc-gpu-070. Impact assessment: multiple users in department affected. Initial diagnosis indicates environmental factor. Prometheus alert: node_cpu_high.,Issue resolved via software patch. Verification: monitoring alerts cleared.,3.9,environmental,No,L1,Yes,,0,0,0,Vendor review,,240,11.2,Yes,Yes,P4,990,155.3
TKT-00345,2025-10-20 00:00,2025-10-20 00:00,Storage,Data_Transfer,P1,919,Computer Science,user003,hpc-gpu-081,Filesystem,Data Transfer,"User user083 from Medical Research submitted P1 incident for data transfer. Affected system: login-001, component: Filesystem. Job ID 3321630 timed out after 42 hours of execution. Error log analysis shows OOM kill. Preliminary investigation: reviewing system logs.",Issue resolved via software patch. Verification: monitoring alerts cleared.,0.0,user_error,No,L3,Yes,,0,0,0,Vendor review,,13,3.1,Yes,Yes,P4,1090,123.7
TKT-00350,2025-12-20 00:00,2025-12-23 00:00,Account_Management,Graduation_Deactivation,P2,662,Computer Science,user045,hpc-gpu-017,OS,Graduation Deactivation,Account Management incident reported via email. Automated monitoring triggered alert for graduation deactivation on hpc-gpu-061. Impact assessment: department-wide impact. Initial diagnosis indicates environmental factor. Prometheus alert: node_cpu_high.,Issue resolved via configuration update. Verification: user confirmed resolution.,0.0,config_drift,Yes,L3,Yes,,0,0,0,,,36,7.4,Yes,Yes,P1,16,4.8
TKT-00355,2025-03-16 00:00,2025-03-17 00:00,Network,Latency_Spike,P3,420,Physics,user076,hpc-gpu-003,NVMe,Latency Spike,Network incident reported via email. Automated monitoring triggered alert for latency spike on hpc-gpu-062. Impact assessment: single user affected. Initial diagnosis indicates user error. Prometheus alert: network_errors.,Issue resolved via user training. Verification: benchmark validation completed.,22.0,planned_change,No,L1,No,,0,529,529,Vendor review,,247,11.8,No,Yes,P4,1349,82.6
TKT-00365,2025-02-19 00:00,2025-03-09 00:00,Storage,Backup_Failure,P4,220,Computer Science,user109,hpc-gpu-053,Security,Backup Failure,"User user042 from Engineering submitted P4 incident for backup failure. Affected system: hpc-gpu-094, component: Security. Job ID 2966116 hung after 51 hours of execution. Error log analysis shows MPI abort. Preliminary investigation: reviewing system logs.",Issue resolved via configuration update. Verification: node health check passed.,0.0,security_event,No,L1,Yes,,0,0,0,Schedule follow-up,,120,34.0,Yes,Yes,P4,368,91.7
TKT-00374,2025-07-31 00:00,2025-08-11 00:00,Consultation,Code_Review,P4,201,Physics,user039,hpc-gpu-003,GPU,Code Review,"User user030 from Engineering submitted P4 incident for code review. Affected system: hpc-gpu-005, component: GPU. Job ID 3007614 produced incorrect results after 59 hours of execution. Error log analysis shows filesystem I/O error. Preliminary investigation: reviewing system logs.",Issue resolved via system reboot. Verification: user confirmed resolution.,0.0,firmware_incompatibility,No,L1,No,,0,0,0,Schedule follow-up,,174,47.8,Yes,No,P4,277,167.4
TKT-00384,2025-08-16 00:00,2025-08-25 00:00,Hardware_Failure,NVMe_Drive,P3,383,Engineering,user060,hpc-gpu-006,PSU,NVMe Drive,Hardware Failure incident reported via email. Automated monitoring triggered alert for nvme drive on hpc-cpu-011. Impact assessment: single user affected. Initial diagnosis indicates environmental factor. Prometheus alert: lustre_ost_full.,Issue resolved via system reboot. Verification: node health check passed.,15.3,hardware_wear,No,L1,Yes,NXG-SR-674670,420,1145,1565,Schedule follow-up,,134,9.2,Yes,Yes,P4,121,159.5
TKT-00393,2025-08-22 00:00,2025-08-30 00:00,Network,Link_Down,P3,357,Biology,user103,hpc-gpu-049,CPU,Link Down,"User user063 from Chemistry submitted P3 incident for link down. Affected system: hpc-cpu-004, component: CPU. Job ID 3471582 failed after 69 hours of execution. Error log analysis shows CUDA error. Preliminary investigation: checking node health metrics.",Issue resolved via escalation to vendor. Verification: user confirmed resolution.,7.2,planned_change,No,L1,No,,0,469,469,Vendor review,,295,11.9,No,Yes,P4,1132,117.9
TKT-00403,2025-04-09 00:00,2025-04-16 00:00,Hardware_Failure,NVMe_Drive,P3,431,Mathematics,user056,hpc-gpu-086,Filesystem,NVMe Drive,"User user095 from Mathematics submitted P3 incident for nvme drive. Affected system: hpc-gpu-012, component: Filesystem. Job ID 3954522 produced incorrect results after 63 hours of execution. Error log analysis shows authentication failure. Preliminary investigation: reviewing system logs.",Issue resolved via system reboot. Verification: monitoring alerts cleared.,13.0,config_drift,No,L1,Yes,,1200,1265,2465,Vendor review,,148,14.9,Yes,Yes,P4,1207,161.6
TKT-00413,2025-05-19 00:00,2025-05-25 00:00,Network,DNS_Issue,P3,416,Biology,user107,hpc-gpu-026,Memory,DNS Issue,"User user080 from Engineering submitted P3 incident for dns issue. Affected system: storage-002, component: Memory. Job ID 3962364 hung after 5 hours of execution. Error log analysis shows authentication failure. Preliminary investigation: consulting with vendor.",Issue resolved via firmware update. Verification: benchmark validation completed.,19.5,firmware_incompatibility,No,L1,Yes,,0,1534,1534,Vendor review,,152,10.8,Yes,Yes,P4,660,165.5
TKT-00422,2025-11-07 00:00,2025-11-14 00:00,Storage,Quota_Exceeded,P3,404,Earth Sciences,user116,hpc-gpu-072,Account,Quota Exceeded,Storage incident reported via email. Automated monitoring confirmed quota exceeded on hpc-gpu-073. Impact assessment: multiple users in department affected. Initial diagnosis indicates user error. Prometheus alert: gpu_temp_critical.,Issue resolved via component replacement. Verification: benchmark validation completed.,0.0,user_error,No,L1,Yes,,0,0,0,Vendor review,,203,10.5,Yes,Yes,P4,405,43.5
TKT-00432,2025-10-29 00:00,2025-11-05 00:00,Performance,Network_Latency,P3,407,Mathematics,user026,hpc-gpu-038,Network_HCA,Network Latency,"User user086 from Medical Research submitted P3 incident for network latency. Affected system: hpc-gpu-091, component: Network_HCA. Job ID 2546376 hung after 20 hours of execution. Error log analysis shows MPI abort. Preliminary investigation: consulting with vendor.",Issue resolved via permission adjustment. Verification: user confirmed resolution.,8.3,user_error,No,L1,No,,0,0,0,Vendor review,,272,10.3,No,Yes,P4,975,68.1
TKT-00441,2025-09-10 00:00,2025-09-13 00:00,Access_Request,New_Account,P3,399,Physics,user111,hpc-cpu-022,Fan,New Account,"User user095 from Physics submitted P3 incident for new account. Affected system: hpc-gpu-002, component: Fan. Job ID 4932949 failed after 14 hours of execution. Error log analysis shows CUDA error. Preliminary investigation: consulting with vendor.",Issue resolved via job resubmission. Verification: user confirmed resolution.,0.0,planned_change,No,L1,Yes,,0,0,0,,,133,13.5,Yes,Yes,P4,849,42.7
TKT-00451,2025-11-07 00:00,2025-11-21 00:00,Storage,Backup_Failure,P4,219,Chemistry,user015,hpc-gpu-082,NVMe,Backup Failure,"User user100 from Mathematics submitted P4 incident for backup failure. Affected system: hpc-gpu-025, component: NVMe. Job ID 6714078 hung after 34 hours of execution. Error log analysis shows authentication failure. Preliminary investigation: scheduling diagnostic run.",Issue resolved via job resubmission. Verification: service restored to normal operation.,0.0,hardware_wear,No,L1,No,,0,0,0,,,219,43.6,Yes,No,P4,968,45.6
TKT-00460,2025-11-14 00:00,2025-11-15 00:00,Hardware_Failure,BMC_Issue,P1,881,Earth Sciences,user079,hpc-gpu-039,Fan,BMC Issue,"User user118 from Biology submitted P1 incident for bmc issue. Affected system: hpc-gpu-092, component: Fan. Job ID 9992355 produced incorrect results after 17 hours of execution. Error log analysis shows MPI abort. Preliminary investigation: consulting with vendor.",Issue resolved via escalation to vendor. Verification: monitoring alerts cleared.,5.1,capacity_limit,No,L3,No,,1800,1224,3024,Vendor review,,11,7.7,Yes,No,P4,129,105.4
TKT-00470,2025-08-04 00:00,2025-08-07 00:00,Hardware_Failure,BMC_Issue,P3,394,Mathematics,user078,hpc-cpu-005,Memory,BMC Issue,Hardware Failure incident reported via phone. Automated monitoring confirmed bmc issue on hpc-gpu-041. Impact assessment: department-wide impact. Initial diagnosis indicates capacity limitation. Prometheus alert: lustre_ost_full.,Issue resolved via user training. Verification: benchmark validation completed.,10.5,user_error,No,L1,Yes,NXG-SR-544843,180,549,729,Monitor 30 days,,112,7.1,Yes,Yes,P4,500,46.7
TKT-00480,2025-09-07 00:00,2025-09-22 00:00,Access_Request,New_Account,P4,240,Mathematics,user113,hpc-gpu-032,GPU,New Account,"User user056 from Earth Sciences submitted P4 incident for new account. Affected system: hpc-gpu-079, component: GPU. Job ID 8323800 produced incorrect results after 66 hours of execution. Error log analysis shows NCCL timeout. Preliminary investigation: scheduling diagnostic run.",Issue resolved via quota increase. Verification: user confirmed resolution.,0.0,user_error,No,L1,No,,0,0,0,,,541,19.4,No,Yes,P4,649,49.6
TKT-00489,2025-02-12 00:00,2025-02-21 00:00,Performance,Thermal_Throttle,P3,382,Computer Science,user013,hpc-gpu-062,Memory,Thermal Throttle,"User user099 from Computer Science submitted P3 incident for thermal throttle. Affected system: hpc-cpu-018, component: Memory. Job ID 3982158 timed out after 20 hours of execution. Error log analysis shows segfault. Preliminary investigation: consulting with vendor.",Issue resolved via system reboot. Verification: service restored to normal operation.,16.9,planned_change,No,L1,Yes,,0,0,0,Monitor 30 days,,124,4.5,Yes,Yes,P4,1005,162.3
TKT-00499,2025-04-03 00:00,2025-04-11 00:00,Software_Issue,Driver_Issue,P3,442,Physics,user100,hpc-gpu-069,Filesystem,Driver Issue,Software Issue incident reported via web portal. Automated monitoring confirmed driver issue on hpc-gpu-085. Impact assessment: department-wide impact. Initial diagnosis indicates user error. Prometheus alert: gpu_temp_critical.,Issue resolved via escalation to vendor. Verification: user confirmed resolution.,0.0,security_event,No,L1,Yes,,0,0,0,Vendor review,,229,13.5,Yes,Yes,P4,940,62.9
TKT-00506,2025-04-29 00:00,2025-04-30 00:00,Consultation,Workflow_Optimization,P4,171,Biology,user029,hpc-gpu-089,NVMe,Workflow Optimization,"User user066 from Physics submitted P4 incident for workflow optimization. Affected system: hpc-gpu-028, component: NVMe. Job ID 5440826 timed out after 59 hours of execution. Error log analysis shows authentication failure. Preliminary investigation: scheduling diagnostic run.",Issue resolved via permission adjustment. Verification: node health check passed.,0.0,capacity_limit,No,L1,Yes,,0,0,0,Monitor 30 days,,240,36.8,Yes,Yes,P1,25,6.9
TKT-00509,2025-07-23 00:00,2025-07-30 00:00,Software_Issue,Library_Conflict,P3,358,Mathematics,user027,hpc-gpu-093,OS,Library Conflict,"User user002 from Biology submitted P3 incident for library conflict. Affected system: hpc-gpu-044, component: OS. Job ID 6317505 failed after 1 hours of execution. Error log analysis shows CUDA error. Preliminary investigation: consulting with vendor.",Issue resolved via permission adjustment. Verification: user confirmed resolution.,0.0,security_event,No,L1,Yes,,0,0,0,Monitor 30 days,,167,6.6,Yes,Yes,P4,396,141.5
TKT-00519,2025-03-16 00:00,2025-03-19 00:00,Hardware_Failure,Cable_Fault,P2,673,Biology,user040,hpc-gpu-032,GPU,Cable Fault,Hardware Failure incident reported via web portal. Automated monitoring confirmed cable fault on hpc-cpu-019. Impact assessment: single user affected. Initial diagnosis indicates user error. Prometheus alert: memory_pressure.,Issue resolved via quota increase. Verification: benchmark validation completed.,15.7,planned_change,Yes,L1,No,,180,184,364,Vendor review,,102,8.4,Yes,No,P4,274,108.6
TKT-00528,2025-08-24 00:00,2025-09-07 00:00,Account_Management,Visiting_Researcher,P4,221,Physics,user038,hpc-cpu-025,OS,Visiting Researcher,"User user013 from Physics submitted P4 incident for visiting researcher. Affected system: storage-003, component: OS. Job ID 6805803 produced incorrect results after 19 hours of execution. Error log analysis shows authentication failure. Preliminary investigation: consulting with vendor.",Issue resolved via software patch. Verification: benchmark validation completed.,0.0,user_error,No,L1,Yes,,0,0,0,,,466,20.7,Yes,Yes,P4,1144,154.0
TKT-00532,2025-08-08 00:00,2025-08-11 00:00,Software_Issue,Compiler_Error,P4,245,Chemistry,user071,hpc-gpu-094,PSU,Compiler Error,Software Issue incident reported via email. Automated monitoring triggered alert for compiler error on hpc-gpu-096. Impact assessment: multiple users in department affected. Initial diagnosis indicates capacity limitation. Prometheus alert: memory_pressure.,Issue resolved via system reboot. Verification: service restored to normal operation.,0.0,hardware_wear,No,L1,No,,0,0,0,Schedule follow-up,,502,40.1,No,No,P1,29,5.3
TKT-00539,2025-03-11 00:00,2025-03-20 00:00,Security,Policy_Violation,P3,429,Medical Research,user092,hpc-gpu-016,Network_HCA,Policy Violation,"User user073 from Earth Sciences submitted P3 incident for policy violation. Affected system: hpc-gpu-010, component: Network_HCA. Job ID 7826045 timed out after 6 hours of execution. Error log analysis shows OOM kill. Preliminary investigation: scheduling diagnostic run.",Issue resolved via component replacement. Verification: service restored to normal operation.,0.0,hardware_wear,No,L1,Yes,,0,0,0,Monitor 30 days,,236,11.1,Yes,Yes,P4,1430,79.6
TKT-00548,2025-06-27 00:00,2025-06-29 00:00,Hardware_Failure,Fan_Failure,P2,662,Earth Sciences,user112,hpc-cpu-021,Filesystem,Fan Failure,"User user109 from Chemistry submitted P2 incident for fan failure. Affected system: hpc-gpu-005, component: Filesystem. Job ID 8481327 crashed after 32 hours of execution. Error log analysis shows MPI abort. Preliminary investigation: scheduling diagnostic run.",Issue resolved via component replacement. Verification: node health check passed.,5.1,software_bug,No,L2,No,,1200,240,1440,Vendor review,,130,9.3,No,No,P4,218,152.6
TKT-00558,2025-02-23 00:00,2025-02-26 00:00,Software_Issue,Compiler_Error,P3,375,Computer Science,user089,hpc-gpu-092,CPU,Compiler Error,Software Issue incident reported via email. Automated monitoring confirmed compiler error on hpc-gpu-009. Impact assessment: cluster-wide performance degradation. Initial diagnosis indicates software misconfiguration. Prometheus alert: gpu_temp_critical.,Issue resolved via configuration update. Verification: benchmark validation completed.,0.0,firmware_incompatibility,No,L1,Yes,,0,0,0,,,79,8.2,Yes,Yes,P4,1056,130.9
TKT-00568,2025-01-10 00:00,2025-01-19 00:00,Security,Compliance_Audit,P3,384,Chemistry,user039,hpc-cpu-018,GPU,Compliance Audit,Security incident reported via Slack. Automated monitoring triggered alert for compliance audit on hpc-gpu-077. Impact assessment: cluster-wide performance degradation. Initial diagnosis indicates hardware wear. Prometheus alert: lustre_ost_full.,Issue resolved via system reboot. Verification: node health check passed.,0.0,software_bug,No,L1,No,,0,0,0,Vendor review,,202,19.0,Yes,No,P4,932,38.3
TKT-00577,2025-04-28 00:00,2025-05-11 00:00,Software_Issue,Library_Conflict,P4,246,Chemistry,user011,hpc-cpu-010,GPU,Library Conflict,Software Issue incident reported via web portal. Automated monitoring confirmed library conflict on hpc-gpu-012. Impact assessment: single user affected. Initial diagnosis indicates software misconfiguration. Prometheus alert: lustre_ost_full.,Issue resolved via permission adjustment. Verification: service restored to normal operation.,0.0,planned_change,No,L1,Yes,,0,0,0,,,397,28.8,Yes,Yes,P4,1356,108.8
TKT-00587,2025-08-05 00:00,2025-08-14 00:00,Network,Latency_Spike,P3,414,Computer Science,user004,hpc-gpu-025,CPU,Latency Spike,"User user015 from Engineering submitted P3 incident for latency spike. Affected system: hpc-gpu-003, component: CPU. Job ID 9785618 failed after 11 hours of execution. Error log analysis shows MPI abort. Preliminary investigation: consulting with vendor.",Issue resolved via job resubmission. Verification: monitoring alerts cleared.,19.0,config_drift,No,L1,Yes,,0,1579,1579,Schedule follow-up,,156,9.7,Yes,Yes,P4,807,162.2
TKT-00596,2025-09-21 00:00,2025-09-23 00:00,Storage,Quota_Exceeded,P2,745,Biology,user052,hpc-gpu-052,OS,Quota Exceeded,Storage incident reported via email. Automated monitoring triggered alert for quota exceeded on hpc-gpu-038. Impact assessment: department-wide impact. Initial diagnosis indicates user error. Prometheus alert: memory_pressure.,Issue resolved via software patch. Verification: user confirmed resolution.,0.0,environmental,No,L2,No,,0,0,0,,,139,7.4,No,Yes,P4,599,28.7
TKT-00606,2025-04-19 00:00,2025-04-21 00:00,Hardware_Failure,BMC_Issue,P2,672,Mathematics,user029,hpc-gpu-077,Security,BMC Issue,"User user054 from Earth Sciences submitted P2 incident for bmc issue. Affected system: hpc-cpu-028, component: Security. Job ID 6343055 produced incorrect results after 21 hours of execution. Error log analysis shows authentication failure. Preliminary investigation: reviewing system logs.",Issue resolved via escalation to vendor. Verification: user confirmed resolution.,7.6,hardware_wear,Yes,L2,Yes,,0,865,865,Monitor 30 days,,116,4.2,Yes,Yes,P4,1259,131.9
TKT-00615,2025-04-30 00:00,2025-05-08 00:00,Training,Container_Workshop,P4,236,Engineering,user055,hpc-gpu-013,Account,Container Workshop,"User user028 from Medical Research submitted P4 incident for container workshop. Affected system: hpc-gpu-049, component: Account. Job ID 1077512 hung after 67 hours of execution. Error log analysis shows segfault. Preliminary investigation: reviewing system logs.",Issue resolved via escalation to vendor. Verification: monitoring alerts cleared.,0.0,user_error,No,L1,Yes,,0,0,0,Vendor review,,260,24.3,Yes,Yes,P4,1191,54.3
TKT-00625,2025-06-30 00:00,2025-07-14 00:00,Account_Management,Billing_Dispute,P4,228,Chemistry,user069,hpc-gpu-010,Memory,Billing Dispute,"User user015 from Biology submitted P4 incident for billing dispute. Affected system: storage-004, component: Memory. Job ID 9414584 crashed after 54 hours of execution. Error log analysis shows filesystem I/O error. Preliminary investigation: scheduling diagnostic run.",Issue resolved via quota increase. Verification: monitoring alerts cleared.,0.0,environmental,No,L1,Yes,,0,0,0,Vendor review,,124,32.8,Yes,Yes,P4,1228,118.8
TKT-00634,2025-06-16 00:00,2025-07-01 00:00,Software_Issue,Kernel_Panic,P4,240,Engineering,user010,hpc-cpu-021,Scheduler,Kernel Panic,Software Issue incident reported via web portal. Automated monitoring confirmed kernel panic on hpc-gpu-025. Impact assessment: single user affected. Initial diagnosis indicates hardware wear. Prometheus alert: lustre_ost_full.,Issue resolved via system reboot. Verification: monitoring alerts cleared.,0.0,config_drift,No,L1,Yes,,0,0,0,Schedule follow-up,,305,26.7,Yes,Yes,P4,902,66.0
TKT-00644,2025-08-16 00:00,2025-08-19 00:00,Security,Vulnerability_Patch,P2,736,Computer Science,user046,hpc-gpu-093,OS,Vulnerability Patch,Security incident reported via phone. Automated monitoring confirmed vulnerability patch on hpc-gpu-011. Impact assessment: cluster-wide performance degradation. Initial diagnosis indicates hardware wear. Prometheus alert: memory_pressure.,Issue resolved via permission adjustment. Verification: service restored to normal operation.,0.0,user_error,No,L3,No,,0,0,0,Monitor 30 days,,86,9.1,Yes,No,P4,735,146.9
TKT-00654,2025-10-31 00:00,2025-11-08 00:00,Performance,Memory_Pressure,P3,436,Computer Science,user080,hpc-gpu-032,OS,Memory Pressure,Performance incident reported via web portal. Automated monitoring confirmed memory pressure on hpc-cpu-017. Impact assessment: cluster-wide performance degradation. Initial diagnosis indicates capacity limitation. Prometheus alert: disk_io_wait.,Issue resolved via configuration update. Verification: node health check passed.,19.2,security_event,No,L1,No,,0,0,0,Schedule follow-up,,251,13.0,No,Yes,P4,723,54.2
TKT-00663,2025-02-26 00:00,2025-02-28 00:00,Security,Vulnerability_Patch,P2,719,Physics,user078,hpc-gpu-025,GPU,Vulnerability Patch,"User user092 from Earth Sciences submitted P2 incident for vulnerability patch. Affected system: hpc-gpu-059, component: GPU. Job ID 4003110 hung after 70 hours of execution. Error log analysis shows authentication failure. Preliminary investigation: consulting with vendor.",Issue resolved via configuration update. Verification: user confirmed resolution.,0.0,hardware_wear,No,L2,No,,0,0,0,Schedule follow-up,,92,8.1,Yes,No,P4,767,99.1
TKT-00673,2025-12-28 00:00,2026-01-03 00:00,Hardware_Failure,BMC_Issue,P4,202,Biology,user073,hpc-gpu-030,Security,BMC Issue,Hardware Failure incident reported via Slack. Automated monitoring confirmed bmc issue on hpc-cpu-015. Impact assessment: single user affected. Initial diagnosis indicates capacity limitation. Prometheus alert: disk_io_wait.,Issue resolved via firmware update. Verification: node health check passed.,18.7,config_drift,No,L1,No,NXG-SR-618979,1200,922,2122,Schedule follow-up,,526,41.2,No,No,P4,1159,44.3
TKT-00682,2025-01-09 00:00,2025-01-25 00:00,Security,Compliance_Audit,P4,200,Biology,user077,hpc-gpu-052,CPU,Compliance Audit,"User user091 from Medical Research submitted P4 incident for compliance audit. Affected system: hpc-gpu-036, component: CPU. Job ID 9906136 crashed after 13 hours of execution. Error log analysis shows authentication failure. Preliminary investigation: reviewing system logs.",Issue resolved via component replacement. Verification: node health check passed.,0.0,security_event,No,L1,Yes,,0,0,0,Schedule follow-up,,267,15.1,Yes,Yes,P4,522,51.4
TKT-00692,2025-06-19 00:00,2025-06-30 00:00,Training,Container_Workshop,P4,218,Computer Science,user118,hpc-gpu-047,OS,Container Workshop,"User user047 from Physics submitted P4 incident for container workshop. Affected system: hpc-gpu-026, component: OS. Job ID 2326136 failed after 26 hours of execution. Error log analysis shows NCCL timeout. Preliminary investigation: reviewing system logs.",Issue resolved via software patch. Verification: benchmark validation completed.,0.0,planned_change,No,L1,Yes,,0,0,0,Vendor review,,405,27.1,Yes,Yes,P4,443,150.0
TKT-00701,2025-06-20 00:00,2025-07-02 00:00,Network,Link_Down,P4,213,Physics,user115,hpc-gpu-021,OS,Link Down,Network incident reported via Slack. Automated monitoring confirmed link down on hpc-gpu-055. Impact assessment: cluster-wide performance degradation. Initial diagnosis indicates hardware wear. Prometheus alert: disk_io_wait.,Issue resolved via job resubmission. Verification: node health check passed.,21.8,planned_change,No,L1,Yes,,0,1750,1750,,,121,9.9,Yes,Yes,P4,226,75.0
TKT-00711,2025-09-30 00:00,2025-10-01 00:00,Training,GPU_Programming,P3,369,Engineering,user093,hpc-gpu-039,OS,GPU Programming,"User user003 from Mathematics submitted P3 incident for gpu programming. Affected system: hpc-cpu-003, component: OS. Job ID 5398792 hung after 40 hours of execution. Error log analysis shows MPI abort. Preliminary investigation: reviewing system logs.",Issue resolved via system reboot. Verification: monitoring alerts cleared.,0.0,hardware_wear,No,L1,No,,0,0,0,Vendor review,,277,6.7,No,Yes,P4,700,51.9
TKT-00721,2025-02-04 00:00,2025-02-19 00:00,Performance,GPU_Utilization_Low,P4,207,Mathematics,user027,hpc-gpu-014,Memory,GPU Utilization Low,Performance incident reported via email. Automated monitoring confirmed gpu utilization low on hpc-cpu-005. Impact assessment: single user affected. Initial diagnosis indicates user error. Prometheus alert: gpu_temp_critical.,Issue resolved via quota increase. Verification: service restored to normal operation.,7.2,planned_change,No,L1,Yes,,0,0,0,Monitor 30 days,,290,11.2,Yes,Yes,P4,1089,80.5
TKT-00730,2025-04-02 00:00,2025-04-08 00:00,Hardware_Failure,PSU_Failure,P3,443,Biology,user092,hpc-gpu-096,Scheduler,PSU Failure,"User user032 from Mathematics submitted P3 incident for psu failure. Affected system: hpc-gpu-065, component: Scheduler. Job ID 4415967 failed after 20 hours of execution. Error log analysis shows CUDA error. Preliminary investigation: consulting with vendor.",Issue resolved via system reboot. Verification: user confirmed resolution.,22.8,user_error,No,L1,Yes,NXG-SR-560809,15500,950,16450,Schedule follow-up,,172,9.3,Yes,Yes,P4,1314,27.8
TKT-00740,2025-11-24 00:00,2025-12-07 00:00,Hardware_Failure,Fan_Failure,P4,233,Engineering,user005,hpc-gpu-011,Other,Fan Failure,Hardware Failure incident reported via email. Automated monitoring triggered alert for fan failure on hpc-gpu-041. Impact assessment: department-wide impact. Initial diagnosis indicates capacity limitation. Prometheus alert: disk_io_wait.,Issue resolved via escalation to vendor. Verification: service restored to normal operation.,7.7,software_bug,No,L1,Yes,NXG-SR-516534,1200,2082,3282,Vendor review,,286,26.9,Yes,Yes,P4,1321,130.5
TKT-00749,2025-06-23 00:00,2025-06-26 00:00,Performance,Thermal_Throttle,P2,686,Biology,user030,hpc-gpu-003,Fan,Thermal Throttle,"User user082 from Medical Research submitted P2 incident for thermal throttle. Affected system: hpc-cpu-023, component: Fan. Job ID 3510831 produced incorrect results after 57 hours of execution. Error log analysis shows NCCL timeout. Preliminary investigation: checking node health metrics.",Issue resolved via system reboot. Verification: user confirmed resolution.,22.2,environmental,No,L1,Yes,,0,0,0,Monitor 30 days,,93,3.6,Yes,Yes,P4,792,128.1
TKT-00759,2025-09-07 00:00,2025-09-09 00:00,Hardware_Failure,BMC_Issue,P3,412,Computer Science,user115,hpc-gpu-083,Memory,BMC Issue,Hardware Failure incident reported via phone. Automated monitoring triggered alert for bmc issue on hpc-gpu-042. Impact assessment: single user affected. Initial diagnosis indicates user error. Prometheus alert: node_cpu_high.,Issue resolved via escalation to vendor. Verification: benchmark validation completed.,3.5,software_bug,No,L1,No,NXG-SR-492623,15500,705,16205,Schedule follow-up,,165,16.5,Yes,No,P4,219,92.7
TKT-00768,2025-03-14 00:00,2025-03-17 00:00,Hardware_Failure,BMC_Issue,P3,431,Computer Science,user047,hpc-gpu-032,Network_HCA,BMC Issue,"User user065 from Mathematics submitted P3 incident for bmc issue. Affected system: hpc-gpu-040, component: Network_HCA. Job ID 2928614 crashed after 29 hours of execution. Error log analysis shows filesystem I/O error. Preliminary investigation: reviewing system logs.",Issue resolved via firmware update. Verification: node health check passed.,14.9,firmware_incompatibility,No,L1,No,NXG-SR-302914,15500,964,16464,Schedule follow-up,,213,16.9,Yes,No,P4,693,79.4
TKT-00778,2025-01-14 00:00,2025-01-17 00:00,Security,Unauthorized_Access,P3,362,Biology,user012,hpc-gpu-072,Fan,Unauthorized Access,Security incident reported via email. Automated monitoring confirmed unauthorized access on hpc-cpu-026. Impact assessment: single user affected. Initial diagnosis indicates environmental factor. Prometheus alert: network_errors.,Issue resolved via configuration update. Verification: service restored to normal operation.,0.0,environmental,No,L1,Yes,,0,0,0,Monitor 30 days,,104,5.7,Yes,Yes,P4,970,45.0
TKT-00787,2025-10-05 00:00,2025-10-09 00:00,Storage,Performance_Degradation,P3,364,Computer Science,user003,hpc-gpu-052,Fan,Performance Degradation,"User user096 from Chemistry submitted P3 incident for performance degradation. Affected system: hpc-gpu-075, component: Fan. Job ID 2251344 hung after 66 hours of execution. Error log analysis shows filesystem I/O error. Preliminary investigation: checking node health metrics.",Issue resolved via escalation to vendor. Verification: service restored to normal operation.,0.0,firmware_incompatibility,No,L1,Yes,,0,0,0,Monitor 30 days,,169,10.9,Yes,Yes,P4,1130,26.8
TKT-00797,2025-10-26 00:00,2025-11-02 00:00,Software_Issue,Compiler_Error,P4,154,Earth Sciences,user105,hpc-gpu-056,Scheduler,Compiler Error,"User user034 from Chemistry submitted P4 incident for compiler error. Affected system: hpc-cpu-016, component: Scheduler. Job ID 2263059 failed after 6 hours of execution. Error log analysis shows OOM kill. Preliminary investigation: consulting with vendor.",Issue resolved via software patch. Verification: service restored to normal operation.,0.0,firmware_incompatibility,No,L1,Yes,,0,0,0,Vendor review,,387,29.8,Yes,Yes,P4,167,87.7
TKT-00807,2025-10-28 00:00,2025-11-01 00:00,Consultation,Benchmark_Request,P3,400,Computer Science,user008,hpc-cpu-014,Account,Benchmark Request,"User user097 from Earth Sciences submitted P3 incident for benchmark request. Affected system: hpc-gpu-029, component: Account. Job ID 9121119 produced incorrect results after 59 hours of execution. Error log analysis shows NCCL timeout. Preliminary investigation: consulting with vendor.",Issue resolved via configuration update. Verification: benchmark validation completed.,0.0,planned_change,No,L1,No,,0,0,0,,,63,19.6,Yes,No,P4,643,63.5
TKT-00816,2025-01-23 00:00,2025-01-27 00:00,Network,Link_Down,P3,380,Earth Sciences,user113,hpc-gpu-044,Filesystem,Link Down,Network incident reported via Slack. Automated monitoring triggered alert for link down on login-002. Impact assessment: department-wide impact. Initial diagnosis indicates user error. Prometheus alert: node_cpu_high.,Issue resolved via escalation to vendor. Verification: benchmark validation completed.,18.1,software_bug,No,L1,Yes,,0,1364,1364,Monitor 30 days,,171,6.0,Yes,Yes,P4,573,59.1
TKT-00826,2025-11-03 00:00,2025-11-11 00:00,Account_Management,Graduation_Deactivation,P3,362,Medical Research,user021,hpc-gpu-029,PSU,Graduation Deactivation,Account Management incident reported via web portal. Automated monitoring confirmed graduation deactivation on hpc-gpu-038. Impact assessment: multiple users in department affected. Initial diagnosis indicates hardware wear. Prometheus alert: memory_pressure.,Issue resolved via permission adjustment. Verification: user confirmed resolution.,0.0,config_drift,No,L1,No,,0,0,0,Vendor review,,261,11.7,No,Yes,P4,1284,76.5
TKT-00835,2025-12-10 00:00,2025-12-11 00:00,Performance,Network_Latency,P3,421,Biology,user104,hpc-gpu-049,CPU,Network Latency,"User user005 from Chemistry submitted P3 incident for network latency. Affected system: hpc-gpu-045, component: CPU. Job ID 1533235 hung after 27 hours of execution. Error log analysis shows OOM kill. Preliminary investigation: reviewing system logs.",Issue resolved via component replacement. Verification: user confirmed resolution.,12.0,firmware_incompatibility,No,L1,No,,0,0,0,,,266,11.0,No,Yes,P4,726,151.1
TKT-00845,2025-04-04 00:00,2025-04-22 00:00,Access_Request,New_Account,P4,177,Mathematics,user030,hpc-gpu-012,Other,New Account,Access Request incident reported via phone. Automated monitoring confirmed new account on hpc-gpu-030. Impact assessment: single user affected. Initial diagnosis indicates environmental factor. Prometheus alert: node_cpu_high.,Issue resolved via user training. Verification: benchmark validation completed.,0.0,hardware_wear,No,L1,Yes,,0,0,0,Monitor 30 days,,342,28.3,Yes,Yes,P4,1419,167.6
TKT-00854,2025-01-09 00:00,2025-01-15 00:00,Storage,Performance_Degradation,P4,236,Biology,user101,hpc-gpu-001,Scheduler,Performance Degradation,"User user062 from Medical Research submitted P4 incident for performance degradation. Affected system: hpc-gpu-087, component: Scheduler. Job ID 6643693 hung after 46 hours of execution. Error log analysis shows NCCL timeout. Preliminary investigation: reviewing system logs.",Issue resolved via software patch. Verification: node health check passed.,0.0,security_event,No,L1,No,,0,0,0,Vendor review,,329,47.8,Yes,No,P4,829,126.5
TKT-00864,2025-12-11 00:00,2025-12-20 00:00,Hardware_Failure,Memory_DIMM,P4,201,Biology,user026,hpc-cpu-025,Application,Memory DIMM,"User user118 from Medical Research submitted P4 incident for memory dimm. Affected system: hpc-cpu-026, component: Application. Job ID 6101736 failed after 7 hours of execution. Error log analysis shows OOM kill. Preliminary investigation: checking node health metrics.",Issue resolved via firmware update. Verification: monitoring alerts cleared.,6.2,config_drift,No,L1,No,,15500,1621,17121,Monitor 30 days,,159,41.6,Yes,No,P4,452,120.5
TKT-00869,2025-05-14 00:00,2025-05-21 00:00,Storage,Performance_Degradation,P3,389,Biology,user054,hpc-gpu-010,Application,Performance Degradation,"User user038 from Chemistry submitted P3 incident for performance degradation. Affected system: hpc-gpu-048, component: Application. Job ID 8418515 produced incorrect results after 28 hours of execution. Error log analysis shows OOM kill. Preliminary investigation: checking node health metrics.",Issue resolved via user training. Verification: monitoring alerts cleared.,0.0,environmental,No,L1,Yes,,0,0,0,Vendor review,,200,8.2,Yes,Yes,P1,15,6.8
TKT-00874,2025-10-10 00:00,2025-10-19 00:00,Consultation,Benchmark_Request,P3,359,Computer Science,user045,hpc-gpu-030,OS,Benchmark Request,"User user020 from Earth Sciences submitted P3 incident for benchmark request. Affected system: hpc-gpu-023, component: OS. Job ID 8460129 produced incorrect results after 51 hours of execution. Error log analysis shows segfault. Preliminary investigation: reviewing system logs.",Issue resolved via component replacement. Verification: benchmark validation completed.,0.0,hardware_wear,No,L1,No,,0,0,0,,,296,14.5,No,Yes,P4,1375,31.8
TKT-00884,2025-04-18 00:00,2025-04-29 00:00,Consultation,Software_Selection,P4,174,Mathematics,user067,hpc-cpu-022,OS,Software Selection,"User user036 from Computer Science submitted P4 incident for software selection. Affected system: hpc-gpu-087, component: OS. Job ID 1402010 crashed after 12 hours of execution. Error log analysis shows MPI abort. Preliminary investigation: scheduling diagnostic run.",Issue resolved via quota increase. Verification: node health check passed.,0.0,security_event,No,L1,No,,0,0,0,Schedule follow-up,,441,43.6,Yes,No,P4,822,30.9
TKT-00894,2025-11-29 00:00,2025-12-01 00:00,Software_Issue,Module_Load,P4,234,Engineering,user100,hpc-gpu-066,CPU,Module Load,Software Issue incident reported via phone. Automated monitoring triggered alert for module load on hpc-gpu-030. Impact assessment: multiple users in department affected. Initial diagnosis indicates capacity limitation. Prometheus alert: lustre_ost_full.,Issue resolved via system reboot. Verification: monitoring alerts cleared.,0.0,software_bug,No,L1,No,,0,0,0,Vendor review,,249,47.0,Yes,No,P4,1248,107.3
TKT-00903,2025-05-27 00:00,2025-06-05 00:00,Software_Issue,Compiler_Error,P3,403,Physics,user083,hpc-gpu-050,CPU,Compiler Error,"User user011 from Chemistry submitted P3 incident for compiler error. Affected system: hpc-gpu-048, component: CPU. Job ID 3837914 hung after 59 hours of execution. Error log analysis shows MPI abort. Preliminary investigation: scheduling diagnostic run.",Issue resolved via permission adjustment. Verification: benchmark validation completed.,0.0,security_event,No,L1,No,,0,0,0,Vendor review,,63,16.9,Yes,No,P4,688,165.7
TKT-00913,2025-05-11 00:00,2025-05-15 00:00,Access_Request,SSH_Key,P2,701,Computer Science,user007,hpc-gpu-047,Security,SSH Key,Access Request incident reported via email. Automated monitoring triggered alert for ssh key on hpc-gpu-059. Impact assessment: cluster-wide performance degradation. Initial diagnosis indicates environmental factor. Prometheus alert: disk_io_wait.,Issue resolved via configuration update. Verification: benchmark validation completed.,0.0,capacity_limit,No,L2,No,,0,0,0,Monitor 30 days,,137,7.6,No,Yes,P4,1189,28.3
TKT-00922,2025-07-12 00:00,2025-07-21 00:00,Consultation,Benchmark_Request,P3,357,Earth Sciences,user039,hpc-gpu-068,Scheduler,Benchmark Request,"User user095 from Engineering submitted P3 incident for benchmark request. Affected system: hpc-cpu-019, component: Scheduler. Job ID 9022041 failed after 51 hours of execution. Error log analysis shows filesystem I/O error. Preliminary investigation: reviewing system logs.",Issue resolved via permission adjustment. Verification: service restored to normal operation.,0.0,hardware_wear,No,L1,No,,0,0,0,Schedule follow-up,,185,16.6,Yes,No,P4,791,135.8
TKT-00932,2025-06-02 00:00,2025-06-10 00:00,Consultation,Code_Review,P3,427,Earth Sciences,user021,hpc-gpu-034,OS,Code Review,"User user008 from Biology submitted P3 incident for code review. Affected system: hpc-gpu-002, component: OS. Job ID 7600829 produced incorrect results after 42 hours of execution. Error log analysis shows authentication failure. Preliminary investigation: reviewing system logs.",Issue resolved via component replacement. Verification: node health check passed.,0.0,security_event,No,L1,Yes,,0,0,0,Schedule follow-up,,223,9.9,Yes,Yes,P4,570,57.3
TKT-00941,2025-05-23 00:00,2025-06-07 00:00,Security,Certificate_Renewal,P4,184,Mathematics,user063,hpc-gpu-019,OS,Certificate Renewal,"User user048 from Mathematics submitted P4 incident for certificate renewal. Affected system: hpc-gpu-046, component: OS. Job ID 4255855 crashed after 7 hours of execution. Error log analysis shows authentication failure. Preliminary investigation: scheduling diagnostic run.",Issue resolved via permission adjustment. Verification: benchmark validation completed.,0.0,software_bug,No,L1,No,,0,0,0,,,518,35.4,No,Yes,P4,557,54.3
TKT-00951,2025-03-03 00:00,2025-03-11 00:00,Hardware_Failure,Backplane,P3,440,Engineering,user104,login-001,Fan,Backplane,Hardware Failure incident reported via phone. Automated monitoring triggered alert for backplane on hpc-gpu-060. Impact assessment: multiple users in department affected. Initial diagnosis indicates capacity limitation. Prometheus alert: lustre_ost_full.,Issue resolved via software patch. Verification: node health check passed.,19.4,environmental,No,L1,Yes,,15500,502,16002,Vendor review,,124,6.7,Yes,Yes,P4,895,35.5
TKT-00961,2025-03-21 00:00,2025-03-22 00:00,Account_Management,Graduation_Deactivation,P4,199,Medical Research,user099,hpc-gpu-037,Scheduler,Graduation Deactivation,"User user047 from Earth Sciences submitted P4 incident for graduation deactivation. Affected system: hpc-cpu-021, component: Scheduler. Job ID 1629816 failed after 1 hours of execution. Error log analysis shows MPI abort. Preliminary investigation: checking node health metrics.",Issue resolved via system reboot. Verification: benchmark validation completed.,0.0,environmental,No,L1,Yes,,0,0,0,,,385,39.5,Yes,Yes,P4,1375,47.1
TKT-00970,2025-05-08 00:00,2025-05-08 00:00,Performance,CPU_Contention,P3,351,Earth Sciences,user003,hpc-gpu-095,Network_HCA,CPU Contention,Performance incident reported via email. Automated monitoring confirmed cpu contention on hpc-cpu-028. Impact assessment: multiple users in department affected. Initial diagnosis indicates environmental factor. Prometheus alert: memory_pressure.,Issue resolved via quota increase. Verification: benchmark validation completed.,4.1,security_event,No,L1,No,,0,0,0,Schedule follow-up,,136,16.4,Yes,No,P4,1338,100.8
TKT-00975,2025-09-02 00:00,2025-09-02 00:00,Consultation,Scaling_Advice,P3,354,Chemistry,user013,hpc-gpu-027,Filesystem,Scaling Advice,"User user058 from Earth Sciences submitted P3 incident for scaling advice. Affected system: hpc-gpu-010, component: Filesystem. Job ID 9636518 produced incorrect results after 1 hours of execution. Error log analysis shows OOM kill. Preliminary investigation: checking node health metrics.",Issue resolved via configuration update. Verification: user confirmed resolution.,0.0,capacity_limit,No,L1,No,,0,0,0,Monitor 30 days,,144,19.0,Yes,No,P1,27,6.5
TKT-00981,2025-06-02 00:00,2025-06-12 00:00,Security,Certificate_Renewal,P4,165,Mathematics,user119,hpc-gpu-059,NVMe,Certificate Renewal,Security incident reported via web portal. Automated monitoring triggered alert for certificate renewal on hpc-gpu-008. Impact assessment: multiple users in department affected. Initial diagnosis indicates user error. Prometheus alert: memory_pressure.,Issue resolved via software patch. Verification: service restored to normal operation.,0.0,capacity_limit,No,L1,Yes,,0,0,0,Schedule follow-up,,328,14.9,Yes,Yes,P4,916,65.6
TKT-00990,2025-05-30 00:00,2025-06-05 00:00,Storage,Quota_Exceeded,P3,421,Biology,user086,hpc-gpu-017,GPU,Quota Exceeded,"User user072 from Physics submitted P3 incident for quota exceeded. Affected system: hpc-gpu-062, component: GPU. Job ID 3087253 failed after 68 hours of execution. Error log analysis shows NCCL timeout. Preliminary investigation: consulting with vendor.",Issue resolved via system reboot. Verification: node health check passed.,0.0,planned_change,No,L1,Yes,,0,0,0,Vendor review,,108,9.8,Yes,Yes,P4,909,113.4
TKT-01000,2025-04-26 00:00,2025-04-30 00:00,Performance,Thermal_Throttle,P4,190,Physics,user017,hpc-gpu-008,Account,Thermal Throttle,"User user029 from Chemistry submitted P4 incident for thermal throttle. Affected system: hpc-gpu-064, component: Account. Job ID 4658637 failed after 11 hours of execution. Error log analysis shows NCCL timeout. Preliminary investigation: scheduling diagnostic run.",Issue resolved via component replacement. Verification: benchmark validation completed.,4.3,capacity_limit,No,L1,No,,0,0,0,Schedule follow-up,,191,40.4,Yes,No,P4,197,163.2
TKT-01009,2025-10-04 00:00,2025-10-15 00:00,Hardware_Failure,Backplane,P4,175,Medical Research,user064,hpc-gpu-018,PSU,Backplane,"User user007 from Chemistry submitted P4 incident for backplane. Affected system: hpc-gpu-025, component: PSU. Job ID 5781423 crashed after 9 hours of execution. Error log analysis shows authentication failure. Preliminary investigation: consulting with vendor.",Issue resolved via configuration update. Verification: node health check passed.,3.4,security_event,No,L1,Yes,,15500,1344,16844,Schedule follow-up,,443,18.0,Yes,Yes,P4,419,113.9
TKT-01019,2025-07-12 00:00,2025-07-14 00:00,Software_Issue,Container_Runtime,P4,182,Mathematics,user051,hpc-gpu-011,OS,Container Runtime,Software Issue incident reported via Slack. Automated monitoring confirmed container runtime on hpc-cpu-015. Impact assessment: cluster-wide performance degradation. Initial diagnosis indicates capacity limitation. Prometheus alert: lustre_ost_full.,Issue resolved via escalation to vendor. Verification: benchmark validation completed.,0.0,firmware_incompatibility,No,L1,No,,0,0,0,Vendor review,,449,47.8,Yes,No,P4,1268,119.5
TKT-01028,2025-12-07 00:00,2025-12-12 00:00,Hardware_Failure,Backplane,P3,447,Earth Sciences,user104,hpc-cpu-027,Application,Backplane,"User user103 from Physics submitted P3 incident for backplane. Affected system: hpc-gpu-012, component: Application. Job ID 6773021 hung after 6 hours of execution. Error log analysis shows OOM kill. Preliminary investigation: reviewing system logs.",Issue resolved via quota increase. Verification: service restored to normal operation.,20.0,config_drift,No,L1,Yes,,420,747,1167,Schedule follow-up,,98,9.3,Yes,Yes,P4,839,101.7
TKT-01038,2025-11-15 00:00,2025-11-24 00:00,Consultation,Software_Selection,P3,412,Medical Research,user007,hpc-gpu-062,Application,Software Selection,Consultation incident reported via Slack. Automated monitoring confirmed software selection on hpc-gpu-045. Impact assessment: single user affected. Initial diagnosis indicates environmental factor. Prometheus alert: memory_pressure.,Issue resolved via escalation to vendor. Verification: benchmark validation completed.,0.0,config_drift,No,L1,No,,0,0,0,Vendor review,,264,12.8,No,Yes,P4,344,139.7
TKT-01048,2025-04-15 00:00,2025-05-02 00:00,Access_Request,New_Account,P4,198,Computer Science,user041,hpc-gpu-048,GPU,New Account,Access Request incident reported via Slack. Automated monitoring triggered alert for new account on hpc-gpu-036. Impact assessment: single user affected. Initial diagnosis indicates environmental factor. Prometheus alert: network_errors.,Issue resolved via job resubmission. Verification: service restored to normal operation.,0.0,capacity_limit,No,L1,Yes,,0,0,0,Monitor 30 days,,343,32.0,Yes,Yes,P4,1138,53.8
TKT-01057,2025-04-09 00:00,2025-04-09 00:00,Training,Slurm_Usage,P3,366,Physics,user025,hpc-gpu-020,GPU,Slurm Usage,Training incident reported via Slack. Automated monitoring confirmed slurm usage on storage-003. Impact assessment: cluster-wide performance degradation. Initial diagnosis indicates environmental factor. Prometheus alert: gpu_temp_critical.,Issue resolved via system reboot. Verification: monitoring alerts cleared.,0.0,software_bug,No,L1,No,,0,0,0,,,246,8.4,No,Yes,P4,407,133.3
TKT-01067,2025-11-19 00:00,2025-11-22 00:00,Network,Cable_Replacement,P2,667,Biology,user082,hpc-gpu-031,Memory,Cable Replacement,"User user105 from Mathematics submitted P2 incident for cable replacement. Affected system: hpc-cpu-020, component: Memory. Job ID 2341754 crashed after 64 hours of execution. Error log analysis shows OOM kill. Preliminary investigation: scheduling diagnostic run.",Issue resolved via permission adjustment. Verification: monitoring alerts cleared.,1.1,user_error,Yes,L3,Yes,,0,121,121,Schedule follow-up,,49,3.0,Yes,Yes,P4,325,111.3
TKT-01076,2025-01-04 00:00,2025-01-14 00:00,Performance,CPU_Contention,P4,246,Medical Research,user059,hpc-gpu-042,Account,CPU Contention,"User user063 from Medical Research submitted P4 incident for cpu contention. Affected system: hpc-gpu-020, component: Account. Job ID 7002653 failed after 70 hours of execution. Error log analysis shows segfault. Preliminary investigation: consulting with vendor.",Issue resolved via system reboot. Verification: benchmark validation completed.,10.9,config_drift,No,L1,Yes,,0,0,0,Vendor review,,378,28.0,Yes,Yes,P4,1284,61.1
TKT-01086,2025-07-12 00:00,2025-07-14 00:00,Performance,Thermal_Throttle,P4,213,Physics,user038,hpc-cpu-006,Security,Thermal Throttle,Performance incident reported via web portal. Automated monitoring triggered alert for thermal throttle on hpc-gpu-083. Impact assessment: cluster-wide performance degradation. Initial diagnosis indicates hardware wear. Prometheus alert: gpu_temp_critical.,Issue resolved via quota increase. Verification: service restored to normal operation.,11.7,environmental,No,L1,Yes,,0,0,0,,,140,15.4,Yes,Yes,P4,657,137.7
TKT-01095,2025-06-18 00:00,2025-07-06 00:00,Access_Request,New_Account,P4,159,Mathematics,user089,hpc-cpu-025,Fan,New Account,"User user111 from Medical Research submitted P4 incident for new account. Affected system: hpc-gpu-043, component: Fan. Job ID 6355304 timed out after 4 hours of execution. Error log analysis shows authentication failure. Preliminary investigation: checking node health metrics.",Issue resolved via permission adjustment. Verification: node health check passed.,0.0,config_drift,No,L1,No,,0,0,0,Schedule follow-up,,528,20.1,No,Yes,P4,1297,155.8
TKT-01105,2025-10-25 00:00,2025-10-30 00:00,Hardware_Failure,Cable_Fault,P3,404,Chemistry,user061,hpc-gpu-062,OS,Cable Fault,Hardware Failure incident reported via phone. Automated monitoring triggered alert for cable fault on hpc-gpu-005. Impact assessment: single user affected. Initial diagnosis indicates software misconfiguration. Prometheus alert: lustre_ost_full.,Issue resolved via permission adjustment. Verification: node health check passed.,6.8,software_bug,No,L1,No,,1200,494,1694,Schedule follow-up,,143,19.8,Yes,No,P4,641,118.0
TKT-01114,2025-10-17 00:00,2025-10-19 00:00,Hardware_Failure,Memory_DIMM,P4,241,Engineering,user009,hpc-cpu-013,Memory,Memory DIMM,Hardware Failure incident reported via Slack. Automated monitoring triggered alert for memory dimm on hpc-gpu-041. Impact assessment: cluster-wide performance degradation. Initial diagnosis indicates software misconfiguration. Prometheus alert: memory_pressure.,Issue resolved via system reboot. Verification: node health check passed.,8.8,capacity_limit,No,L1,No,NXG-SR-145456,1200,1682,2882,Vendor review,,257,40.6,Yes,No,P4,1042,46.8
TKT-01124,2025-07-29 00:00,2025-08-08 00:00,Consultation,Scaling_Advice,P4,168,Medical Research,user047,hpc-gpu-077,Other,Scaling Advice,Consultation incident reported via phone. Automated monitoring triggered alert for scaling advice on hpc-gpu-087. Impact assessment: cluster-wide performance degradation. Initial diagnosis indicates environmental factor. Prometheus alert: gpu_temp_critical.,Issue resolved via quota increase. Verification: benchmark validation completed.,0.0,config_drift,No,L1,No,,0,0,0,Schedule follow-up,,522,38.2,No,Yes,P4,1197,77.3
TKT-01134,2025-11-23 00:00,2025-12-07 00:00,Training,Container_Workshop,P4,162,Earth Sciences,user058,hpc-gpu-085,Fan,Container Workshop,"User user012 from Biology submitted P4 incident for container workshop. Affected system: hpc-cpu-021, component: Fan. Job ID 2002590 hung after 3 hours of execution. Error log analysis shows filesystem I/O error. Preliminary investigation: scheduling diagnostic run.",Issue resolved via escalation to vendor. Verification: user confirmed resolution.,0.0,security_event,No,L1,Yes,,0,0,0,Monitor 30 days,,310,28.8,Yes,Yes,P4,363,142.7
TKT-01143,2025-03-31 00:00,2025-04-15 00:00,Hardware_Failure,NVMe_Drive,P4,243,Medical Research,user098,hpc-gpu-009,NVMe,NVMe Drive,"User user118 from Biology submitted P4 incident for nvme drive. Affected system: hpc-gpu-077, component: NVMe. Job ID 1194173 failed after 12 hours of execution. Error log analysis shows segfault. Preliminary investigation: consulting with vendor.",Issue resolved via component replacement. Verification: service restored to normal operation.,19.5,hardware_wear,No,L1,Yes,NXG-SR-671086,420,1618,2038,Monitor 30 days,,421,8.3,Yes,Yes,P4,649,126.5
TKT-01153,2025-10-06 00:00,2025-10-13 00:00,Hardware_Failure,BMC_Issue,P3,446,Mathematics,user054,storage-002,Fan,BMC Issue,"User user044 from Computer Science submitted P3 incident for bmc issue. Affected system: hpc-gpu-081, component: Fan. Job ID 6857037 produced incorrect results after 17 hours of execution. Error log analysis shows segfault. Preliminary investigation: scheduling diagnostic run.",Issue resolved via component replacement. Verification: node health check passed.,11.8,planned_change,No,L1,Yes,,15500,1266,16766,Schedule follow-up,,169,4.3,Yes,Yes,P4,1344,134.2
TKT-01162,2025-01-28 00:00,2025-02-16 00:00,Hardware_Failure,PSU_Failure,P4,188,Biology,user032,storage-003,Fan,PSU Failure,Hardware Failure incident reported via email. Automated monitoring confirmed psu failure on hpc-gpu-011. Impact assessment: single user affected. Initial diagnosis indicates capacity limitation. Prometheus alert: memory_pressure.,Issue resolved via permission adjustment. Verification: node health check passed.,24.0,firmware_incompatibility,No,L1,Yes,,1800,665,2465,,,265,22.8,Yes,Yes,P4,300,131.6
TKT-01172,2025-03-10 00:00,2025-03-19 00:00,Security,Policy_Violation,P3,385,Earth Sciences,user014,hpc-gpu-068,OS,Policy Violation,"User user060 from Engineering submitted P3 incident for policy violation. Affected system: hpc-gpu-074, component: OS. Job ID 1678387 hung after 24 hours of execution. Error log analysis shows authentication failure. Preliminary investigation: consulting with vendor.",Issue resolved via escalation to vendor. Verification: monitoring alerts cleared.,0.0,security_event,No,L1,Yes,,0,0,0,,,169,9.8,Yes,Yes,P4,988,109.2
TKT-01181,2025-04-28 00:00,2025-05-03 00:00,Training,GPU_Programming,P4,187,Medical Research,user095,hpc-gpu-068,Other,GPU Programming,Training incident reported via phone. Automated monitoring confirmed gpu programming on hpc-gpu-043. Impact assessment: cluster-wide performance degradation. Initial diagnosis indicates hardware wear. Prometheus alert: network_errors.,Issue resolved via job resubmission. Verification: user confirmed resolution.,0.0,firmware_incompatibility,No,L1,No,,0,0,0,Vendor review,,528,38.8,No,Yes,P4,1314,93.2
TKT-01191,2025-10-30 00:00,2025-11-02 00:00,Performance,Memory_Pressure,P2,662,Mathematics,user012,hpc-gpu-055,Scheduler,Memory Pressure,"User user044 from Earth Sciences submitted P2 incident for memory pressure. Affected system: hpc-gpu-080, component: Scheduler. Job ID 1638637 produced incorrect results after 37 hours of execution. Error log analysis shows filesystem I/O error. Preliminary investigation: reviewing system logs.",Issue resolved via firmware update. Verification: monitoring alerts cleared.,20.1,firmware_incompatibility,No,L2,Yes,,0,0,0,Vendor review,,100,4.5,Yes,Yes,P4,951,95.3
