Month,Month_Num,Fiscal_Quarter,Department,Partition,Job_Size_Category,Jobs_Submitted,Jobs_Completed,Jobs_Failed,Jobs_Cancelled,Jobs_Timeout,Jobs_OOM,Jobs_Preempted,Total_GPU_Hours,Total_CPU_Hours,Total_Memory_GB_Hours,Total_Storage_Read_TB,Total_Storage_Write_TB,Avg_Wait_Minutes,Median_Wait_Minutes,P95_Wait_Minutes,P99_Wait_Minutes,Avg_Runtime_Hours,Median_Runtime_Hours,Avg_GPU_Utilization_PCT,Avg_Memory_Utilization_PCT,Avg_IB_BW_GBps,Total_Energy_kWh,Cost_Allocation_USD,Walltime_Accuracy_PCT,SLA_Met_PCT
Jan,1,Q1,Physics,gpu,129-256_GPU,192,165,10,4,3,3,0,226146.9,561586.1,217330767.0,109067.89,24560.09,24.7,17.3,61.8,99.0,49.0,29.4,86.4,60.5,126.1,1243808.0,644518.58,86.8,89.6
Jan,1,Q1,Physics,interactive,2-GPU,263,227,24,2,0,2,0,10879.5,33188.2,4532950.0,2272.35,431.34,41.4,29.0,103.5,165.7,11.5,6.9,42.9,73.0,137.8,59837.0,31006.53,45.7,96.0
Jan,1,Q1,Physics,large,1-GPU,38,35,1,1,0,0,0,1443.4,3599.4,893338.0,339.5,272.99,20.1,14.0,50.2,80.3,3.0,1.8,50.1,37.9,147.5,7939.0,4113.8,78.6,97.3
Jan,1,Q1,Physics,large,5-8_GPU,164,147,16,5,3,0,0,12573.3,49810.7,4026454.0,5581.29,1596.19,33.5,23.4,83.7,133.9,1.8,1.1,35.2,42.7,39.3,69153.0,35833.94,73.2,97.1
Jan,1,Q1,Physics,priority,5-8_GPU,317,278,7,10,3,6,0,14817.7,57201.8,4238904.0,491.63,270.87,41.8,29.3,104.5,167.2,62.1,37.3,48.0,59.8,93.5,81498.0,42230.54,59.3,89.1
Jan,1,Q1,Physics,preemptible,1-GPU,263,247,11,12,6,1,10,12328.8,46175.3,3177444.0,5882.32,2144.8,95.8,67.1,239.6,383.4,62.7,37.6,49.7,42.5,176.6,67808.0,35137.01,73.9,93.0
Jan,1,Q1,Physics,preemptible,2-GPU,263,240,12,7,6,1,8,6664.6,23471.6,2445448.0,1213.52,1773.51,41.3,28.9,103.2,165.1,48.8,29.3,82.1,47.4,28.2,36656.0,18994.23,63.1,97.3
Jan,1,Q1,Biology,gpu,9-16_GPU,303,259,13,4,8,1,0,8536.8,14518.2,2718126.0,2704.65,1357.04,63.7,44.6,159.3,254.9,26.9,16.1,69.6,51.2,86.8,46952.0,24329.84,82.8,90.6
Jan,1,Q1,Biology,debug,2-GPU,375,356,8,15,5,7,0,21100.7,58767.8,21560594.0,7071.02,2671.69,25.0,17.5,62.4,99.9,17.7,10.6,63.5,37.3,22.4,116054.0,60137.13,71.8,97.7
Jan,1,Q1,Biology,interactive,1-GPU,304,274,23,7,4,4,0,4468.8,14969.9,1051018.0,763.11,742.38,44.3,31.0,110.7,177.2,47.3,28.4,39.4,67.2,147.3,24578.0,12736.07,49.0,96.8
Jan,1,Q1,Biology,priority,17-32_GPU,97,91,7,2,2,0,0,26662.6,102011.9,25400255.0,10137.09,3029.44,32.2,22.6,80.5,128.9,17.0,10.2,83.4,33.0,27.9,146644.0,75988.42,91.1,89.1
Jan,1,Q1,Biology,priority,33-64_GPU,86,73,5,2,0,1,0,79104.1,257730.7,77182943.0,16381.95,21266.04,81.2,56.8,202.9,324.7,22.6,13.6,83.8,34.7,142.8,435072.0,225446.61,68.4,99.0
Jan,1,Q1,Biology,preemptible,1-GPU,188,172,5,6,1,3,12,5057.1,9132.9,5172157.0,688.66,117.48,65.8,46.1,164.5,263.2,10.8,6.5,61.6,30.0,36.2,27814.0,14412.86,72.9,95.1
Jan,1,Q1,Chemistry,interactive,1-GPU,317,274,6,14,2,3,0,4251.7,6423.7,1478873.0,139.86,955.5,6.4,4.5,16.1,25.8,26.4,15.8,42.5,26.5,107.8,23384.0,12117.27,40.7,93.2
Jan,1,Q1,Chemistry,priority,9-16_GPU,297,282,9,13,1,5,0,23639.0,42644.9,11591639.0,1457.65,2117.98,76.3,53.4,190.7,305.2,50.3,30.2,45.9,54.4,171.2,130015.0,67371.19,58.0,95.3
Jan,1,Q1,Chemistry,preemptible,33-64_GPU,144,124,11,2,0,0,11,214490.1,673703.5,181764271.0,37175.91,24891.49,5.8,4.1,14.6,23.3,27.8,16.7,38.6,34.5,59.5,1179695.0,611296.71,61.3,95.4
Jan,1,Q1,Computer Science,interactive,1-GPU,380,358,25,17,10,5,0,17878.5,48331.1,5227152.0,1015.63,2244.57,12.0,8.4,29.9,47.8,55.9,33.5,52.6,33.0,112.0,98332.0,50953.81,77.6,96.4
Jan,1,Q1,Computer Science,large,3-4_GPU,96,94,6,1,2,1,0,5530.7,9441.5,5000395.0,1530.57,149.53,4.3,3.0,10.8,17.2,69.2,41.5,40.3,78.8,158.3,30419.0,15762.51,63.9,91.9
Jan,1,Q1,Computer Science,large,65-128_GPU,122,112,6,1,3,0,0,130636.5,388039.2,80719267.0,36956.99,12786.91,59.2,41.4,148.0,236.9,49.4,29.6,53.5,40.7,47.6,718501.0,372314.07,41.7,99.5
Jan,1,Q1,Computer Science,priority,5-8_GPU,390,349,26,9,11,7,0,65915.3,225804.9,44012870.0,25893.1,18018.44,95.5,66.9,238.8,382.0,55.7,33.4,49.6,59.8,89.3,362534.0,187858.47,82.4,92.5
Jan,1,Q1,Computer Science,preemptible,2-GPU,276,242,25,9,4,2,3,14149.1,45693.2,12913959.0,505.71,1197.58,39.1,27.4,97.9,156.6,64.5,38.7,41.6,31.4,73.3,77820.0,40324.92,48.8,95.0
Jan,1,Q1,Computer Science,preemptible,3-4_GPU,187,171,10,4,2,0,1,26240.0,103449.7,17582376.0,12253.37,1197.49,27.4,19.2,68.6,109.7,12.9,7.7,77.3,51.3,56.4,144320.0,74783.98,86.9,93.5
Jan,1,Q1,Earth Sciences,gpu,3-4_GPU,351,308,28,4,2,1,0,11099.6,17904.5,2264260.0,3044.36,677.74,63.0,44.1,157.6,252.2,12.7,7.6,73.0,55.1,121.9,61048.0,31633.73,94.0,90.6
Jan,1,Q1,Earth Sciences,gpu,33-64_GPU,365,326,20,17,10,3,0,474675.9,1186752.5,273276090.0,192717.93,97723.48,43.6,30.5,109.0,174.5,25.7,15.4,87.9,68.8,171.7,2610718.0,1352826.38,88.7,98.3
Jan,1,Q1,Earth Sciences,debug,2-GPU,160,141,15,2,0,1,0,13994.4,28469.7,9336668.0,1346.54,706.83,30.1,21.1,75.2,120.4,4.9,2.9,42.0,76.7,119.5,76969.0,39884.16,92.4,90.0
Jan,1,Q1,Earth Sciences,large,2-GPU,139,122,5,5,3,0,0,10125.7,21077.1,5745626.0,3113.82,2070.73,33.9,23.8,84.8,135.7,51.4,30.9,94.8,66.0,113.5,55692.0,28858.35,94.4,88.7
Jan,1,Q1,Earth Sciences,large,17-32_GPU,39,37,0,1,0,0,0,10139.7,38313.6,5776947.0,4558.5,2401.48,82.5,57.7,206.2,330.0,10.2,6.1,93.0,57.5,94.3,55768.0,28898.08,40.7,90.2
Jan,1,Q1,Earth Sciences,large,33-64_GPU,247,221,6,11,4,3,0,203069.0,807564.1,80837214.0,77806.91,50645.46,10.3,7.2,25.8,41.4,50.5,30.3,60.8,59.3,175.1,1116879.0,578746.61,86.6,93.3
Jan,1,Q1,Earth Sciences,priority,2-GPU,190,182,8,3,2,1,0,9109.0,25524.9,8958174.0,1277.98,532.47,52.7,36.9,131.7,210.7,62.7,37.6,89.0,30.2,50.5,50099.0,25960.62,64.2,95.1
Jan,1,Q1,Earth Sciences,preemptible,1-GPU,46,43,4,2,1,0,0,1016.3,1983.7,578048.0,505.1,128.8,60.5,42.3,151.2,241.9,61.2,36.7,46.9,81.7,72.5,5590.0,2896.44,78.0,97.5
Jan,1,Q1,Mathematics,gpu,1-GPU,278,237,27,8,7,5,0,5216.9,18584.1,3255039.0,182.77,945.57,80.9,56.7,202.4,323.8,62.2,37.3,55.0,37.4,36.9,28693.0,14868.04,70.8,89.3
Jan,1,Q1,Mathematics,gpu,33-64_GPU,239,224,21,11,1,2,0,52706.8,146514.1,22131799.0,23019.69,14106.18,70.5,49.3,176.2,281.9,30.2,18.1,54.3,63.7,160.3,289887.0,150214.34,68.0,96.6
Jan,1,Q1,Mathematics,debug,1-GPU,108,103,7,4,2,1,0,4660.0,10802.0,3273754.0,1550.68,225.75,62.2,43.5,155.4,248.7,66.0,39.6,63.2,43.1,80.6,25630.0,13280.97,76.4,89.8
Jan,1,Q1,Mathematics,large,2-GPU,244,223,15,9,4,1,0,3914.4,13895.4,1022305.0,1650.78,1041.41,38.1,26.6,95.2,152.3,45.8,27.5,44.9,43.6,54.4,21529.0,11156.16,91.6,90.5
Jan,1,Q1,Mathematics,large,129-256_GPU,356,344,23,13,0,3,0,1042220.2,2279256.7,827868958.0,72656.18,213765.48,94.2,65.9,235.5,376.8,39.6,23.8,40.1,73.4,176.1,5732211.0,2970327.68,74.5,88.9
Jan,1,Q1,Mathematics,priority,2-GPU,376,334,18,15,4,6,0,5327.8,15331.2,1561474.0,2485.27,1110.4,55.0,38.5,137.6,220.1,27.3,16.4,55.7,25.4,145.4,29303.0,15184.19,93.3,99.8
Jan,1,Q1,Mathematics,preemptible,2-GPU,309,265,25,5,8,0,15,7441.6,26622.7,5732584.0,2472.64,730.98,64.4,45.1,161.1,257.8,16.6,10.0,87.5,71.2,94.3,40929.0,21208.45,73.2,94.8
Jan,1,Q1,Mathematics,preemptible,5-8_GPU,286,265,21,9,3,0,5,8632.8,21192.8,4710086.0,3995.4,559.12,16.3,11.4,40.9,65.4,34.9,21.0,59.8,68.9,128.4,47480.0,24603.48,93.1,90.3
Jan,1,Q1,Engineering,debug,2-GPU,161,157,9,2,3,2,0,6444.5,21950.8,3945201.0,2105.82,360.5,43.7,30.6,109.2,174.6,13.6,8.1,57.1,34.7,72.8,35445.0,18366.75,71.0,93.3
Jan,1,Q1,Engineering,large,5-8_GPU,37,32,1,0,0,0,0,4460.0,17694.6,1081460.0,322.8,148.93,88.1,61.7,220.4,352.6,5.3,3.2,37.8,53.9,63.4,24530.0,12711.1,91.4,89.2
Jan,1,Q1,Engineering,large,33-64_GPU,219,187,8,3,5,1,0,193562.2,351458.7,77827133.0,96288.69,9536.47,89.5,62.7,223.8,358.0,11.7,7.0,40.1,43.3,75.9,1064592.0,551652.18,81.8,99.5
Jan,1,Q1,Engineering,priority,2-GPU,38,32,2,1,0,0,0,2274.4,4029.8,693560.0,1123.94,320.11,11.3,7.9,28.4,45.4,10.2,6.1,60.6,63.7,67.5,12509.0,6481.91,79.4,98.9
Jan,1,Q1,Medical Research,gpu,9-16_GPU,280,253,20,4,5,4,0,78308.9,253344.4,67367535.0,32157.38,10553.92,82.6,57.8,206.6,330.5,58.3,35.0,89.2,83.9,176.2,430699.0,223180.38,72.2,94.7
Jan,1,Q1,Medical Research,interactive,1-GPU,336,314,27,11,8,1,0,4891.3,14246.6,1752011.0,1720.1,296.53,55.4,38.8,138.4,221.5,2.1,1.3,40.5,30.8,139.5,26902.0,13940.13,41.6,91.5
Jan,1,Q1,Medical Research,large,129-256_GPU,388,332,25,16,2,5,0,993882.3,3637778.9,537831407.0,173429.66,55638.33,75.5,52.9,188.8,302.0,18.2,10.9,91.1,38.5,53.9,5466353.0,2832564.51,58.2,91.4
Jan,1,Q1,Medical Research,priority,17-32_GPU,79,67,6,3,0,0,0,26122.7,55270.7,15932109.0,10031.81,716.4,95.6,66.9,238.9,382.3,48.4,29.1,44.8,62.1,102.9,143675.0,74449.77,89.8,97.8
Jan,1,Q1,Medical Research,priority,129-256_GPU,84,75,6,1,1,0,0,254228.6,418750.3,147369123.0,9583.47,73675.3,89.0,62.3,222.5,356.0,61.1,36.7,85.2,72.6,58.4,1398257.0,724551.4,55.9,94.9
Jan,1,Q1,Medical Research,preemptible,3-4_GPU,350,324,21,15,6,6,17,8043.7,19034.3,3957305.0,225.27,1761.22,10.2,7.2,25.6,40.9,53.2,31.9,57.4,61.0,158.4,44240.0,22924.51,40.4,97.1
Jan,1,Q1,Medical Research,preemptible,5-8_GPU,153,133,7,3,2,2,9,20838.4,48308.2,13015786.0,8937.8,4930.32,41.3,28.9,103.2,165.1,67.9,40.7,44.4,39.7,122.6,114611.0,59389.57,93.6,92.5
Jan,1,Q1,Medical Research,preemptible,33-64_GPU,21,18,0,0,0,0,0,29637.9,56249.6,24531083.0,1619.86,5459.2,69.6,48.7,173.9,278.3,35.0,21.0,74.6,52.1,49.2,163008.0,84468.0,92.5,91.6
Feb,2,Q1,Physics,priority,1-GPU,102,93,6,2,2,1,0,1306.0,2350.1,717204.0,43.89,237.32,32.2,22.5,80.5,128.8,33.6,20.1,71.2,60.0,160.3,7183.0,3722.18,82.0,98.4
Feb,2,Q1,Physics,priority,5-8_GPU,408,370,40,17,6,1,0,19796.5,71160.5,5876083.0,8332.15,4699.17,30.2,21.2,75.6,120.9,4.2,2.5,62.7,50.3,136.0,108881.0,56420.06,69.5,92.9
Feb,2,Q1,Physics,preemptible,33-64_GPU,108,102,3,4,1,0,5,145197.9,509909.2,110009609.0,40708.2,9824.46,41.2,28.8,103.0,164.7,51.3,30.8,63.9,49.0,175.6,798589.0,413814.07,85.4,97.1
Feb,2,Q1,Biology,priority,2-GPU,312,290,9,14,2,4,0,22053.3,52969.3,4991809.0,5008.1,6384.15,15.3,10.7,38.2,61.1,52.0,31.2,88.2,38.3,158.8,121293.0,62851.83,56.1,98.2
Feb,2,Q1,Biology,preemptible,2-GPU,98,88,4,2,2,1,7,5775.3,17657.8,2248164.0,1463.93,470.95,76.9,53.8,192.3,307.6,67.3,40.4,57.1,26.9,33.1,31764.0,16459.74,61.8,92.4
Feb,2,Q1,Biology,preemptible,65-128_GPU,196,184,12,8,0,2,12,504121.4,2009398.6,417036743.0,243067.45,11207.3,84.1,58.9,210.2,336.3,25.6,15.3,55.7,53.6,59.2,2772668.0,1436745.94,57.0,90.1
Feb,2,Q1,Chemistry,gpu,1-GPU,380,336,26,18,6,4,0,12017.2,35198.4,11659469.0,3154.32,3592.24,82.6,57.8,206.5,330.4,36.5,21.9,44.6,57.2,42.3,66094.0,34248.92,64.9,90.0
Feb,2,Q1,Chemistry,gpu,9-16_GPU,129,111,11,6,3,1,0,19231.9,37254.7,16064705.0,8068.43,3834.49,50.1,35.1,125.2,200.4,11.5,6.9,54.8,34.4,46.5,105775.0,54810.78,86.2,96.4
Feb,2,Q1,Chemistry,priority,17-32_GPU,378,349,12,9,1,3,0,227403.6,381553.2,85447238.0,23214.7,8325.24,70.9,49.6,177.3,283.6,21.0,12.6,80.9,63.4,32.5,1250720.0,648100.15,66.0,95.9
Feb,2,Q1,Computer Science,gpu,33-64_GPU,273,249,17,6,1,0,0,276971.0,726087.2,61383827.0,17119.81,62017.53,23.5,16.5,58.9,94.2,10.4,6.2,55.6,26.6,93.9,1523341.0,789367.38,69.5,93.1
Feb,2,Q1,Computer Science,debug,2-GPU,63,56,2,0,1,0,0,4963.6,19177.3,4397308.0,599.68,1018.41,7.1,5.0,17.8,28.5,65.6,39.4,42.1,30.4,28.3,27300.0,14146.16,84.5,95.9
Feb,2,Q1,Computer Science,interactive,2-GPU,135,119,4,4,2,2,0,4810.0,14960.9,3613960.0,1263.58,1319.01,19.9,13.9,49.7,79.6,40.7,24.4,84.7,57.9,94.5,26455.0,13708.49,91.8,95.4
Feb,2,Q1,Computer Science,large,1-GPU,259,232,20,6,7,3,0,9395.6,15339.9,2240016.0,1615.53,1609.13,11.7,8.2,29.2,46.8,49.6,29.8,43.5,25.2,18.9,51676.0,26777.44,68.8,95.6
Feb,2,Q1,Computer Science,large,33-64_GPU,62,58,1,2,1,0,0,77571.5,284865.4,33256994.0,2024.15,23267.42,50.9,35.7,127.4,203.8,21.2,12.7,80.7,45.3,8.4,426643.0,221078.81,75.2,99.8
Feb,2,Q1,Computer Science,preemptible,5-8_GPU,240,206,12,6,1,3,9,46604.3,179653.0,13508969.0,2720.43,6364.26,43.5,30.5,108.8,174.1,6.5,3.9,42.0,58.7,72.4,256324.0,132822.23,90.6,93.0
Feb,2,Q1,Computer Science,preemptible,65-128_GPU,215,189,7,4,5,0,16,159666.9,429178.2,162816471.0,62890.85,36615.57,72.0,50.4,180.1,288.2,56.2,33.7,92.2,42.4,27.6,878168.0,455050.8,85.3,90.1
Feb,2,Q1,Earth Sciences,debug,1-GPU,410,392,30,16,4,4,0,2337.3,3759.9,2018599.0,220.5,303.23,80.1,56.1,200.3,320.4,51.6,30.9,79.4,57.0,124.3,12855.0,6661.32,56.1,88.4
Feb,2,Q1,Earth Sciences,preemptible,5-8_GPU,63,57,2,2,0,0,1,3249.2,4992.9,1807216.0,885.02,746.65,87.4,61.2,218.4,349.5,56.3,33.8,84.9,51.6,45.8,17871.0,9260.2,48.5,92.1
Feb,2,Q1,Mathematics,gpu,2-GPU,399,359,16,12,3,6,0,5114.0,12348.6,4971870.0,2178.96,626.87,92.9,65.1,232.3,371.7,1.8,1.1,94.4,69.1,67.2,28127.0,14574.98,45.2,96.0
Feb,2,Q1,Mathematics,gpu,17-32_GPU,271,247,20,2,3,0,0,110191.7,437177.1,80430205.0,52792.77,20854.06,56.5,39.6,141.3,226.1,3.1,1.9,76.7,48.8,103.5,606054.0,314046.29,69.9,97.1
Feb,2,Q1,Mathematics,interactive,1-GPU,297,284,24,7,5,2,0,11836.7,21018.8,7939623.0,5867.4,1929.32,38.3,26.8,95.7,153.0,23.6,14.2,94.3,69.8,26.1,65102.0,33734.63,83.8,89.9
Feb,2,Q1,Mathematics,large,9-16_GPU,47,42,2,1,0,0,0,12223.9,22964.1,5020195.0,4883.81,2477.61,6.8,4.8,17.1,27.4,40.4,24.2,51.0,48.9,26.0,67231.0,34838.01,53.9,98.1
Feb,2,Q1,Mathematics,large,129-256_GPU,105,90,3,3,0,1,0,149431.7,266795.0,112988251.0,63184.66,9733.05,38.3,26.8,95.8,153.2,60.1,36.1,73.9,71.5,16.0,821874.0,425880.4,42.0,94.7
Feb,2,Q1,Mathematics,priority,129-256_GPU,308,296,16,13,5,1,0,1593362.0,3003416.1,1336039814.0,332991.23,145296.37,94.8,66.3,237.0,379.1,67.0,40.2,87.7,76.7,156.3,8763491.0,4541081.79,87.3,94.7
Feb,2,Q1,Mathematics,preemptible,3-4_GPU,381,371,34,15,7,6,20,22832.8,51191.3,8117187.0,7479.62,3583.05,93.0,65.1,232.5,371.9,52.2,31.3,93.9,55.6,11.7,125581.0,65073.56,54.5,99.0
Feb,2,Q1,Mathematics,preemptible,5-8_GPU,19,17,1,0,0,0,0,1059.5,3729.2,610759.0,203.81,22.37,32.7,22.9,81.7,130.8,42.0,25.2,45.0,51.4,150.1,5827.0,3019.51,46.7,89.3
Feb,2,Q1,Mathematics,preemptible,129-256_GPU,282,267,22,11,6,5,3,1676905.8,5575680.3,1716491597.0,733556.41,226851.85,35.1,24.6,87.8,140.4,62.4,37.4,44.4,52.2,141.3,9222982.0,4779181.4,73.1,91.4
Feb,2,Q1,Engineering,priority,129-256_GPU,24,23,1,0,0,0,0,26360.6,48026.9,7295823.0,4724.59,3618.79,30.5,21.3,76.2,121.9,55.1,33.1,82.9,80.5,98.0,144983.0,75127.61,67.3,90.6
Feb,2,Q1,Medical Research,priority,9-16_GPU,42,35,2,0,0,0,0,1949.3,5435.6,1049661.0,759.53,252.44,36.8,25.7,92.0,147.1,10.8,6.5,39.1,48.7,160.1,10721.0,5555.51,40.4,98.7
Feb,2,Q1,Medical Research,preemptible,129-256_GPU,176,157,16,4,4,3,7,95610.3,312586.1,72448062.0,33765.32,18560.07,96.0,67.2,239.9,383.9,38.8,23.3,44.6,66.6,5.6,525857.0,272489.43,79.1,94.7
Mar,3,Q1,Physics,gpu,2-GPU,113,99,9,3,1,1,0,878.7,2408.2,716361.0,157.5,131.05,65.5,45.8,163.7,261.9,14.6,8.7,74.9,45.6,115.1,4833.0,2504.16,53.8,91.5
Mar,3,Q1,Physics,large,1-GPU,335,314,23,12,7,1,0,6522.8,14584.1,2555489.0,1692.51,317.09,54.8,38.4,137.0,219.2,64.6,38.7,63.5,66.6,6.3,35876.0,18590.08,46.1,99.5
Mar,3,Q1,Physics,preemptible,17-32_GPU,73,66,3,1,0,1,0,37293.9,128215.0,34733640.0,3571.34,10966.73,53.9,37.7,134.7,215.5,17.3,10.4,94.3,48.9,177.9,205116.0,106287.49,87.8,89.0
Mar,3,Q1,Biology,gpu,129-256_GPU,9,7,0,0,0,0,0,53299.3,101205.2,29567640.0,18553.08,9267.71,97.8,68.5,244.5,391.2,35.2,21.1,46.5,70.6,167.4,293146.0,151902.88,66.9,99.9
Mar,3,Q1,Biology,large,65-128_GPU,30,25,2,0,0,0,0,20248.5,54508.7,14371718.0,749.62,1634.39,8.7,6.1,21.8,34.9,2.4,1.5,73.4,48.5,86.5,111367.0,57708.12,51.4,88.5
Mar,3,Q1,Biology,priority,1-GPU,55,53,1,2,0,1,0,1537.4,4793.1,828111.0,753.56,38.49,19.7,13.8,49.1,78.6,56.2,33.7,82.5,53.4,55.7,8456.0,4381.52,81.1,95.6
Mar,3,Q1,Biology,priority,2-GPU,289,268,7,9,6,1,0,25031.6,48793.3,20206705.0,11026.48,7409.47,67.7,47.4,169.2,270.7,57.8,34.7,59.6,26.5,78.3,137674.0,71339.94,76.3,98.7
Mar,3,Q1,Chemistry,large,1-GPU,108,104,2,2,1,0,0,2549.2,7000.3,1669167.0,602.1,204.87,35.1,24.6,87.8,140.4,4.4,2.7,40.3,33.3,90.1,14021.0,7265.22,86.5,89.2
Mar,3,Q1,Chemistry,large,5-8_GPU,320,308,15,5,4,5,0,5456.8,17733.3,4170938.0,123.4,38.79,29.9,20.9,74.6,119.4,61.9,37.1,41.8,45.2,99.0,30013.0,15551.98,85.0,89.7
Mar,3,Q1,Chemistry,priority,1-GPU,51,49,1,0,0,0,0,1689.7,6108.3,473287.0,20.23,350.91,5.0,3.5,12.4,19.9,28.9,17.3,70.8,41.3,172.6,9294.0,4815.74,70.8,96.0
Mar,3,Q1,Chemistry,preemptible,33-64_GPU,308,281,28,11,5,4,16,224066.3,757242.8,218781244.0,102441.27,27413.14,90.9,63.6,227.3,363.7,8.8,5.3,36.9,45.0,40.5,1232365.0,638588.89,47.2,98.7
Mar,3,Q1,Computer Science,gpu,33-64_GPU,400,340,22,17,10,4,0,378227.3,1444316.1,124469509.0,23721.65,108411.74,99.4,69.6,248.4,397.5,21.6,12.9,60.3,63.9,163.5,2080250.0,1077947.8,87.8,94.8
Mar,3,Q1,Computer Science,large,17-32_GPU,279,242,8,6,6,5,0,197162.9,372703.0,132334397.0,63340.53,46279.93,43.8,30.6,109.5,175.1,17.0,10.2,74.7,75.9,159.7,1084396.0,561914.2,74.5,94.4
Mar,3,Q1,Computer Science,priority,2-GPU,183,161,4,2,0,0,0,9714.6,30002.9,3927737.0,4559.46,1698.76,28.0,19.6,69.9,111.8,7.6,4.6,60.4,58.8,6.0,53430.0,27686.65,89.2,94.4
Mar,3,Q1,Computer Science,priority,5-8_GPU,31,27,2,1,0,0,0,5539.1,15479.7,2857278.0,1690.79,234.9,81.4,57.0,203.6,325.7,44.4,26.6,79.6,45.8,126.1,30465.0,15786.38,91.3,98.4
Mar,3,Q1,Computer Science,preemptible,33-64_GPU,386,337,21,12,5,3,22,430553.5,1233948.3,318879610.0,139213.62,115423.29,41.5,29.1,103.8,166.1,48.2,28.9,94.6,59.0,65.9,2368044.0,1227077.39,82.8,89.7
Mar,3,Q1,Earth Sciences,interactive,1-GPU,297,268,22,12,7,2,0,1231.8,2243.4,804584.0,210.76,256.12,63.6,44.5,159.0,254.3,70.7,42.4,58.0,43.7,114.8,6775.0,3510.75,58.8,92.9
Mar,3,Q1,Earth Sciences,large,129-256_GPU,65,59,5,1,0,0,0,172132.5,419427.9,53762649.0,3520.04,28936.53,70.9,49.6,177.2,283.5,66.3,39.8,42.9,76.9,177.0,946729.0,490577.55,67.3,93.4
Mar,3,Q1,Mathematics,gpu,2-GPU,435,373,41,18,8,1,0,13282.3,51645.7,7253597.0,5601.3,1780.78,90.2,63.1,225.4,360.7,58.5,35.1,61.2,41.2,14.0,73053.0,37854.51,68.2,97.3
Mar,3,Q1,Mathematics,gpu,5-8_GPU,204,178,10,2,5,0,0,20624.8,54026.0,7556069.0,4532.0,5782.27,80.5,56.4,201.4,322.2,29.7,17.8,45.7,49.0,178.1,113437.0,58780.73,73.1,95.4
Mar,3,Q1,Mathematics,debug,2-GPU,65,57,3,0,0,0,0,4614.7,9892.2,2622424.0,1087.63,1219.73,104.1,72.8,260.1,416.2,2.4,1.4,65.3,81.5,30.9,25381.0,13151.97,55.4,95.9
Mar,3,Q1,Engineering,gpu,2-GPU,233,219,9,6,0,0,0,16983.7,44153.2,6894654.0,875.82,1460.52,24.4,17.0,60.9,97.4,16.8,10.1,69.1,69.7,10.7,93410.0,48403.58,73.0,92.4
Mar,3,Q1,Engineering,gpu,17-32_GPU,53,47,2,2,0,0,0,23100.3,43761.9,9839589.0,3256.92,4084.47,53.5,37.5,133.8,214.0,69.4,41.6,50.3,63.5,164.0,127051.0,65835.77,62.3,99.3
Mar,3,Q1,Engineering,priority,3-4_GPU,43,39,2,1,0,0,0,5354.8,9852.5,1565908.0,2654.85,1564.37,32.2,22.5,80.5,128.8,63.8,38.3,52.8,76.1,134.0,29451.0,15261.04,48.1,88.3
Mar,3,Q1,Engineering,preemptible,5-8_GPU,447,400,30,19,7,4,20,51222.6,179976.9,25306970.0,5333.16,1262.95,96.1,67.3,240.2,384.3,70.2,42.1,71.6,47.7,159.5,281724.0,145984.49,52.3,91.7
Mar,3,Q1,Medical Research,gpu,33-64_GPU,213,186,16,9,5,3,0,46916.2,185883.7,24350328.0,18100.86,6941.2,88.2,61.8,220.6,352.9,51.8,31.1,59.3,82.9,30.7,258039.0,133711.2,87.6,91.9
Mar,3,Q1,Medical Research,preemptible,2-GPU,185,179,3,5,4,2,5,5633.1,20032.1,3612899.0,71.73,916.92,48.8,34.1,121.9,195.1,27.3,16.4,70.4,77.5,41.9,30982.0,16054.22,85.4,96.6
Apr,4,Q2,Physics,large,2-GPU,120,114,8,1,3,1,0,4883.5,7908.6,2966883.0,2283.98,37.16,38.5,26.9,96.2,154.0,62.1,37.3,68.4,72.5,16.1,26859.0,13918.01,59.6,99.7
Apr,4,Q2,Physics,preemptible,2-GPU,446,391,29,19,1,6,5,6799.0,20129.3,2422418.0,3122.79,53.51,14.8,10.4,37.1,59.3,19.5,11.7,46.8,37.9,54.3,37395.0,19377.2,60.0,89.2
Apr,4,Q2,Physics,preemptible,3-4_GPU,192,185,10,8,1,3,9,4272.6,16914.7,1538837.0,1689.43,1173.0,33.9,23.7,84.8,135.7,61.0,36.6,69.2,70.6,144.1,23499.0,12176.96,83.3,93.5
Apr,4,Q2,Physics,preemptible,33-64_GPU,15,14,1,0,0,0,0,16256.2,64505.2,9474417.0,7310.86,4339.09,62.1,43.5,155.2,248.3,57.4,34.5,74.5,38.9,47.1,89409.0,46330.11,74.7,94.0
Apr,4,Q2,Physics,preemptible,65-128_GPU,197,184,6,8,2,3,10,190315.8,415141.9,169148113.0,70332.12,34314.0,104.3,73.0,260.8,417.2,55.3,33.2,78.0,60.8,14.0,1046737.0,542400.09,59.0,91.8
Apr,4,Q2,Biology,gpu,1-GPU,51,48,2,1,0,0,0,529.1,1555.3,260455.0,17.73,36.16,9.5,6.7,23.8,38.1,70.0,42.0,47.9,82.0,166.7,2910.0,1508.06,56.5,88.0
Apr,4,Q2,Biology,gpu,65-128_GPU,118,100,4,1,2,1,0,15702.4,50987.1,6175998.0,5525.43,4246.68,64.0,44.8,160.1,256.2,23.5,14.1,72.3,71.5,40.7,86363.0,44751.82,44.1,92.4
Apr,4,Q2,Biology,large,129-256_GPU,138,122,8,2,0,2,0,730119.4,1228074.1,524941147.0,276422.64,98352.45,98.4,68.9,245.9,393.5,65.0,39.0,50.0,50.6,16.3,4015657.0,2080840.34,55.6,91.6
Apr,4,Q2,Biology,priority,129-256_GPU,22,19,1,0,0,0,0,114173.8,408483.5,65070148.0,48419.88,25204.34,41.7,29.2,104.3,166.9,41.9,25.1,54.0,39.6,126.7,627956.0,325395.35,66.4,95.1
Apr,4,Q2,Biology,preemptible,1-GPU,365,333,23,11,9,5,9,3137.8,5007.8,1191679.0,133.67,152.49,114.4,80.1,285.9,457.5,52.3,31.4,64.4,37.2,59.7,17258.0,8942.63,47.3,99.1
Apr,4,Q2,Biology,preemptible,9-16_GPU,258,222,15,8,7,1,10,65786.8,110047.4,66671551.0,25447.59,16056.73,60.2,42.2,150.6,241.0,70.1,42.0,81.8,55.9,81.0,361827.0,187492.26,54.0,93.6
Apr,4,Q2,Chemistry,gpu,3-4_GPU,295,273,22,7,7,3,0,30176.7,113186.7,16203813.0,10937.13,8406.51,8.0,5.6,20.0,32.1,40.1,24.1,83.7,80.8,51.5,165972.0,86003.69,46.5,94.4
Apr,4,Q2,Chemistry,gpu,17-32_GPU,250,243,9,3,1,4,0,33114.1,108705.0,30028672.0,14842.38,9115.42,59.8,41.9,149.6,239.3,17.0,10.2,39.6,67.7,121.3,182128.0,94375.25,94.6,96.6
Apr,4,Q2,Chemistry,gpu,129-256_GPU,85,78,4,1,0,1,0,416848.8,803015.1,366761087.0,172348.05,36851.55,70.7,49.5,176.7,282.7,58.3,35.0,82.9,27.2,41.1,2292669.0,1188019.18,68.3,92.9
Apr,4,Q2,Chemistry,debug,1-GPU,378,329,16,9,5,1,0,11596.6,27058.1,3821782.0,5741.26,3182.04,41.5,29.1,103.9,166.2,49.5,29.7,66.4,70.9,123.0,63781.0,33050.37,44.1,94.2
Apr,4,Q2,Chemistry,priority,17-32_GPU,358,346,19,12,0,2,0,254914.0,588630.3,98879438.0,10371.4,10344.58,30.5,21.4,76.3,122.1,24.9,15.0,60.0,58.5,59.6,1402027.0,726504.9,63.1,97.1
Apr,4,Q2,Computer Science,gpu,5-8_GPU,35,32,3,0,1,0,0,7782.2,14115.0,7389889.0,1546.4,1848.36,119.6,83.7,298.9,478.2,69.9,41.9,60.1,46.8,170.7,42802.0,22179.17,78.5,98.1
Apr,4,Q2,Computer Science,gpu,65-128_GPU,215,202,15,4,6,0,0,388895.8,882899.1,346397503.0,44055.01,46946.56,35.0,24.5,87.6,140.1,60.9,36.5,60.7,64.8,100.7,2138927.0,1108353.04,50.2,88.4
Apr,4,Q2,Computer Science,priority,17-32_GPU,418,376,14,14,8,0,0,31792.6,101257.7,24112441.0,10575.59,488.48,99.3,69.5,248.3,397.2,20.5,12.3,68.3,61.8,80.3,174859.0,90608.99,89.6,91.9
Apr,4,Q2,Computer Science,priority,129-256_GPU,30,28,2,0,0,0,0,48369.1,159307.6,30297771.0,21477.22,6678.34,93.2,65.3,233.0,372.9,4.4,2.7,59.8,67.8,18.5,266030.0,137852.04,43.1,94.1
Apr,4,Q2,Earth Sciences,large,2-GPU,33,28,1,0,0,0,0,1279.3,4147.0,952355.0,457.45,240.86,91.5,64.0,228.7,365.9,20.4,12.3,81.8,46.1,100.7,7036.0,3646.1,76.9,93.6
Apr,4,Q2,Earth Sciences,preemptible,17-32_GPU,482,458,41,10,5,7,1,88452.8,244981.3,55186635.0,40776.58,23535.18,93.2,65.2,233.0,372.8,50.2,30.1,83.3,26.3,160.3,486490.0,252090.43,90.1,96.0
Apr,4,Q2,Mathematics,large,65-128_GPU,129,125,8,4,1,2,0,117989.0,212554.7,45004332.0,43851.75,13217.73,6.0,4.2,14.9,23.9,1.1,0.7,77.5,67.4,60.2,648940.0,336268.73,91.4,94.1
Apr,4,Q2,Mathematics,priority,2-GPU,253,243,5,9,3,3,0,17348.0,52936.6,10724355.0,886.34,5112.54,47.8,33.5,119.6,191.3,23.2,13.9,40.2,34.5,78.6,95414.0,49441.72,92.0,91.5
Apr,4,Q2,Mathematics,preemptible,1-GPU,358,313,23,11,6,4,24,16742.7,33915.9,7098525.0,4722.59,1746.63,19.1,13.4,47.8,76.5,53.6,32.2,54.1,26.2,109.9,92085.0,47716.61,93.5,97.1
Apr,4,Q2,Mathematics,preemptible,2-GPU,305,280,22,12,9,2,14,10857.8,27503.4,5537246.0,1374.44,3249.59,72.9,51.0,182.3,291.7,48.3,29.0,35.8,28.9,107.0,59718.0,30944.78,79.0,96.7
Apr,4,Q2,Mathematics,preemptible,65-128_GPU,299,255,26,9,7,2,7,280799.2,845329.4,148896960.0,36359.69,74760.23,21.6,15.1,54.0,86.5,32.4,19.4,52.7,42.5,115.5,1544396.0,800277.86,46.8,90.6
Apr,4,Q2,Engineering,gpu,2-GPU,140,135,4,6,3,2,0,3137.0,6618.2,1680025.0,820.91,438.01,81.6,57.1,204.0,326.4,12.4,7.5,94.2,27.1,71.8,17254.0,8940.52,93.3,92.4
Apr,4,Q2,Engineering,gpu,65-128_GPU,132,127,7,5,0,0,0,140859.9,370222.3,41877274.0,49153.52,38420.3,65.4,45.8,163.5,261.6,52.5,31.5,88.3,44.6,46.0,774730.0,401450.8,55.1,91.4
Apr,4,Q2,Engineering,priority,3-4_GPU,143,129,9,6,3,0,0,9338.4,31540.6,6743609.0,1677.2,2282.0,7.3,5.1,18.2,29.1,28.4,17.0,45.3,33.7,22.7,51361.0,26614.43,69.9,89.5
Apr,4,Q2,Engineering,preemptible,33-64_GPU,235,226,6,4,2,3,9,297735.9,755252.3,234315707.0,7549.23,72672.89,21.3,14.9,53.1,85.0,47.3,28.4,94.2,27.8,91.7,1637548.0,848547.46,80.7,93.7
Apr,4,Q2,Engineering,preemptible,129-256_GPU,451,432,29,10,2,1,12,2758528.7,10505322.9,1697190106.0,816723.76,278299.2,26.4,18.5,66.1,105.7,62.1,37.2,56.4,25.8,5.4,15171908.0,7861806.9,89.9,88.2
Apr,4,Q2,Medical Research,debug,2-GPU,218,203,12,5,5,0,0,9598.9,29931.2,6567953.0,2471.03,1886.76,114.4,80.1,286.0,457.6,62.3,37.4,46.2,66.7,114.7,52794.0,27356.98,49.9,93.4
May,5,Q2,Physics,gpu,2-GPU,168,145,11,6,0,2,0,1880.8,3660.6,1315600.0,384.75,554.92,86.5,60.6,216.3,346.1,16.1,9.7,35.6,57.7,32.9,10345.0,5360.4,58.1,89.6
May,5,Q2,Physics,gpu,129-256_GPU,536,460,24,20,14,3,0,2534691.0,7258479.4,1616021829.0,607610.42,93999.36,30.7,21.5,76.6,122.6,10.2,6.1,80.6,56.2,165.5,13940800.0,7223869.33,85.9,91.3
May,5,Q2,Physics,debug,2-GPU,169,150,11,4,1,2,0,3339.5,7005.3,1721772.0,1536.2,317.74,55.2,38.6,137.9,220.7,45.8,27.5,67.6,28.2,124.0,18367.0,9517.69,83.8,99.7
May,5,Q2,Physics,priority,17-32_GPU,68,61,5,1,0,1,0,33096.2,67064.8,21872267.0,9345.01,5766.44,126.1,88.3,315.2,504.4,54.6,32.8,42.5,46.0,105.3,182029.0,94324.12,53.6,94.0
May,5,Q2,Physics,preemptible,2-GPU,314,299,8,6,1,2,19,29193.5,52098.0,28695965.0,12864.0,7390.15,25.5,17.8,63.7,101.9,4.2,2.5,60.0,73.1,141.0,160564.0,83201.4,53.6,91.1
May,5,Q2,Physics,preemptible,65-128_GPU,13,12,0,0,0,0,0,18629.4,35616.6,9517236.0,9125.64,2557.9,25.4,17.8,63.5,101.5,54.1,32.5,90.4,67.2,134.1,102462.0,53093.93,50.5,92.4
May,5,Q2,Biology,gpu,65-128_GPU,229,212,16,8,1,4,0,365073.0,751869.6,196637266.0,141036.33,19754.79,7.4,5.2,18.5,29.6,12.1,7.2,63.2,56.3,139.8,2007902.0,1040458.06,74.2,92.8
May,5,Q2,Biology,preemptible,65-128_GPU,116,109,5,2,2,0,1,38033.9,88491.7,34158753.0,4150.77,8343.37,8.3,5.8,20.8,33.3,65.7,39.4,48.5,30.3,162.5,209187.0,108396.69,89.6,95.3
May,5,Q2,Chemistry,gpu,9-16_GPU,57,50,2,1,0,1,0,20879.1,41012.1,18040137.0,2772.0,757.82,32.5,22.8,81.4,130.2,56.8,34.1,57.4,49.9,6.2,114835.0,59505.43,88.8,98.2
May,5,Q2,Chemistry,large,9-16_GPU,239,203,13,9,1,1,0,10523.9,27810.5,6351064.0,4666.31,1289.07,85.1,59.6,212.9,340.6,62.2,37.3,64.1,63.1,59.4,57881.0,29993.04,87.7,99.5
May,5,Q2,Chemistry,large,17-32_GPU,389,352,12,18,4,0,0,93388.8,192008.6,21531065.0,7916.63,8652.68,76.6,53.6,191.5,306.4,39.9,23.9,72.8,83.3,52.6,513638.0,266157.99,83.4,98.9
May,5,Q2,Chemistry,priority,3-4_GPU,172,162,6,8,2,0,0,7801.9,11928.8,6527714.0,1645.76,1436.79,96.0,67.2,240.0,384.0,11.4,6.8,92.1,56.0,145.8,42910.0,22235.29,56.7,96.6
May,5,Q2,Chemistry,priority,65-128_GPU,341,320,15,15,9,3,0,366276.4,611688.9,167314682.0,76594.35,9810.78,126.7,88.7,316.7,506.8,71.5,42.9,68.9,47.7,159.8,2014520.0,1043887.67,55.2,88.1
May,5,Q2,Computer Science,priority,5-8_GPU,36,30,1,1,0,0,0,8310.6,26390.4,4128081.0,1680.89,1870.31,45.6,31.9,114.0,182.3,55.9,33.5,89.6,35.0,53.5,45708.0,23685.18,66.8,95.4
May,5,Q2,Computer Science,preemptible,1-GPU,181,164,16,4,2,2,2,1051.8,3802.5,781720.0,234.36,160.45,80.5,56.3,201.2,322.0,26.8,16.1,82.2,84.6,150.5,5785.0,2997.59,48.8,90.7
May,5,Q2,Earth Sciences,gpu,9-16_GPU,312,293,13,10,1,4,0,66608.7,175312.4,23728731.0,6228.1,810.2,73.8,51.7,184.5,295.3,20.3,12.2,42.3,39.0,43.9,366348.0,189834.69,58.0,88.7
May,5,Q2,Earth Sciences,large,1-GPU,206,198,13,8,6,3,0,8083.6,31120.9,3717295.0,551.0,690.83,41.1,28.8,102.8,164.4,38.8,23.3,74.8,25.7,38.2,44460.0,23038.26,58.0,98.5
May,5,Q2,Earth Sciences,large,2-GPU,448,390,40,15,10,1,0,39510.3,149804.0,18310328.0,5723.34,6721.82,131.0,91.7,327.5,524.0,35.5,21.3,94.8,61.7,105.3,217307.0,112604.47,81.7,91.9
May,5,Q2,Earth Sciences,priority,3-4_GPU,173,160,9,7,2,2,0,17187.9,34506.4,10305336.0,5054.93,3878.72,114.4,80.1,286.1,457.7,62.4,37.5,50.9,39.8,121.9,94533.0,48985.4,92.5,93.4
May,5,Q2,Earth Sciences,priority,9-16_GPU,6,5,0,0,0,0,0,1219.5,3234.7,1216023.0,337.15,55.94,111.6,78.2,279.1,446.6,10.9,6.5,61.9,44.4,164.5,6707.0,3475.65,77.8,89.6
May,5,Q2,Earth Sciences,priority,129-256_GPU,110,97,9,5,0,2,0,390910.3,1205271.9,294165283.0,180621.37,48216.19,69.8,48.9,174.6,279.4,1.9,1.2,41.1,43.1,125.7,2150007.0,1114094.42,83.7,88.6
May,5,Q2,Earth Sciences,preemptible,5-8_GPU,513,497,40,14,6,1,3,20526.1,72875.1,7819729.0,5557.37,919.76,123.1,86.1,307.7,492.3,54.3,32.6,92.1,38.1,150.9,112893.0,58499.34,85.0,89.7
May,5,Q2,Mathematics,large,17-32_GPU,229,223,11,6,2,3,0,135967.5,234669.2,77975080.0,26360.85,25623.25,27.1,19.0,67.8,108.4,62.4,37.5,64.4,57.0,76.2,747821.0,387507.49,65.3,88.4
May,5,Q2,Engineering,large,1-GPU,5,4,0,0,0,0,0,86.6,219.7,29205.0,34.74,1.43,86.3,60.4,215.7,345.1,5.6,3.4,89.0,66.2,35.1,476.0,246.88,59.3,99.4
May,5,Q2,Engineering,large,129-256_GPU,496,452,14,13,11,4,0,1670312.9,3504900.5,1005025120.0,808573.44,437916.57,75.9,53.1,189.7,303.5,34.2,20.5,90.7,29.7,113.3,9186721.0,4760391.85,52.3,92.9
May,5,Q2,Engineering,preemptible,5-8_GPU,423,366,13,8,5,7,22,7657.5,28799.4,1878558.0,1604.44,1672.08,71.2,49.9,178.1,285.0,66.0,39.6,54.3,54.6,129.5,42116.0,21823.76,93.1,92.0
May,5,Q2,Medical Research,interactive,2-GPU,467,432,19,9,6,7,0,38165.5,70473.2,27924336.0,18868.87,1531.32,107.6,75.3,269.0,430.4,11.0,6.6,78.3,28.3,67.6,209910.0,108771.8,58.9,91.1
May,5,Q2,Medical Research,large,2-GPU,356,324,30,5,2,3,0,19211.9,67578.2,18837173.0,975.35,4309.15,14.5,10.2,36.3,58.1,43.2,25.9,47.3,31.3,74.1,105665.0,54753.8,72.1,97.9
May,5,Q2,Medical Research,large,3-4_GPU,82,75,4,1,1,1,0,2601.7,9469.1,1805053.0,313.57,706.15,116.4,81.5,291.0,465.6,57.5,34.5,58.4,78.1,74.6,14310.0,7414.97,42.1,96.9
May,5,Q2,Medical Research,large,17-32_GPU,96,91,3,4,1,1,0,15665.2,25804.2,13930402.0,7463.12,3122.5,62.0,43.4,154.9,247.9,39.7,23.8,82.0,74.2,86.9,86159.0,44645.86,63.8,99.4
May,5,Q2,Medical Research,large,129-256_GPU,334,319,26,10,3,6,0,944140.9,2121953.6,682419146.0,141198.23,229406.46,74.6,52.2,186.4,298.3,10.9,6.6,73.1,32.6,25.0,5192775.0,2690801.69,91.6,91.5
May,5,Q2,Medical Research,priority,2-GPU,187,164,7,2,3,2,0,8096.9,20902.9,5484057.0,2187.78,918.38,82.9,58.0,207.1,331.4,27.8,16.7,81.1,80.3,82.0,44533.0,23076.21,62.5,90.0
Jun,6,Q2,Physics,gpu,3-4_GPU,436,371,40,7,0,1,0,3595.5,11822.9,1027265.0,1315.1,19.72,137.7,96.4,344.2,550.8,21.3,12.8,61.5,54.5,142.2,19775.0,10247.16,68.7,89.5
Jun,6,Q2,Physics,debug,2-GPU,513,488,35,17,13,4,0,24633.3,55630.3,15874217.0,10628.95,5607.56,72.3,50.6,180.7,289.1,63.6,38.2,61.0,43.3,95.6,135483.0,70204.84,46.6,96.2
Jun,6,Q2,Physics,large,5-8_GPU,382,368,32,14,9,4,0,81171.4,276281.4,82502946.0,34105.41,4323.26,72.1,50.5,180.3,288.5,10.5,6.3,59.1,35.2,44.2,446442.0,231338.37,67.6,92.3
Jun,6,Q2,Physics,priority,65-128_GPU,240,231,13,4,4,0,0,234660.9,417399.7,157203318.0,14108.5,57324.09,39.1,27.3,97.7,156.2,46.8,28.1,83.3,57.5,11.7,1290635.0,668783.47,55.4,89.7
Jun,6,Q2,Physics,preemptible,5-8_GPU,445,416,26,12,12,6,34,80389.9,139457.4,19142920.0,25056.08,15347.56,61.5,43.1,153.8,246.1,5.5,3.3,36.6,72.2,31.9,442144.0,229111.19,78.6,88.5
Jun,6,Q2,Biology,gpu,5-8_GPU,89,78,6,3,2,1,0,9165.2,34948.2,5735973.0,3323.53,521.05,107.8,75.4,269.4,431.1,28.2,16.9,86.1,29.4,110.5,50409.0,26120.8,72.4,91.7
Jun,6,Q2,Biology,debug,2-GPU,349,298,24,9,6,5,0,7702.9,30505.4,1751316.0,2044.49,2179.85,8.1,5.6,20.2,32.3,54.1,32.5,48.1,29.6,139.9,42366.0,21953.35,80.8,92.7
Jun,6,Q2,Biology,large,3-4_GPU,566,540,17,9,8,4,0,24507.4,75362.9,8410994.0,8538.63,3709.0,79.8,55.9,199.5,319.3,37.1,22.3,47.1,40.9,131.5,134791.0,69846.12,58.0,90.5
Jun,6,Q2,Biology,large,65-128_GPU,111,96,3,2,0,0,0,131200.8,211997.5,131073158.0,2594.63,32801.54,29.1,20.4,72.8,116.5,48.6,29.2,94.6,51.2,170.0,721605.0,373922.42,54.4,99.8
Jun,6,Q2,Biology,preemptible,2-GPU,102,89,3,5,1,1,5,4143.5,15296.9,2348758.0,495.36,556.22,35.5,24.8,88.7,142.0,9.6,5.8,63.4,82.2,104.5,22789.0,11809.01,93.3,94.9
Jun,6,Q2,Chemistry,gpu,5-8_GPU,211,190,9,5,0,1,0,25816.4,68290.4,9415963.0,3937.3,5569.81,89.5,62.7,223.8,358.0,49.2,29.5,94.3,80.4,148.8,141990.0,73576.73,80.5,99.3
Jun,6,Q2,Chemistry,debug,2-GPU,390,341,31,13,11,7,0,6732.9,20796.3,4643509.0,578.5,701.72,60.7,42.5,151.7,242.7,3.3,2.0,49.0,53.2,145.1,37031.0,19188.89,85.2,90.1
Jun,6,Q2,Chemistry,large,129-256_GPU,517,462,47,15,8,0,0,1763876.1,4007354.1,1108337521.0,594655.11,87243.06,31.2,21.8,78.0,124.8,9.6,5.8,94.0,79.9,178.8,9701319.0,5027046.89,59.8,97.9
Jun,6,Q2,Chemistry,priority,1-GPU,7,6,0,0,0,0,0,333.0,794.6,90050.0,149.67,49.76,135.0,94.5,337.6,540.1,65.8,39.5,73.2,43.0,118.0,1832.0,949.05,41.5,92.5
Jun,6,Q2,Chemistry,priority,65-128_GPU,428,397,41,8,11,5,0,965045.9,1810902.2,486627353.0,381701.31,276665.42,51.8,36.3,129.5,207.2,60.0,36.0,81.8,25.4,6.8,5307753.0,2750380.88,46.9,98.2
Jun,6,Q2,Computer Science,large,65-128_GPU,225,217,10,5,5,3,0,543722.1,1047560.3,344710992.0,261357.91,85526.33,115.0,80.5,287.4,459.8,65.7,39.4,49.6,65.8,94.6,2990471.0,1549607.89,51.2,89.8
Jun,6,Q2,Computer Science,preemptible,1-GPU,188,173,15,6,2,2,0,6874.2,17341.0,3299206.0,2688.81,1581.76,12.9,9.0,32.1,51.4,59.9,35.9,88.2,61.7,169.9,37808.0,19591.33,70.7,94.0
Jun,6,Q2,Computer Science,preemptible,5-8_GPU,116,99,2,4,1,0,8,13090.2,31237.0,2769466.0,1888.26,1346.33,101.1,70.7,252.6,404.2,67.0,40.2,82.0,58.7,62.5,71996.0,37307.04,49.3,90.6
Jun,6,Q2,Earth Sciences,gpu,65-128_GPU,516,444,41,20,5,9,0,69565.6,147936.0,51476857.0,4002.03,4534.56,49.0,34.3,122.6,196.1,65.7,39.4,59.1,83.0,51.3,382611.0,198261.82,63.6,94.7
Jun,6,Q2,Earth Sciences,debug,1-GPU,511,455,27,17,4,6,0,19498.5,42353.9,8550098.0,5233.24,3316.27,42.1,29.4,105.2,168.3,67.9,40.8,83.0,76.6,124.3,107242.0,55570.79,54.9,93.6
Jun,6,Q2,Earth Sciences,large,129-256_GPU,187,171,7,2,1,0,0,1119870.4,4003504.4,247638205.0,553221.03,280309.11,23.2,16.2,57.9,92.6,61.7,37.0,79.3,36.6,9.9,6159287.0,3191630.54,66.7,96.9
Jun,6,Q2,Earth Sciences,preemptible,33-64_GPU,456,394,35,9,5,2,5,692316.4,1873209.2,344665702.0,39028.01,175993.43,82.7,57.9,206.9,331.0,55.0,33.0,53.4,64.2,56.9,3807740.0,1973101.84,51.6,96.6
Jun,6,Q2,Mathematics,large,5-8_GPU,496,452,19,15,11,0,0,27675.9,75788.0,17344438.0,5692.59,742.88,91.6,64.1,228.9,366.3,22.6,13.6,91.4,40.6,103.8,152217.0,78876.18,60.5,91.3
Jun,6,Q2,Engineering,preemptible,5-8_GPU,415,373,40,12,12,2,25,16603.0,51429.1,13130585.0,7062.03,3480.23,42.7,29.9,106.8,170.8,38.4,23.1,75.9,64.6,177.4,91317.0,47318.57,52.5,88.4
Jun,6,Q2,Engineering,preemptible,33-64_GPU,26,24,2,0,0,0,0,33903.2,58007.5,20428558.0,2997.96,447.85,101.7,71.2,254.3,406.9,11.6,6.9,55.5,47.9,72.0,186468.0,96624.13,76.6,93.4
Jun,6,Q2,Engineering,preemptible,129-256_GPU,497,453,29,20,2,2,26,2237220.7,3675727.3,1208376392.0,349997.91,421313.06,118.1,82.7,295.4,472.6,15.3,9.2,40.2,72.4,96.8,12304714.0,6376078.94,51.3,92.9
Jun,6,Q2,Medical Research,priority,5-8_GPU,554,522,21,23,11,8,0,35356.2,73382.8,19876512.0,15591.63,4077.76,126.3,88.4,315.9,505.4,24.2,14.5,71.1,63.4,171.6,194459.0,100765.29,47.4,89.6
Jun,6,Q2,Medical Research,priority,9-16_GPU,122,105,7,5,1,1,0,20593.0,44178.0,10253511.0,454.76,938.72,130.4,91.3,326.1,521.8,23.3,14.0,82.8,81.1,5.8,113262.0,58690.15,87.4,96.7
Jul,7,Q3,Physics,interactive,1-GPU,351,333,14,8,5,5,0,5968.8,21212.4,4246714.0,124.32,566.51,137.1,96.0,342.7,548.4,37.9,22.7,86.9,39.4,69.4,32828.0,17011.01,61.4,89.9
Jul,7,Q3,Physics,priority,3-4_GPU,423,380,28,19,0,5,0,49325.4,171686.4,18618340.0,18348.82,11836.05,139.1,97.3,347.7,556.3,66.5,39.9,77.8,84.8,88.9,271290.0,140577.37,70.9,92.9
Jul,7,Q3,Physics,priority,9-16_GPU,192,164,6,7,5,1,0,34489.5,120990.7,11228627.0,14853.98,2356.31,131.4,92.0,328.6,525.8,19.0,11.4,49.5,30.6,164.3,189692.0,98294.97,58.0,90.1
Jul,7,Q3,Biology,debug,1-GPU,130,120,4,4,2,2,0,3973.5,11342.3,2187363.0,436.79,687.17,124.7,87.3,311.7,498.8,43.0,25.8,93.4,29.5,5.6,21855.0,11324.6,42.0,98.0
Jul,7,Q3,Biology,debug,2-GPU,69,60,6,2,0,1,0,5931.6,17980.5,3256148.0,1689.04,219.35,94.5,66.2,236.3,378.1,4.6,2.8,58.9,51.1,122.2,32624.0,16905.0,76.2,94.6
Jul,7,Q3,Biology,large,1-GPU,99,96,4,3,2,0,0,2354.0,6667.0,1688079.0,1164.18,603.29,90.6,63.4,226.6,362.5,7.7,4.6,81.8,51.4,84.0,12947.0,6708.97,66.7,96.3
Jul,7,Q3,Chemistry,gpu,5-8_GPU,84,82,5,3,0,0,0,14841.6,23310.5,3241540.0,1954.25,3626.38,30.2,21.1,75.4,120.7,34.8,20.9,72.3,41.9,152.3,81629.0,42298.64,80.4,94.0
Jul,7,Q3,Chemistry,preemptible,2-GPU,583,545,46,15,9,1,14,20105.5,69565.3,15744983.0,6137.41,909.45,124.9,87.4,312.1,499.4,6.0,3.6,94.3,81.3,44.2,110580.0,57300.72,88.1,91.2
Jul,7,Q3,Chemistry,preemptible,9-16_GPU,483,463,24,15,12,0,20,87194.4,221865.2,46079874.0,17151.66,9441.11,128.3,89.8,320.7,513.1,67.7,40.6,73.4,50.0,61.4,479569.0,248504.1,71.1,92.5
Jul,7,Q3,Computer Science,gpu,9-16_GPU,78,66,3,1,2,1,0,23714.8,91897.6,15134558.0,11618.02,1480.8,132.7,92.9,331.7,530.7,60.2,36.1,73.5,61.6,64.6,130431.0,67587.16,66.7,90.8
Jul,7,Q3,Computer Science,gpu,33-64_GPU,44,41,2,0,1,0,0,60511.1,207630.6,57439850.0,13576.3,2591.02,58.7,41.1,146.8,234.8,19.0,11.4,90.4,61.1,111.1,332811.0,172456.58,72.1,93.7
Jul,7,Q3,Computer Science,interactive,2-GPU,518,460,22,19,4,9,0,32918.8,66263.9,33249022.0,1636.73,4026.17,72.7,50.9,181.9,291.0,11.0,6.6,53.1,46.1,51.4,181054.0,93818.71,61.0,89.7
Jul,7,Q3,Computer Science,priority,2-GPU,242,226,20,10,2,1,0,20891.8,73968.8,13691890.0,3265.76,2259.6,25.4,17.8,63.6,101.7,57.4,34.4,39.1,84.5,59.1,114905.0,59541.73,82.9,99.9
Jul,7,Q3,Computer Science,priority,17-32_GPU,476,449,39,5,5,5,0,202637.3,393441.9,65518987.0,86280.46,9358.21,41.0,28.7,102.5,164.0,71.1,42.6,73.2,58.2,153.6,1114505.0,577516.18,57.1,91.4
Jul,7,Q3,Computer Science,preemptible,129-256_GPU,14,12,0,0,0,0,0,8000.8,15277.8,4130528.0,144.57,2374.64,41.6,29.1,103.9,166.2,64.1,38.4,49.3,39.7,28.4,44004.0,22802.25,48.7,94.0
Jul,7,Q3,Earth Sciences,gpu,33-64_GPU,235,207,17,6,1,2,0,277777.6,752377.7,252167179.0,6130.39,71143.49,142.1,99.5,355.3,568.5,51.4,30.9,76.1,68.5,161.2,1527777.0,791666.07,91.9,91.5
Jul,7,Q3,Earth Sciences,large,5-8_GPU,356,322,35,4,3,2,0,35245.1,112946.2,35350458.0,7384.46,6071.21,52.5,36.8,131.3,210.1,24.1,14.5,46.9,25.8,64.4,193848.0,100448.6,75.1,96.3
Jul,7,Q3,Earth Sciences,priority,129-256_GPU,340,289,22,10,7,5,0,1891750.0,6453807.8,634683292.0,812793.35,64195.03,34.0,23.8,84.9,135.9,3.5,2.1,88.0,76.0,127.0,10404625.0,5391487.49,56.5,89.1
Jul,7,Q3,Earth Sciences,preemptible,9-16_GPU,433,369,20,18,6,1,24,79857.6,153414.6,17395653.0,6846.94,14113.3,37.9,26.5,94.7,151.5,24.5,14.7,75.3,42.7,53.6,439217.0,227594.08,41.1,91.4
Jul,7,Q3,Mathematics,gpu,17-32_GPU,79,69,6,1,2,1,0,38332.6,87826.3,35268119.0,15219.82,7356.36,12.1,8.5,30.3,48.4,37.0,22.2,38.2,64.7,135.7,210829.0,109247.87,47.2,95.4
Jul,7,Q3,Mathematics,gpu,129-256_GPU,333,313,14,5,6,3,0,1193511.0,2586173.2,261548098.0,591392.82,140544.61,15.2,10.6,37.9,60.7,12.7,7.6,74.3,84.0,116.1,6564311.0,3401506.47,57.1,93.9
Jul,7,Q3,Mathematics,priority,33-64_GPU,426,366,15,6,3,1,0,63557.0,152920.0,49996960.0,21172.04,2850.42,126.0,88.2,315.1,504.2,36.7,22.0,61.7,42.8,64.0,349564.0,181137.48,71.7,98.8
Jul,7,Q3,Mathematics,preemptible,17-32_GPU,152,145,13,4,3,3,5,97401.8,152467.8,87442145.0,4757.95,16114.11,18.2,12.7,45.5,72.8,67.3,40.4,55.0,56.4,25.0,535710.0,277595.17,60.2,88.9
Jul,7,Q3,Engineering,gpu,65-128_GPU,284,253,20,7,3,1,0,872124.4,3330115.5,481843497.0,135654.97,242603.64,7.4,5.2,18.4,29.5,65.3,39.2,61.2,81.7,70.0,4796684.0,2485554.46,54.3,97.7
Jul,7,Q3,Engineering,preemptible,5-8_GPU,79,67,1,2,0,0,1,2192.6,8274.7,1888348.0,416.84,255.78,129.9,90.9,324.8,519.7,31.2,18.7,36.5,64.2,140.4,12059.0,6248.91,54.5,95.4
Jul,7,Q3,Medical Research,gpu,3-4_GPU,297,284,24,3,0,0,0,26282.2,58548.0,23111002.0,8126.67,4703.54,18.1,12.7,45.2,72.4,52.1,31.3,47.8,29.6,144.3,144552.0,74904.34,85.6,91.0
Jul,7,Q3,Medical Research,gpu,17-32_GPU,216,185,13,8,3,2,0,71179.7,251446.4,52167681.0,34055.05,18538.46,131.6,92.1,329.1,526.5,23.4,14.0,42.9,52.2,84.6,391489.0,202862.23,65.1,99.2
Jul,7,Q3,Medical Research,preemptible,17-32_GPU,290,254,6,3,0,0,12,163996.8,334707.5,147204732.0,29448.31,17691.67,139.0,97.3,347.4,555.9,32.6,19.6,41.2,25.1,171.6,901983.0,467390.99,65.2,96.8
Jul,7,Q3,Medical Research,preemptible,129-256_GPU,562,527,52,10,6,2,26,742437.7,1757722.8,321863258.0,210427.76,184000.8,94.5,66.1,236.1,377.8,42.1,25.2,68.1,75.3,112.0,4083407.0,2115947.4,87.9,99.2
Aug,8,Q3,Physics,gpu,33-64_GPU,450,438,36,19,3,5,0,562456.3,1599618.6,333992616.0,16937.56,149412.52,81.0,56.7,202.6,324.1,67.9,40.8,52.7,80.9,116.4,3093510.0,1603000.58,84.7,93.5
Aug,8,Q3,Physics,interactive,3-4_GPU,401,346,24,9,6,3,0,45118.4,169732.0,23121221.0,20613.29,9110.44,105.1,73.6,262.8,420.5,21.8,13.1,75.2,33.0,73.2,248151.0,128587.48,82.0,94.8
Aug,8,Q3,Physics,large,3-4_GPU,96,88,8,2,1,0,0,2534.4,6453.8,883286.0,27.09,253.49,86.1,60.3,215.3,344.5,43.3,26.0,73.0,58.5,97.8,13939.0,7223.03,82.5,90.8
Aug,8,Q3,Physics,priority,1-GPU,200,176,6,4,5,2,0,5811.9,9776.3,2125604.0,2437.28,490.98,70.5,49.3,176.2,282.0,29.3,17.6,83.2,26.0,166.6,31965.0,16563.88,69.4,97.2
Aug,8,Q3,Physics,priority,9-16_GPU,336,300,13,9,3,6,0,34379.3,130466.8,11547692.0,17050.11,9365.08,88.7,62.1,221.7,354.8,51.1,30.7,69.3,45.5,131.6,189086.0,97981.08,66.4,92.5
Aug,8,Q3,Physics,priority,33-64_GPU,290,276,10,13,3,3,0,233017.8,509559.1,163914774.0,37297.01,62726.23,34.2,23.9,85.5,136.8,16.1,9.6,71.5,79.0,93.8,1281598.0,664100.75,42.1,88.4
Aug,8,Q3,Physics,preemptible,65-128_GPU,560,498,53,15,0,3,39,777625.0,3008929.6,794724529.0,19073.37,111943.01,94.7,66.3,236.7,378.7,11.9,7.2,49.8,83.9,72.2,4276937.0,2216231.15,91.3,95.3
Aug,8,Q3,Biology,gpu,129-256_GPU,341,300,25,12,4,6,0,1059755.9,2383637.8,883947505.0,21528.05,157117.05,55.5,38.8,138.7,221.9,69.9,41.9,41.8,42.2,46.8,5828658.0,3020304.42,81.6,91.0
Aug,8,Q3,Biology,debug,1-GPU,265,235,12,8,6,1,0,9999.6,33841.9,8310998.0,1597.83,1048.61,118.1,82.7,295.2,472.4,50.5,30.3,80.1,65.7,41.4,54998.0,28498.83,85.5,97.4
Aug,8,Q3,Biology,interactive,3-4_GPU,415,366,33,9,5,6,0,13645.2,52746.5,12823816.0,1357.03,1260.9,9.4,6.6,23.4,37.4,46.6,28.0,35.3,76.4,170.7,75049.0,38888.89,55.4,92.6
Aug,8,Q3,Biology,large,3-4_GPU,240,209,15,10,0,3,0,3007.5,10311.7,1270521.0,443.95,853.98,104.4,73.1,261.0,417.6,70.4,42.2,53.8,60.1,82.0,16541.0,8571.4,44.3,99.4
Aug,8,Q3,Biology,large,65-128_GPU,30,27,0,0,0,0,0,22185.6,65511.9,20886818.0,9694.09,2466.06,135.6,94.9,339.1,542.5,46.2,27.7,76.4,52.8,88.5,122021.0,63228.98,92.0,96.8
Aug,8,Q3,Chemistry,debug,1-GPU,150,139,7,4,2,2,0,6290.0,21965.2,2391266.0,823.01,422.85,99.2,69.4,247.9,396.7,39.1,23.5,69.8,66.7,46.7,34595.0,17926.43,77.2,95.5
Aug,8,Q3,Chemistry,interactive,1-GPU,244,225,14,3,4,0,0,2665.6,9395.4,2315411.0,834.48,698.48,82.5,57.7,206.2,329.9,4.2,2.5,60.5,55.7,138.1,14661.0,7596.89,70.0,94.9
Aug,8,Q3,Chemistry,large,1-GPU,566,506,15,12,5,7,0,22036.8,47026.3,17395197.0,6570.01,5116.38,111.4,78.0,278.4,445.5,12.9,7.8,62.1,62.7,67.9,121202.0,62804.9,68.7,89.7
Aug,8,Q3,Chemistry,preemptible,2-GPU,93,89,8,1,0,0,1,474.1,1022.8,123305.0,232.79,121.98,24.4,17.1,61.1,97.7,63.2,37.9,39.2,33.6,50.9,2608.0,1351.32,82.6,96.6
Aug,8,Q3,Chemistry,preemptible,9-16_GPU,497,475,33,12,0,6,33,178954.6,692079.1,124880535.0,29035.92,3937.68,126.4,88.5,316.1,505.7,18.4,11.0,74.5,49.2,91.9,984250.0,510020.51,71.0,97.2
Aug,8,Q3,Computer Science,gpu,1-GPU,574,560,24,12,0,5,0,5490.7,19303.8,5417774.0,488.03,961.83,131.1,91.8,327.8,524.5,6.7,4.0,51.5,26.1,177.8,30199.0,15648.45,79.4,96.8
Aug,8,Q3,Computer Science,gpu,5-8_GPU,309,281,21,8,6,4,0,16660.1,58528.2,5018790.0,765.69,3412.84,25.6,17.9,64.0,102.4,32.5,19.5,86.2,53.8,115.7,91631.0,47481.31,56.4,98.5
Aug,8,Q3,Computer Science,gpu,17-32_GPU,130,110,8,4,1,0,0,12270.4,45935.2,5873442.0,2251.69,2873.92,35.4,24.8,88.5,141.6,5.8,3.5,91.4,60.3,73.6,67487.0,34970.52,56.2,98.0
Aug,8,Q3,Computer Science,interactive,1-GPU,570,525,46,22,0,8,0,26494.1,51043.2,11026071.0,5666.65,3651.01,58.4,40.9,146.0,233.6,36.5,21.9,76.6,65.9,71.2,145718.0,75508.19,84.7,89.5
Aug,8,Q3,Computer Science,large,33-64_GPU,275,265,8,11,5,3,0,106049.1,358552.1,44828042.0,44141.25,31499.17,101.6,71.1,253.9,406.3,62.3,37.4,44.8,69.4,71.5,583270.0,302239.84,50.3,89.7
Aug,8,Q3,Computer Science,large,65-128_GPU,321,301,23,4,4,0,0,659678.3,2184682.2,235666059.0,164905.01,5636.0,103.9,72.7,259.8,415.7,1.2,0.7,40.7,30.1,26.8,3628231.0,1880083.1,42.7,95.3
Aug,8,Q3,Computer Science,priority,1-GPU,31,30,3,0,0,0,0,330.1,1209.3,163823.0,13.49,64.51,66.4,46.5,166.0,265.6,58.3,35.0,73.6,71.6,170.6,1815.0,940.7,63.5,92.9
Aug,8,Q3,Computer Science,preemptible,33-64_GPU,178,163,15,4,0,3,7,191897.2,407497.8,52519298.0,48686.92,3502.26,50.8,35.5,127.0,203.1,6.4,3.9,38.3,44.1,123.5,1055435.0,546907.04,78.8,98.8
Aug,8,Q3,Earth Sciences,interactive,3-4_GPU,302,265,18,8,5,5,0,24184.6,42640.9,10020592.0,8265.18,4052.72,57.2,40.1,143.1,228.9,1.3,0.8,84.2,41.0,178.3,133016.0,68926.24,76.5,88.5
Aug,8,Q3,Earth Sciences,large,2-GPU,50,47,3,1,0,0,0,2156.7,6078.7,1669152.0,1070.89,463.16,125.7,88.0,314.2,502.8,32.8,19.7,84.2,35.0,138.5,11862.0,6146.51,59.4,99.8
Aug,8,Q3,Earth Sciences,priority,2-GPU,140,129,9,4,1,2,0,8098.6,24369.2,7374361.0,1223.41,1095.93,30.0,21.0,75.0,120.0,64.4,38.7,45.7,39.3,63.8,44543.0,23081.13,89.6,95.5
Aug,8,Q3,Earth Sciences,priority,5-8_GPU,190,167,18,8,5,3,0,34649.0,121574.1,17200369.0,16334.53,3548.68,18.8,13.2,47.0,75.3,58.8,35.3,74.6,74.1,71.8,190570.0,98749.77,51.2,98.7
Aug,8,Q3,Earth Sciences,priority,17-32_GPU,476,422,29,14,9,2,0,325198.4,1170176.7,124447044.0,118512.08,95276.81,14.5,10.1,36.2,57.8,28.7,17.2,91.8,72.5,16.8,1788591.0,926815.53,53.1,96.3
Aug,8,Q3,Mathematics,gpu,33-64_GPU,408,397,14,10,10,2,0,517069.8,2059293.5,253488360.0,257208.79,71381.99,126.8,88.8,317.0,507.2,22.1,13.3,91.8,41.4,92.6,2843884.0,1473648.91,61.1,94.8
Aug,8,Q3,Mathematics,large,3-4_GPU,262,245,12,8,5,0,0,31747.5,101664.0,7638139.0,7991.7,1641.3,64.6,45.2,161.6,258.5,16.9,10.2,40.4,30.3,127.9,174611.0,90480.45,89.8,99.2
Aug,8,Q3,Mathematics,large,9-16_GPU,267,245,20,12,3,4,0,6864.0,18893.1,2878122.0,2508.6,1969.91,110.0,77.0,274.9,439.8,71.0,42.6,73.9,47.6,18.6,37752.0,19562.27,51.0,96.8
Aug,8,Q3,Mathematics,priority,2-GPU,102,98,3,4,1,1,0,4231.3,11672.5,1808849.0,670.54,193.28,73.6,51.5,184.0,294.3,71.6,42.9,84.8,54.0,22.1,23272.0,12059.14,64.4,92.1
Aug,8,Q3,Mathematics,priority,17-32_GPU,113,101,9,2,0,2,0,67968.4,153456.9,50685939.0,33173.58,11584.99,24.1,16.9,60.3,96.4,2.5,1.5,67.5,83.3,111.9,373826.0,193709.81,68.3,90.9
Aug,8,Q3,Mathematics,preemptible,2-GPU,576,522,45,19,3,5,3,50388.8,127417.2,39505130.0,13316.82,2071.02,47.7,33.4,119.2,190.7,71.2,42.7,81.0,73.3,133.4,277138.0,143608.09,58.1,96.7
Aug,8,Q3,Engineering,gpu,1-GPU,330,288,20,8,8,5,0,2311.6,5648.8,2005403.0,618.06,562.18,115.0,80.5,287.5,459.9,54.3,32.6,79.0,56.5,140.2,12714.0,6587.95,60.7,97.4
Aug,8,Q3,Engineering,gpu,129-256_GPU,281,251,8,13,2,1,0,606298.3,1314413.0,438200831.0,10999.46,119921.93,105.0,73.5,262.6,420.2,9.6,5.7,62.2,36.0,90.1,3334641.0,1727950.21,94.9,98.1
Aug,8,Q3,Engineering,interactive,1-GPU,319,309,22,13,6,0,0,5202.8,10961.1,4863774.0,560.73,588.76,71.1,49.7,177.7,284.3,47.5,28.5,85.4,83.8,59.4,28616.0,14828.08,61.1,93.8
Aug,8,Q3,Engineering,priority,17-32_GPU,518,494,32,18,11,3,0,209084.0,750011.4,93136315.0,29133.41,11361.65,7.3,5.1,18.2,29.2,8.3,5.0,53.3,82.2,20.0,1149962.0,595889.33,53.2,91.8
Aug,8,Q3,Medical Research,gpu,1-GPU,476,405,15,6,10,0,0,19871.1,77257.1,8766593.0,6411.56,3018.72,12.9,9.0,32.1,51.4,71.8,43.1,43.2,56.3,64.6,109291.0,56632.64,72.2,94.5
Aug,8,Q3,Medical Research,preemptible,1-GPU,28,25,1,1,0,0,1,1145.0,4008.9,569379.0,85.42,19.4,74.6,52.2,186.5,298.3,30.2,18.1,63.8,59.1,6.1,6298.0,3263.39,75.9,94.2
Sep,9,Q3,Physics,debug,2-GPU,7,6,0,0,0,0,0,42.9,170.2,38888.0,6.32,4.03,35.3,24.7,88.2,141.2,59.9,35.9,41.2,76.4,146.4,236.0,122.31,63.4,92.5
Sep,9,Q3,Physics,large,2-GPU,173,166,9,8,0,0,0,11183.9,35618.3,3008230.0,2513.65,1995.5,107.0,74.9,267.5,428.0,44.2,26.5,61.6,37.6,45.6,61512.0,31874.18,84.4,88.6
Sep,9,Q3,Physics,priority,2-GPU,126,121,5,2,3,1,0,6167.7,14392.6,1767877.0,1106.52,1314.27,68.2,47.7,170.5,272.7,18.7,11.2,59.3,50.4,92.3,33922.0,17578.02,52.2,93.1
Sep,9,Q3,Physics,priority,9-16_GPU,303,289,16,6,2,2,0,45554.9,80353.3,18225926.0,8003.48,6843.36,66.4,46.5,166.1,265.7,67.7,40.6,85.5,30.7,75.8,250552.0,129831.46,50.5,95.6
Sep,9,Q3,Physics,preemptible,33-64_GPU,353,344,26,8,2,1,27,379809.1,1518921.0,207224935.0,94395.96,95657.45,80.6,56.4,201.6,322.5,8.8,5.3,92.8,25.3,178.3,2088950.0,1082455.96,44.2,98.0
Sep,9,Q3,Physics,preemptible,129-256_GPU,166,159,13,4,1,1,12,985114.4,2707041.6,341099408.0,409068.48,47739.39,25.0,17.5,62.4,99.9,36.6,22.0,90.2,66.6,24.1,5418129.0,2807576.16,51.1,99.1
Sep,9,Q3,Biology,gpu,1-GPU,528,478,30,25,4,1,0,10353.0,17383.5,2658985.0,4000.65,718.62,84.3,59.0,210.7,337.1,62.4,37.5,94.9,82.8,154.4,56942.0,29506.05,67.7,94.1
Sep,9,Q3,Biology,gpu,9-16_GPU,392,371,28,6,1,1,0,153730.2,502726.8,40819906.0,45073.69,44541.91,102.4,71.7,256.1,409.8,34.4,20.7,81.4,69.7,150.3,845516.0,438131.12,89.6,91.6
Sep,9,Q3,Biology,interactive,2-GPU,301,271,12,12,0,3,0,25931.0,75249.8,16412419.0,6784.78,2749.66,50.3,35.2,125.7,201.1,47.5,28.5,51.5,66.4,146.9,142620.0,73903.34,61.2,89.7
Sep,9,Q3,Chemistry,gpu,129-256_GPU,444,399,28,9,3,6,0,1699497.8,3389359.2,1452059876.0,713414.74,436875.2,29.5,20.6,73.7,118.0,55.6,33.3,59.7,73.5,65.5,9347238.0,4843568.77,42.9,96.3
Sep,9,Q3,Chemistry,debug,2-GPU,79,76,7,3,1,1,0,6829.1,11721.0,6387021.0,395.1,1671.42,8.8,6.1,21.9,35.1,68.9,41.3,77.7,33.0,134.1,37560.0,19462.93,66.7,98.2
Sep,9,Q3,Chemistry,interactive,1-GPU,337,316,23,14,5,1,0,4220.5,9810.2,1380533.0,1123.02,1023.94,27.0,18.9,67.6,108.1,66.7,40.0,48.3,67.3,48.7,23213.0,12028.34,63.8,88.7
Sep,9,Q3,Chemistry,interactive,2-GPU,47,46,3,1,0,0,0,3910.6,7074.2,3282222.0,1795.73,140.62,35.4,24.8,88.4,141.5,6.9,4.1,53.0,36.3,81.2,21509.0,11145.32,69.2,96.7
Sep,9,Q3,Chemistry,large,65-128_GPU,303,292,14,4,1,5,0,732075.1,1508956.5,371345736.0,285004.93,106714.39,119.3,83.5,298.3,477.3,6.3,3.8,69.6,63.2,110.5,4026413.0,2086414.14,94.9,94.6
Sep,9,Q3,Computer Science,preemptible,129-256_GPU,19,17,1,0,0,0,1,30265.5,64858.3,23766186.0,9873.46,694.23,86.0,60.2,214.9,343.9,55.5,33.3,66.2,32.4,81.9,166460.0,86256.73,49.3,89.9
Sep,9,Q3,Earth Sciences,gpu,17-32_GPU,456,424,30,12,12,3,0,318562.1,928242.7,69165475.0,8454.54,88572.85,118.8,83.1,297.0,475.1,57.3,34.4,42.1,72.2,153.7,1752092.0,907902.02,70.3,98.1
Sep,9,Q3,Earth Sciences,priority,9-16_GPU,314,296,14,12,3,0,0,37786.2,139278.5,27178587.0,6123.6,10688.23,76.2,53.4,190.5,304.9,10.2,6.1,84.8,46.2,9.5,207824.0,107690.65,69.6,95.7
Sep,9,Q3,Earth Sciences,priority,129-256_GPU,214,193,16,9,6,1,0,222355.3,782230.3,82454271.0,84660.77,7497.19,116.3,81.4,290.7,465.1,57.9,34.8,68.8,76.6,44.0,1222954.0,633712.64,61.3,97.9
Sep,9,Q3,Earth Sciences,preemptible,5-8_GPU,342,297,17,7,10,5,17,15059.1,22798.0,3339955.0,1936.99,933.57,125.1,87.6,312.7,500.3,8.0,4.8,50.7,82.0,76.2,82825.0,42918.55,88.1,93.7
Sep,9,Q3,Mathematics,gpu,1-GPU,51,48,4,1,0,0,0,922.8,2975.1,251228.0,347.4,163.88,107.4,75.2,268.5,429.7,22.5,13.5,64.3,27.8,14.8,5075.0,2629.97,90.6,95.9
Sep,9,Q3,Mathematics,gpu,9-16_GPU,330,301,23,6,8,3,0,6482.9,19605.4,4983289.0,1164.33,543.02,8.9,6.2,22.1,35.4,32.9,19.7,70.0,78.7,130.5,35656.0,18476.37,78.4,93.9
Sep,9,Q3,Mathematics,gpu,65-128_GPU,286,278,19,14,1,0,0,144922.8,571188.2,105952191.0,8855.41,22334.35,51.3,35.9,128.2,205.2,52.6,31.6,81.6,74.5,103.6,797075.0,413030.01,65.6,89.1
Sep,9,Q3,Mathematics,large,5-8_GPU,431,410,40,19,5,3,0,22896.4,40241.6,19246005.0,10339.09,5189.01,28.6,20.0,71.5,114.5,67.4,40.5,69.9,58.4,86.1,125930.0,65254.75,65.0,88.7
Sep,9,Q3,Mathematics,large,9-16_GPU,147,143,9,3,3,0,0,45587.4,133153.3,20019596.0,5514.78,9374.16,47.5,33.3,118.8,190.1,31.1,18.7,71.2,70.6,79.7,250731.0,129924.03,49.6,90.2
Sep,9,Q3,Mathematics,priority,1-GPU,363,351,21,14,4,7,0,8575.4,25373.2,2264083.0,947.97,696.91,91.9,64.3,229.7,367.5,69.3,41.6,51.9,41.5,110.8,47165.0,24439.84,89.2,88.8
Sep,9,Q3,Mathematics,priority,3-4_GPU,112,99,8,4,0,0,0,4716.4,11506.3,2288848.0,290.56,874.16,67.9,47.5,169.7,271.6,42.8,25.7,47.6,79.4,29.1,25940.0,13441.77,80.0,95.9
Sep,9,Q3,Mathematics,priority,33-64_GPU,91,83,9,2,2,1,0,71294.6,169168.4,33547762.0,11159.16,20170.98,33.8,23.6,84.5,135.1,40.3,24.2,69.7,36.5,49.7,392120.0,203189.54,41.1,91.9
Sep,9,Q3,Engineering,gpu,65-128_GPU,281,247,22,11,6,3,0,343283.0,964352.1,305002695.0,26490.97,95257.29,6.7,4.7,16.7,26.8,4.5,2.7,83.4,61.0,106.7,1888057.0,978356.68,46.1,97.6
Sep,9,Q3,Engineering,interactive,1-GPU,140,137,13,2,2,1,0,3180.4,10207.3,1345965.0,1291.43,226.56,91.0,63.7,227.5,364.1,27.7,16.6,75.2,69.2,75.5,17492.0,9064.08,42.1,91.8
Sep,9,Q3,Engineering,large,33-64_GPU,284,253,10,14,1,4,0,393511.7,1518028.7,215078144.0,20067.3,39687.42,56.4,39.5,141.0,225.6,35.9,21.6,40.0,83.9,51.4,2164314.0,1121508.34,81.0,93.1
Sep,9,Q3,Medical Research,gpu,2-GPU,502,451,36,24,7,8,0,18603.7,74271.9,4884853.0,5241.71,2190.31,27.0,18.9,67.5,108.1,54.5,32.7,76.9,27.2,83.4,102320.0,53020.57,67.2,98.1
Sep,9,Q3,Medical Research,gpu,3-4_GPU,113,99,3,3,0,1,0,4335.0,11516.1,3815217.0,1705.8,874.43,106.4,74.5,265.9,425.5,14.9,8.9,48.2,74.0,172.6,23842.0,12354.63,50.1,98.9
Sep,9,Q3,Medical Research,large,1-GPU,39,35,0,1,1,0,0,535.2,1433.9,224498.0,161.31,46.27,73.2,51.3,183.1,293.0,46.3,27.8,76.9,46.6,102.6,2943.0,1525.24,43.2,100.0
Oct,10,Q4,Physics,large,3-4_GPU,195,170,12,8,4,0,0,4711.4,17281.4,3702487.0,1154.31,885.79,64.1,44.9,160.4,256.6,13.7,8.2,42.8,51.1,26.6,25913.0,13427.41,67.6,88.7
Oct,10,Q4,Physics,preemptible,5-8_GPU,89,78,7,4,0,1,0,13443.7,47177.7,12381122.0,5778.7,3139.2,46.3,32.4,115.8,185.3,15.8,9.5,84.5,61.3,30.8,73940.0,38314.49,90.3,89.7
Oct,10,Q4,Physics,preemptible,9-16_GPU,342,306,13,12,3,3,9,93839.5,311361.6,84762173.0,23913.43,2280.09,38.2,26.7,95.4,152.6,62.3,37.4,38.4,46.9,76.3,516117.0,267442.5,42.1,98.2
Oct,10,Q4,Biology,gpu,9-16_GPU,233,215,16,9,0,0,0,29280.3,96475.3,24608716.0,7923.73,7109.02,45.4,31.8,113.5,181.6,18.7,11.2,61.9,52.6,71.1,161042.0,83448.79,78.0,95.1
Oct,10,Q4,Biology,large,5-8_GPU,477,444,25,5,10,5,0,17880.8,44007.8,13540464.0,2959.74,1445.16,62.4,43.7,156.1,249.8,65.2,39.1,73.0,50.4,66.4,98345.0,50960.39,51.7,92.9
Oct,10,Q4,Biology,large,33-64_GPU,190,177,17,7,1,1,0,102125.8,158890.0,80338576.0,41339.7,9036.94,51.7,36.2,129.3,206.9,7.5,4.5,63.6,31.3,132.1,561692.0,291058.6,63.9,88.5
Oct,10,Q4,Biology,large,129-256_GPU,43,42,0,1,1,0,0,179558.8,586742.4,183369442.0,44565.25,49312.11,9.2,6.4,23.0,36.8,23.9,14.3,66.7,48.9,129.3,987573.0,511742.56,92.7,92.5
Oct,10,Q4,Biology,preemptible,129-256_GPU,355,346,27,16,7,0,7,263443.0,832154.4,144578496.0,57969.62,51491.0,87.9,61.5,219.7,351.5,20.5,12.3,69.8,30.1,152.1,1448936.0,750812.5,86.9,98.2
Oct,10,Q4,Chemistry,gpu,9-16_GPU,437,408,21,19,10,6,0,177181.4,689517.1,39654147.0,87771.37,38434.15,24.2,16.9,60.5,96.7,47.3,28.4,93.2,30.2,126.5,974498.0,504967.05,81.0,88.8
Oct,10,Q4,Chemistry,gpu,65-128_GPU,126,108,7,1,1,1,0,108363.0,215563.8,25909847.0,3546.09,8552.7,118.7,83.1,296.9,475.0,46.9,28.1,74.5,80.5,52.6,595997.0,308834.61,92.6,94.6
Oct,10,Q4,Chemistry,priority,9-16_GPU,414,391,9,15,5,2,0,144417.0,374845.5,123511448.0,17623.48,8468.29,118.8,83.1,297.0,475.1,48.5,29.1,56.3,62.8,50.0,794294.0,411588.58,70.7,92.6
Oct,10,Q4,Chemistry,preemptible,9-16_GPU,432,411,24,7,11,1,33,173441.8,517835.4,86540594.0,82598.4,36771.03,71.4,50.0,178.5,285.6,53.5,32.1,86.9,81.6,122.2,953930.0,494309.04,82.9,90.4
Oct,10,Q4,Computer Science,gpu,9-16_GPU,82,70,3,3,2,1,0,16978.2,53439.8,5987117.0,966.02,4840.66,83.5,58.4,208.7,333.9,32.1,19.2,87.4,48.9,115.2,93380.0,48387.9,90.3,89.7
Oct,10,Q4,Computer Science,gpu,129-256_GPU,391,335,11,19,4,6,0,2353759.9,7602108.1,898351732.0,638167.45,117790.02,95.1,66.5,237.7,380.3,37.2,22.3,83.5,35.1,128.5,12945680.0,6708215.81,48.3,97.8
Oct,10,Q4,Computer Science,priority,3-4_GPU,68,66,1,1,1,1,0,9326.2,27855.5,7602025.0,768.02,1916.93,91.4,63.9,228.4,365.4,50.9,30.5,72.7,57.2,103.7,51294.0,26579.56,73.4,90.2
Oct,10,Q4,Computer Science,priority,9-16_GPU,134,124,9,1,2,1,0,28559.4,108705.2,23165838.0,9766.14,7555.43,51.9,36.3,129.8,207.6,52.6,31.5,94.8,36.5,160.5,157077.0,81394.37,56.1,91.1
Oct,10,Q4,Computer Science,preemptible,9-16_GPU,322,302,10,8,1,3,23,62987.9,114460.1,44195603.0,12761.65,17742.98,95.4,66.8,238.5,381.6,5.6,3.3,52.8,40.4,130.2,346434.0,179515.55,92.6,97.3
Oct,10,Q4,Computer Science,preemptible,33-64_GPU,410,360,13,4,5,2,17,309359.0,984223.1,215403286.0,46751.1,52029.28,73.6,51.5,184.0,294.5,42.4,25.4,71.5,77.8,30.6,1701474.0,881673.01,61.1,91.8
Oct,10,Q4,Earth Sciences,large,2-GPU,281,240,8,8,8,2,0,11540.5,41860.9,4942589.0,5572.2,2470.72,119.9,83.9,299.8,479.6,64.8,38.9,81.2,31.6,50.9,63473.0,32890.39,67.7,96.8
Oct,10,Q4,Earth Sciences,large,33-64_GPU,5,4,0,0,0,0,0,775.6,1445.0,414806.0,120.21,151.04,18.4,12.9,46.0,73.5,19.0,11.4,89.7,48.8,56.4,4266.0,2210.44,79.5,98.5
Oct,10,Q4,Earth Sciences,priority,9-16_GPU,136,128,11,3,2,2,0,14187.7,28887.0,9190446.0,4683.16,3002.13,105.5,73.8,263.7,421.9,2.0,1.2,92.7,50.2,102.9,78032.0,40434.9,65.7,91.8
Oct,10,Q4,Earth Sciences,preemptible,65-128_GPU,85,76,4,3,1,0,6,232308.0,694274.0,55394814.0,99860.32,22999.95,104.9,73.4,262.2,419.5,55.4,33.2,73.9,79.9,67.0,1277694.0,662077.75,67.2,91.9
Oct,10,Q4,Mathematics,gpu,5-8_GPU,255,245,9,9,5,0,0,2988.1,8271.6,1650540.0,727.37,735.57,47.0,32.9,117.5,188.0,10.4,6.2,72.5,28.8,83.5,16434.0,8516.0,56.5,90.1
Oct,10,Q4,Mathematics,debug,2-GPU,260,248,22,8,5,2,0,24745.0,97089.5,17852741.0,6457.48,3626.53,51.2,35.8,127.9,204.7,3.4,2.1,84.2,35.8,79.3,136098.0,70523.34,77.1,99.8
Oct,10,Q4,Mathematics,large,33-64_GPU,138,126,11,5,1,0,0,129745.7,316941.4,26163871.0,54194.83,10867.59,18.6,13.1,46.6,74.6,34.7,20.8,47.8,69.1,17.5,713601.0,369775.2,54.4,93.2
Oct,10,Q4,Mathematics,large,65-128_GPU,330,291,10,4,1,2,0,311355.7,1156092.0,260714854.0,62363.79,34927.8,113.3,79.3,283.2,453.1,33.7,20.2,85.7,60.7,85.5,1712456.0,887363.65,74.6,94.7
Oct,10,Q4,Mathematics,priority,33-64_GPU,128,119,10,3,2,0,0,51869.6,116228.0,16418693.0,21643.72,15450.48,60.6,42.4,151.5,242.5,61.8,37.1,82.0,36.8,9.3,285283.0,147828.27,42.2,91.2
Oct,10,Q4,Mathematics,preemptible,1-GPU,166,158,7,7,4,2,4,1801.8,5684.8,1334136.0,416.58,295.45,13.9,9.7,34.6,55.4,62.7,37.6,59.6,25.2,6.7,9910.0,5135.24,82.5,99.4
Oct,10,Q4,Mathematics,preemptible,2-GPU,399,351,35,18,7,2,8,10250.8,15905.2,6319315.0,4794.51,2914.4,111.0,77.7,277.5,444.1,4.9,2.9,60.8,44.3,72.7,56379.0,29214.65,52.8,90.1
Oct,10,Q4,Mathematics,preemptible,9-16_GPU,461,434,35,15,13,2,20,89227.6,356488.9,77434772.0,11055.87,23376.65,28.7,20.1,71.8,114.9,30.0,18.0,73.3,47.9,118.3,490752.0,254298.8,91.0,99.9
Oct,10,Q4,Engineering,gpu,5-8_GPU,58,53,3,1,0,0,0,1686.2,4410.5,1360386.0,813.66,130.17,46.7,32.7,116.7,186.8,27.9,16.7,86.8,68.8,58.6,9274.0,4805.59,68.9,95.3
Oct,10,Q4,Engineering,preemptible,3-4_GPU,269,255,13,5,5,4,17,22664.3,38016.3,17926399.0,1769.74,1596.2,103.5,72.4,258.7,413.9,46.1,27.6,65.0,55.4,90.5,124654.0,64593.24,85.4,89.5
Oct,10,Q4,Medical Research,priority,65-128_GPU,240,206,7,7,0,0,0,471670.3,1075611.9,364009860.0,111299.53,9270.77,21.6,15.1,53.9,86.2,46.8,28.1,37.9,82.6,14.5,2594186.0,1344260.25,64.4,92.7
Nov,11,Q4,Physics,debug,2-GPU,310,279,13,11,5,2,0,25967.5,78928.8,18965491.0,11853.41,3896.57,15.4,10.8,38.4,61.5,11.6,7.0,55.8,53.6,30.4,142821.0,74007.32,45.4,92.9
Nov,11,Q4,Physics,large,33-64_GPU,141,137,3,2,2,0,0,52591.9,180279.5,15284320.0,16322.66,13317.96,37.9,26.5,94.6,151.4,41.1,24.7,67.7,36.2,28.0,289256.0,149886.96,85.1,98.8
Nov,11,Q4,Physics,priority,1-GPU,255,246,22,9,6,0,0,8599.1,29533.3,2057279.0,1306.84,1165.36,6.5,4.5,16.2,25.9,62.6,37.5,51.2,77.2,173.8,47295.0,24507.46,82.4,93.7
Nov,11,Q4,Physics,priority,65-128_GPU,178,157,12,7,1,0,0,191389.2,452558.5,113665722.0,93921.92,32020.99,56.1,39.2,140.1,224.2,10.1,6.0,83.8,80.1,116.5,1052640.0,545459.13,68.6,97.2
Nov,11,Q4,Physics,preemptible,65-128_GPU,73,70,5,2,1,0,3,19289.1,72803.1,13421024.0,1801.24,2849.75,97.5,68.3,243.8,390.1,13.0,7.8,41.6,71.4,144.2,106090.0,54973.9,87.1,88.5
Nov,11,Q4,Biology,preemptible,9-16_GPU,345,316,12,6,4,2,22,126904.4,449480.5,118128152.0,25069.0,36023.58,70.7,49.5,176.6,282.6,71.2,42.7,90.7,49.6,156.9,697974.0,361677.61,46.2,94.1
Nov,11,Q4,Biology,preemptible,129-256_GPU,169,144,8,3,0,0,5,809926.8,2769262.3,749789012.0,389779.76,181675.15,83.1,58.2,207.8,332.4,44.8,26.9,48.5,80.3,176.1,4454598.0,2308291.48,63.7,94.3
Nov,11,Q4,Chemistry,interactive,2-GPU,317,294,8,13,3,1,0,20137.5,44964.3,14394953.0,5693.75,5967.53,18.9,13.2,47.3,75.6,5.0,3.0,38.1,76.1,109.9,110756.0,57391.96,88.5,96.3
Nov,11,Q4,Chemistry,interactive,3-4_GPU,399,369,33,4,1,1,0,8707.3,15222.6,5716744.0,3493.43,2253.44,79.0,55.3,197.6,316.1,11.9,7.1,38.8,55.5,157.2,47890.0,24815.75,43.9,88.3
Nov,11,Q4,Chemistry,large,3-4_GPU,116,112,8,2,2,0,0,15003.6,33527.4,3031571.0,6154.71,3834.36,89.9,62.9,224.7,359.5,48.7,29.2,79.9,38.6,28.8,82520.0,42760.14,49.3,94.0
Nov,11,Q4,Chemistry,large,5-8_GPU,352,336,20,9,9,0,0,56375.8,143476.4,26082598.0,19178.05,2020.36,45.2,31.7,113.1,181.0,27.7,16.6,69.8,52.0,122.1,310067.0,160671.14,69.2,90.3
Nov,11,Q4,Chemistry,priority,3-4_GPU,239,230,12,6,3,1,0,2941.4,10278.1,1923170.0,389.68,740.12,62.2,43.5,155.5,248.8,6.5,3.9,84.6,53.6,98.1,16177.0,8382.86,94.6,97.5
Nov,11,Q4,Chemistry,priority,5-8_GPU,174,149,4,2,3,2,0,38708.6,138701.1,15908985.0,12772.55,5425.23,20.5,14.4,51.4,82.2,58.3,35.0,93.4,45.6,124.6,212897.0,110319.53,47.0,88.7
Nov,11,Q4,Computer Science,gpu,1-GPU,217,202,12,9,4,0,0,10023.0,39063.7,8938936.0,1448.06,1921.63,44.3,31.0,110.8,177.2,54.4,32.6,81.5,78.9,166.9,55126.0,28565.43,90.9,95.9
Nov,11,Q4,Computer Science,gpu,5-8_GPU,387,357,8,7,1,3,0,43111.5,162006.5,36767921.0,12829.3,4370.93,32.2,22.6,80.6,128.9,57.5,34.5,78.6,62.2,17.2,237113.0,122867.86,45.9,89.2
Nov,11,Q4,Computer Science,interactive,3-4_GPU,43,39,1,1,0,0,0,1798.5,6994.0,1280921.0,613.2,65.48,12.5,8.7,31.2,49.9,60.5,36.3,78.5,54.0,97.8,9892.0,5125.79,80.9,93.2
Nov,11,Q4,Computer Science,large,17-32_GPU,428,409,31,10,12,0,0,148398.7,351702.4,67573257.0,71885.77,17613.08,25.6,17.9,64.0,102.5,45.4,27.2,72.2,39.4,125.8,816193.0,422936.39,75.7,95.4
Nov,11,Q4,Computer Science,priority,5-8_GPU,45,43,3,0,0,0,0,6151.1,22631.2,3627614.0,2260.07,304.38,76.9,53.8,192.2,307.6,25.1,15.1,41.6,62.7,75.1,33831.0,17530.77,65.3,91.7
Nov,11,Q4,Computer Science,priority,65-128_GPU,253,227,11,6,5,2,0,727510.5,2222800.1,446770003.0,95582.76,39510.88,71.0,49.7,177.4,283.9,10.2,6.1,59.6,28.5,32.9,4001308.0,2073404.92,85.0,93.2
Nov,11,Q4,Computer Science,preemptible,5-8_GPU,202,173,4,2,3,2,13,20177.3,32813.3,7453952.0,6027.99,4903.97,12.4,8.7,31.0,49.6,51.0,30.6,78.1,44.1,113.1,110975.0,57505.39,80.2,97.8
Nov,11,Q4,Computer Science,preemptible,17-32_GPU,163,146,6,7,0,1,12,15062.7,42143.8,10308648.0,4809.99,3315.49,30.4,21.3,76.1,121.7,23.1,13.9,87.0,74.2,68.7,82845.0,42928.6,86.1,90.5
Nov,11,Q4,Earth Sciences,gpu,65-128_GPU,135,131,5,1,2,2,0,177196.1,348078.5,132128730.0,66269.16,32690.15,105.7,74.0,264.2,422.7,34.9,21.0,79.8,45.7,73.2,974579.0,505008.99,82.9,97.6
Nov,11,Q4,Earth Sciences,interactive,2-GPU,173,149,9,6,2,1,0,7999.5,17130.7,6277950.0,2070.49,268.19,67.2,47.0,167.9,268.7,31.8,19.1,76.5,36.7,130.3,43997.0,22798.56,56.9,94.4
Nov,11,Q4,Earth Sciences,priority,2-GPU,327,288,16,7,6,0,0,23584.9,78549.9,5275825.0,463.8,6833.65,36.8,25.8,92.0,147.2,27.0,16.2,49.8,68.9,130.9,129717.0,67217.1,86.0,92.7
Nov,11,Q4,Mathematics,gpu,17-32_GPU,319,298,6,13,0,3,0,79456.1,212105.9,44699544.0,8910.83,18076.16,19.6,13.7,48.9,78.2,66.3,39.8,94.9,67.2,146.3,437009.0,226449.88,90.2,93.3
Nov,11,Q4,Mathematics,large,2-GPU,307,297,24,7,3,1,0,17794.9,63554.6,10537585.0,8200.81,181.78,53.9,37.7,134.7,215.6,46.7,28.0,80.6,46.1,146.8,97872.0,50715.59,63.9,96.7
Nov,11,Q4,Mathematics,priority,65-128_GPU,183,165,16,2,3,0,0,530080.2,1816458.3,310068974.0,194649.23,12769.88,8.5,6.0,21.3,34.1,13.9,8.4,47.3,72.5,33.6,2915441.0,1510728.71,76.7,95.7
Nov,11,Q4,Mathematics,priority,129-256_GPU,64,60,6,2,1,0,0,42600.3,107955.4,18684633.0,18793.74,6593.89,106.5,74.6,266.3,426.1,44.9,27.0,86.8,25.9,93.6,234302.0,121410.98,57.3,91.4
Nov,11,Q4,Mathematics,preemptible,9-16_GPU,195,183,19,3,5,1,14,43312.8,125188.1,23629223.0,15592.83,7343.03,73.0,51.1,182.5,292.0,20.3,12.2,80.0,67.1,172.8,238220.0,123441.43,55.9,99.2
Nov,11,Q4,Engineering,gpu,2-GPU,427,382,42,16,11,2,0,40151.4,154938.6,36814298.0,2574.7,11991.94,18.2,12.7,45.4,72.7,15.4,9.2,41.4,51.2,148.5,220833.0,114431.42,86.8,98.4
Nov,11,Q4,Engineering,gpu,17-32_GPU,373,361,12,6,0,1,0,224877.5,621134.3,85826046.0,97079.4,34858.04,77.4,54.1,193.4,309.4,32.3,19.4,47.4,76.1,18.3,1236826.0,640900.94,55.6,99.3
Nov,11,Q4,Engineering,large,3-4_GPU,100,93,8,4,2,0,0,8718.4,13211.3,4545055.0,970.93,125.07,66.1,46.3,165.3,264.5,35.8,21.5,65.3,83.5,136.6,47951.0,24847.31,70.1,91.6
Nov,11,Q4,Engineering,preemptible,2-GPU,364,336,16,10,7,0,23,19808.7,47173.1,10868057.0,9663.03,3203.43,73.7,51.6,184.2,294.8,34.0,20.4,38.4,55.7,97.6,108948.0,56454.82,76.7,90.0
Nov,11,Q4,Medical Research,debug,2-GPU,88,77,2,4,1,0,0,6686.1,10572.5,1972874.0,2771.43,924.41,15.1,10.5,37.6,60.2,60.2,36.1,53.1,74.6,154.4,36774.0,19055.42,79.3,93.1
Nov,11,Q4,Medical Research,preemptible,17-32_GPU,36,35,2,1,0,0,0,24540.2,45722.1,14013712.0,10429.78,6555.32,23.9,16.8,59.9,95.8,61.0,36.6,65.3,81.4,103.7,134971.0,69939.64,81.8,93.3
Dec,12,Q4,Physics,gpu,5-8_GPU,70,60,6,2,2,0,0,1210.2,4244.6,758948.0,428.23,43.32,65.2,45.6,163.0,260.7,53.8,32.3,47.6,42.3,170.4,6656.0,3449.08,40.1,99.9
Dec,12,Q4,Physics,interactive,1-GPU,164,156,6,6,3,0,0,3901.1,12188.8,1309424.0,895.0,412.84,45.5,31.8,113.7,181.9,2.5,1.5,51.4,43.6,49.5,21456.0,11118.05,46.1,89.1
Dec,12,Q4,Physics,priority,3-4_GPU,228,217,5,4,1,4,0,31222.3,52044.6,11641503.0,5989.66,2901.32,88.9,62.2,222.1,355.4,19.6,11.7,94.2,62.0,68.0,171722.0,88983.47,89.9,96.5
Dec,12,Q4,Biology,interactive,2-GPU,154,139,10,5,0,1,0,4180.6,16313.4,972600.0,243.18,794.66,4.9,3.5,12.3,19.7,63.5,38.1,51.5,33.5,13.7,22994.0,11914.85,84.2,95.6
Dec,12,Q4,Biology,large,129-256_GPU,146,133,4,2,0,0,0,773627.9,1331178.8,465547923.0,53020.92,195412.79,49.5,34.7,123.8,198.0,20.9,12.6,52.2,82.5,104.3,4254954.0,2204839.63,74.8,95.5
Dec,12,Q4,Biology,priority,5-8_GPU,395,371,9,4,9,6,0,66445.0,201632.2,21643325.0,20762.59,6889.51,85.4,59.8,213.6,341.8,35.6,21.4,46.8,81.3,168.4,365447.0,189368.14,77.1,99.9
Dec,12,Q4,Biology,priority,65-128_GPU,380,333,27,18,7,0,0,53125.3,87729.8,16312498.0,3380.07,6810.12,12.7,8.9,31.7,50.7,21.9,13.2,51.7,82.8,34.7,292189.0,151407.21,76.6,90.0
Dec,12,Q4,Chemistry,gpu,129-256_GPU,54,47,4,1,0,0,0,97170.4,296160.5,78576088.0,32536.67,3857.39,19.8,13.9,49.6,79.4,71.2,42.7,83.1,78.9,16.6,534437.0,276935.66,45.4,88.7
Dec,12,Q4,Chemistry,priority,17-32_GPU,307,294,7,3,7,2,0,66736.4,221908.9,49945926.0,13885.68,8967.73,64.4,45.1,161.0,257.7,36.6,22.0,36.4,56.8,11.2,367050.0,190198.76,59.3,89.6
Dec,12,Q4,Chemistry,priority,33-64_GPU,258,227,16,5,2,2,0,135990.2,465519.5,104749372.0,6027.04,17187.34,32.8,23.0,82.0,131.2,11.6,7.0,77.9,44.7,137.6,747946.0,387571.99,58.8,97.1
Dec,12,Q4,Chemistry,preemptible,1-GPU,97,82,4,4,0,0,2,2257.8,4276.6,936144.0,456.33,578.62,61.1,42.8,152.7,244.4,62.7,37.6,54.8,67.2,48.0,12418.0,6434.77,50.0,97.7
Dec,12,Q4,Chemistry,preemptible,5-8_GPU,23,22,2,0,0,0,1,2970.6,11477.3,2782950.0,1206.76,349.03,94.5,66.1,236.2,377.9,69.4,41.6,51.8,34.0,171.4,16338.0,8466.23,44.7,97.2
Dec,12,Q4,Computer Science,gpu,129-256_GPU,62,53,4,0,0,0,0,274963.5,636676.8,187206179.0,97268.59,37513.4,12.1,8.4,30.1,48.2,11.8,7.1,92.5,41.1,178.6,1512299.0,783645.85,72.2,98.3
Dec,12,Q4,Computer Science,interactive,3-4_GPU,362,324,27,17,8,1,0,21231.6,69823.9,21087563.0,6555.4,810.37,72.1,50.5,180.2,288.4,30.8,18.5,55.2,68.4,157.2,116774.0,60509.94,69.1,89.7
Dec,12,Q4,Computer Science,large,3-4_GPU,412,353,36,12,6,4,0,34441.7,62899.6,13800750.0,6770.38,6968.37,51.2,35.9,128.1,205.0,54.0,32.4,58.7,81.3,163.6,189430.0,98158.98,49.7,90.4
Dec,12,Q4,Computer Science,large,17-32_GPU,382,349,29,12,7,5,0,63260.9,239671.3,22719102.0,11244.75,16500.56,25.1,17.6,62.8,100.4,52.2,31.3,85.2,65.9,58.4,347935.0,180293.58,51.3,88.6
Dec,12,Q4,Computer Science,large,65-128_GPU,241,210,8,8,5,0,0,689711.7,2632337.6,302565896.0,178291.83,160394.89,64.2,44.9,160.5,256.8,1.7,1.0,55.7,54.8,91.8,3793414.0,1965678.4,91.0,98.1
Dec,12,Q4,Computer Science,preemptible,17-32_GPU,218,197,18,9,5,1,15,70265.0,258191.8,30831415.0,30933.21,18117.97,39.0,27.3,97.4,155.9,34.7,20.8,62.3,72.9,135.1,386458.0,200255.31,42.5,88.3
Dec,12,Q4,Earth Sciences,preemptible,1-GPU,372,334,35,10,7,6,25,1741.8,4810.5,1143183.0,703.26,136.05,27.3,19.1,68.3,109.4,51.2,30.7,71.1,27.0,63.4,9580.0,4964.25,59.0,98.5
Dec,12,Q4,Mathematics,interactive,3-4_GPU,398,376,29,11,9,6,0,50289.5,186616.7,36986206.0,887.75,7160.46,61.5,43.1,153.8,246.1,25.3,15.2,61.2,78.6,94.3,276592.0,143325.15,60.6,91.8
Dec,12,Q4,Mathematics,large,33-64_GPU,107,98,2,1,2,0,0,44883.2,81663.0,42874295.0,12959.09,506.03,49.4,34.6,123.6,197.7,32.7,19.6,93.7,44.0,69.6,246858.0,127917.2,90.1,98.5
Dec,12,Q4,Engineering,gpu,65-128_GPU,13,11,0,0,0,0,0,34181.7,84579.4,26607264.0,10077.13,8295.42,76.0,53.2,190.1,304.1,53.1,31.9,51.3,34.7,80.7,188000.0,97417.93,74.4,89.2
Dec,12,Q4,Engineering,priority,2-GPU,393,353,9,9,0,7,0,10465.4,19937.5,7828232.0,2731.97,399.84,21.1,14.8,52.8,84.5,68.8,41.3,51.0,71.2,162.8,57560.0,29826.42,85.1,96.0
Dec,12,Q4,Engineering,preemptible,5-8_GPU,131,121,8,4,1,2,6,20852.1,48615.9,7989635.0,273.9,3611.61,13.1,9.2,32.8,52.5,35.6,21.3,79.8,31.6,86.6,114686.0,59428.42,93.5,93.9
Dec,12,Q4,Medical Research,large,2-GPU,296,254,23,8,7,2,0,18038.7,58035.9,17614541.0,3465.25,2409.53,50.0,35.0,124.9,199.8,20.2,12.1,74.4,44.1,114.8,99213.0,51410.26,40.7,90.9
Dec,12,Q4,Medical Research,priority,17-32_GPU,386,334,32,10,8,6,0,193586.5,456563.4,165272545.0,95011.54,15774.12,34.2,24.0,85.5,136.9,5.5,3.3,39.4,56.4,173.6,1064726.0,551721.49,51.1,94.5
Dec,12,Q4,Medical Research,preemptible,5-8_GPU,152,140,4,4,4,2,5,9085.2,19648.9,3781445.0,4510.0,634.95,60.6,42.4,151.6,242.6,42.7,25.6,85.5,42.7,164.2,49969.0,25892.88,46.5,91.8
Dec,12,Q4,Medical Research,preemptible,33-64_GPU,84,71,2,3,1,0,5,62989.4,168934.9,13049187.0,30536.43,10728.96,8.0,5.6,20.0,32.0,38.8,23.3,57.1,61.4,31.0,346442.0,179519.74,66.2,96.3
