Date,OST_ID,Storage_Node,Capacity_TB,Used_TB,Used_PCT,Files_Count_M,Avg_Read_MBps,Avg_Write_MBps,Peak_Read_MBps,Peak_Write_MBps,Read_IOPS,Write_IOPS,Avg_Latency_ms,P99_Latency_ms,Errors_24h
2025-01-01,OST-00,storage-001,100,72.7,72.7,4.5,2798.0,1826.0,4197.0,2556.0,12354,4941,3.48,42.27,2
2025-01-01,OST-07,storage-002,100,111.625,89.3,6.4,3150.0,2375.0,4724.0,3325.0,34417,4195,1.23,19.64,2
2025-01-03,OST-07,storage-002,100,109.375,87.5,2.3,3201.0,2964.0,4802.0,4150.0,12393,10582,4.1,6.81,2
2025-01-03,OST-14,storage-003,100,107.125,85.7,6.2,3349.0,2904.0,5024.0,4066.0,46072,3198,4.08,30.79,2
2025-01-06,OST-04,storage-001,100,73.2,73.2,6.1,3928.0,2399.0,5892.0,3359.0,36614,13158,1.93,14.88,2
2025-01-06,OST-07,storage-002,100,108.5,86.8,2.4,3935.0,2415.0,5902.0,3381.0,38279,29761,1.64,17.19,0
2025-01-07,OST-14,storage-003,100,104.75,83.8,6.5,3502.0,2337.0,5254.0,3271.0,27083,5360,4.23,24.35,2
2025-01-10,OST-07,storage-002,100,108.125,86.5,6.0,3609.0,2892.0,5413.0,4049.0,23938,8970,2.77,11.52,1
2025-01-11,OST-09,storage-002,100,72.1,72.1,6.1,2951.0,2245.0,4426.0,3144.0,37619,18663,4.78,17.6,1
2025-01-11,OST-14,storage-003,100,112.5,90.0,4.6,3447.0,3098.0,5170.0,4337.0,20979,24052,0.92,10.26,2
2025-01-14,OST-07,storage-002,100,105.125,84.1,5.7,2841.0,4085.0,4262.0,5719.0,17914,3037,4.45,11.86,0
2025-01-16,OST-12,storage-003,100,71.2,71.2,4.8,3481.0,2096.0,5222.0,2934.0,24273,8632,3.07,36.83,2
2025-01-17,OST-14,storage-003,100,105.625,84.5,7.4,3272.0,3105.0,4909.0,4347.0,47793,15580,1.03,23.73,1
2025-01-18,OST-07,storage-002,100,105.125,84.1,2.6,4493.0,2839.0,6740.0,3975.0,30140,20411,2.65,20.26,2
2025-01-21,OST-07,storage-002,100,109.625,87.7,3.1,4470.0,2826.0,6705.0,3957.0,43900,20759,2.37,44.15,1
2025-01-21,OST-14,storage-003,100,112.125,89.7,4.8,3850.0,2512.0,5775.0,3517.0,44133,22902,3.31,13.14,0
2025-01-21,OST-18,storage-004,100,65.2,65.2,4.0,2416.0,2352.0,3623.0,3293.0,41944,20744,0.94,15.34,1
2025-01-22,OST-14,storage-003,100,108.125,86.5,3.0,3929.0,3465.0,5894.0,4851.0,49260,11927,1.62,17.5,2
2025-01-23,OST-07,storage-002,100,111.875,89.5,4.8,2735.0,997.0,4103.0,1396.0,6231,14074,2.16,48.72,0
2025-01-23,OST-14,storage-003,100,108.125,86.5,4.5,3628.0,2104.0,5442.0,2945.0,41624,29552,2.11,31.76,0
2025-01-26,OST-23,storage-004,100,73.0,73.0,5.0,2849.0,2428.0,4273.0,3400.0,26778,7452,0.99,27.01,0
2025-01-27,OST-07,storage-002,100,107.625,86.1,2.5,4075.0,2738.0,6112.0,3834.0,31875,27207,4.11,28.47,0
2025-01-27,OST-14,storage-003,100,106.125,84.9,2.6,3543.0,2172.0,5314.0,3040.0,25923,20351,1.63,39.8,1
2025-01-28,OST-07,storage-002,100,109.375,87.5,4.2,2331.0,2552.0,3497.0,3573.0,10441,28978,1.36,35.5,1
2025-01-29,OST-07,storage-002,100,108.25,86.6,3.5,4024.0,2407.0,6036.0,3370.0,28238,26283,4.62,18.92,0
2025-01-31,OST-07,storage-002,100,111.0,88.8,7.1,3299.0,1781.0,4949.0,2493.0,25672,16515,1.65,12.17,1
2025-01-31,OST-14,storage-003,100,109.0,87.2,3.7,3039.0,2513.0,4558.0,3518.0,31447,4944,3.14,49.67,1
2025-02-01,OST-06,storage-002,100,73.9,73.9,3.4,2861.0,1762.0,4291.0,2466.0,16366,15023,3.4,23.18,2
2025-02-01,OST-07,storage-002,100,113.5,90.8,6.9,3122.0,3476.0,4682.0,4866.0,25837,24204,3.02,32.87,2
2025-02-02,OST-07,storage-002,100,104.625,83.7,5.1,3212.0,2529.0,4818.0,3541.0,33901,24970,3.91,23.37,2
2025-02-02,OST-14,storage-003,100,112.625,90.1,4.2,3102.0,3891.0,4653.0,5448.0,7928,26554,2.73,41.97,1
2025-02-06,OST-11,storage-002,100,70.8,70.8,5.2,2657.0,2490.0,3985.0,3486.0,13701,24169,4.85,26.42,0
2025-02-09,OST-07,storage-002,100,110.75,88.6,7.4,4181.0,2118.0,6272.0,2965.0,29321,4265,4.62,13.09,0
2025-02-10,OST-07,storage-002,100,109.0,87.2,2.2,3888.0,2736.0,5832.0,3831.0,37762,21093,1.39,35.89,1
2025-02-11,OST-14,storage-003,100,102.875,82.3,2.4,4134.0,2993.0,6201.0,4191.0,16617,28247,4.22,43.65,1
2025-02-12,OST-07,storage-002,100,105.375,84.3,3.9,3439.0,2269.0,5158.0,3177.0,28333,29314,2.22,12.61,0
2025-02-13,OST-07,storage-002,100,111.125,88.9,7.1,4110.0,3505.0,6165.0,4907.0,41429,4515,2.87,22.28,2
2025-02-13,OST-14,storage-003,100,106.5,85.2,7.7,4367.0,3076.0,6551.0,4307.0,30724,22893,2.8,36.13,0
2025-02-14,OST-07,storage-002,100,110.75,88.6,4.3,4244.0,3737.0,6366.0,5232.0,13925,23524,1.81,31.78,1
2025-02-14,OST-14,storage-003,100,106.75,85.4,3.9,2747.0,3069.0,4121.0,4296.0,13147,26021,2.35,36.6,1
2025-02-15,OST-07,storage-002,100,106.375,85.1,4.9,3441.0,2616.0,5162.0,3662.0,10615,19312,1.89,13.07,1
2025-02-16,OST-22,storage-004,100,78.8,78.8,7.2,2550.0,1863.0,3825.0,2608.0,27529,10504,4.39,23.67,0
2025-02-18,OST-07,storage-002,100,106.5,85.2,4.2,5011.0,2423.0,7517.0,3393.0,24581,12169,4.66,10.06,2
2025-02-20,OST-07,storage-002,100,105.375,84.3,4.3,3266.0,2502.0,4899.0,3503.0,12969,17495,1.32,14.27,2
2025-02-20,OST-14,storage-003,100,112.875,90.3,4.8,3116.0,3046.0,4675.0,4265.0,25781,28843,3.2,28.62,0
2025-02-22,OST-03,storage-001,100,66.5,66.5,3.3,3010.0,2138.0,4515.0,2993.0,35105,24487,3.4,21.36,1
2025-02-22,OST-07,storage-002,100,108.625,86.9,3.7,3676.0,2517.0,5514.0,3524.0,25373,12674,1.3,42.46,2
2025-02-24,OST-14,storage-003,100,114.0,91.2,4.3,2691.0,3066.0,4036.0,4292.0,13204,26629,3.63,46.12,2
2025-02-25,OST-14,storage-003,100,113.25,90.6,5.2,3115.0,2860.0,4673.0,4003.0,34088,23806,4.61,27.86,0
2025-02-26,OST-14,storage-003,100,107.5,86.0,2.7,3542.0,2010.0,5314.0,2815.0,22988,8738,3.48,39.79,1
2025-02-27,OST-07,storage-002,100,108.25,86.6,6.1,4024.0,3186.0,6037.0,4461.0,14512,24039,1.64,43.46,0
2025-02-27,OST-09,storage-002,100,74.9,74.9,7.6,3071.0,2240.0,4607.0,3136.0,27182,24345,4.39,20.73,2
2025-02-28,OST-07,storage-002,100,110.125,88.1,5.7,3654.0,2730.0,5482.0,3822.0,26250,11174,1.41,28.52,0
2025-02-28,OST-14,storage-003,100,110.5,88.4,2.4,4293.0,2614.0,6439.0,3660.0,11153,5622,3.09,46.16,2
2025-03-01,OST-07,storage-002,100,113.25,90.6,6.7,5105.0,2382.0,7657.0,3335.0,45699,26352,1.65,17.78,1
2025-03-02,OST-07,storage-002,100,106.0,84.8,2.6,3374.0,2579.0,5061.0,3611.0,34458,27899,3.31,18.64,0
2025-03-03,OST-14,storage-003,100,109.875,87.9,3.9,3748.0,2339.0,5622.0,3274.0,6150,6014,4.74,13.08,2
2025-03-04,OST-07,storage-002,100,113.75,91.0,3.1,3687.0,2528.0,5531.0,3540.0,38419,4822,4.1,24.62,2
2025-03-04,OST-14,storage-003,100,105.5,84.4,7.3,4199.0,1162.0,6299.0,1627.0,48290,28605,2.19,14.3,1
2025-03-04,OST-18,storage-004,100,65.4,65.4,6.3,3729.0,964.0,5594.0,1349.0,42996,6925,4.69,39.85,2
2025-03-05,OST-07,storage-002,100,107.25,85.8,3.0,3602.0,3041.0,5403.0,4257.0,6107,16976,1.3,25.4,2
2025-03-06,OST-14,storage-003,100,107.25,85.8,5.4,3807.0,2160.0,5710.0,3024.0,31854,7803,4.51,15.45,0
2025-03-07,OST-07,storage-002,100,104.75,83.8,4.9,3815.0,2669.0,5723.0,3737.0,44495,3611,0.79,48.44,0
2025-03-08,OST-14,storage-003,100,108.375,86.7,5.3,3284.0,3181.0,4926.0,4454.0,42465,28532,4.5,36.91,1
2025-03-10,OST-00,storage-001,100,65.8,65.8,4.6,3053.0,2003.0,4579.0,2804.0,28432,6217,3.99,35.64,1
2025-03-10,OST-14,storage-003,100,113.875,91.1,7.2,3336.0,2443.0,5004.0,3420.0,18401,21541,4.89,31.39,0
2025-03-11,OST-07,storage-002,100,112.625,90.1,7.2,4387.0,2774.0,6581.0,3884.0,36731,16448,3.08,39.98,0
2025-03-11,OST-14,storage-003,100,111.75,89.4,3.6,3661.0,2881.0,5491.0,4033.0,9647,29933,2.03,21.27,0
2025-03-12,OST-14,storage-003,100,107.875,86.3,5.0,3367.0,3078.0,5051.0,4309.0,19580,7417,1.02,12.11,0
2025-03-13,OST-14,storage-003,100,109.125,87.3,7.6,2488.0,3087.0,3732.0,4321.0,45724,5438,2.46,6.37,2
2025-03-15,OST-06,storage-002,100,67.7,67.7,5.0,2975.0,2600.0,4463.0,3640.0,6566,12008,2.23,44.66,0
2025-03-15,OST-07,storage-002,100,107.875,86.3,7.9,3976.0,3111.0,5964.0,4355.0,30199,3513,4.59,11.38,1
2025-03-16,OST-14,storage-003,100,112.25,89.8,7.8,3507.0,3462.0,5261.0,4847.0,12033,10318,2.98,9.06,0
2025-03-17,OST-07,storage-002,100,114.0,91.2,3.7,4197.0,2347.0,6296.0,3286.0,25358,17427,3.44,32.69,1
2025-03-17,OST-14,storage-003,100,108.875,87.1,3.9,3332.0,2913.0,4998.0,4078.0,18142,17494,3.72,42.42,2
2025-03-18,OST-07,storage-002,100,110.375,88.3,6.4,4274.0,2378.0,6411.0,3329.0,12246,29296,2.94,12.25,2
2025-03-18,OST-14,storage-003,100,105.375,84.3,5.7,3491.0,2933.0,5237.0,4106.0,43146,20515,3.47,36.94,1
2025-03-20,OST-07,storage-002,100,106.75,85.4,7.7,3545.0,3036.0,5317.0,4251.0,18732,29806,2.55,48.77,1
2025-03-20,OST-15,storage-003,100,76.7,76.7,7.4,2480.0,2515.0,3720.0,3520.0,47929,9903,0.54,13.47,2
2025-03-21,OST-07,storage-002,100,113.625,90.9,5.8,3741.0,2525.0,5612.0,3535.0,19270,9367,2.8,26.93,2
2025-03-22,OST-07,storage-002,100,111.5,89.2,2.7,2733.0,2370.0,4099.0,3318.0,15282,26358,1.11,6.69,0
2025-03-23,OST-07,storage-002,100,114.125,91.3,4.2,5329.0,2716.0,7993.0,3802.0,18839,15264,2.25,8.91,2
2025-03-24,OST-14,storage-003,100,109.25,87.4,3.6,4362.0,2171.0,6543.0,3039.0,11650,10913,0.65,9.83,2
2025-03-25,OST-14,storage-003,100,107.875,86.3,3.5,3393.0,3184.0,5089.0,4458.0,20974,23385,1.95,6.26,0
2025-03-25,OST-21,storage-004,100,72.7,72.7,2.2,2840.0,3619.0,4260.0,5067.0,25071,23314,3.79,19.99,2
2025-03-26,OST-07,storage-002,100,114.25,91.4,4.8,3652.0,2763.0,5478.0,3868.0,41665,15287,0.95,26.76,0
2025-03-26,OST-14,storage-003,100,108.375,86.7,8.0,3598.0,2670.0,5397.0,3738.0,18695,10292,0.89,13.2,0
2025-03-27,OST-07,storage-002,100,112.375,89.9,4.8,3843.0,2092.0,5765.0,2928.0,46811,9593,4.0,15.39,1
2025-03-27,OST-14,storage-003,100,110.25,88.2,3.6,2991.0,2485.0,4486.0,3479.0,49611,11822,3.55,22.87,2
2025-03-29,OST-07,storage-002,100,114.625,91.7,5.6,3183.0,2795.0,4774.0,3913.0,49122,7449,3.08,24.02,2
2025-03-29,OST-14,storage-003,100,105.0,84.0,3.2,4273.0,3218.0,6409.0,4505.0,48142,10461,4.15,40.17,1
2025-03-31,OST-05,storage-001,100,72.3,72.3,7.4,2143.0,1646.0,3214.0,2304.0,15361,9173,3.65,12.01,2
2025-03-31,OST-14,storage-003,100,106.0,84.8,7.5,3310.0,2163.0,4965.0,3028.0,8533,9854,3.25,10.92,0
2025-04-01,OST-07,storage-002,100,107.875,86.3,4.7,3639.0,2927.0,5459.0,4098.0,13214,15377,4.01,8.03,0
2025-04-01,OST-14,storage-003,100,114.375,91.5,5.7,4220.0,2756.0,6330.0,3858.0,39999,14562,0.56,15.02,2
2025-04-02,OST-07,storage-002,100,105.25,84.2,3.7,3586.0,2386.0,5378.0,3340.0,28102,4025,0.66,23.54,0
2025-04-02,OST-14,storage-003,100,106.375,85.1,2.5,2936.0,2901.0,4403.0,4061.0,20299,14607,1.15,33.21,2
2025-04-03,OST-14,storage-003,100,105.0,84.0,2.3,3698.0,2234.0,5547.0,3128.0,47118,10872,3.07,49.01,2
2025-04-04,OST-14,storage-003,100,112.0,89.6,3.2,4389.0,2638.0,6583.0,3693.0,45227,4753,0.62,49.31,0
2025-04-05,OST-14,storage-003,100,100.375,80.3,5.8,3806.0,2501.0,5709.0,3501.0,40890,21285,4.14,14.1,1
2025-04-06,OST-07,storage-002,100,109.875,87.9,2.7,3375.0,2676.0,5063.0,3746.0,42628,24850,3.48,21.15,1
2025-04-06,OST-14,storage-003,100,108.75,87.0,4.0,3669.0,2761.0,5503.0,3866.0,41402,6775,1.16,29.64,0
2025-04-07,OST-14,storage-003,100,114.25,91.4,3.7,3468.0,2972.0,5202.0,4161.0,28202,25160,0.6,36.37,0
2025-04-08,OST-14,storage-003,100,113.625,90.9,2.0,3687.0,2980.0,5531.0,4172.0,7253,15431,4.0,40.45,0
2025-04-09,OST-07,storage-002,100,110.375,88.3,2.6,2654.0,1814.0,3982.0,2540.0,39875,22014,0.57,44.98,2
2025-04-10,OST-14,storage-003,100,113.125,90.5,5.6,4844.0,2731.0,7266.0,3823.0,9866,12644,1.87,9.06,0
2025-04-10,OST-21,storage-004,100,74.9,74.9,3.9,2713.0,1990.0,4069.0,2786.0,8389,14986,1.72,42.85,2
2025-04-11,OST-07,storage-002,100,108.875,87.1,4.6,3586.0,2523.0,5379.0,3532.0,35798,29202,3.66,7.2,2
2025-04-11,OST-14,storage-003,100,108.5,86.8,5.9,2305.0,2996.0,3457.0,4194.0,17999,15890,2.67,47.22,0
2025-04-12,OST-07,storage-002,100,105.0,84.0,5.5,2738.0,2649.0,4107.0,3709.0,44363,28616,3.24,40.38,2
2025-04-13,OST-07,storage-002,100,104.625,83.7,6.1,2783.0,2774.0,4174.0,3884.0,44657,6759,3.33,48.34,2
2025-04-13,OST-14,storage-003,100,111.375,89.1,2.9,4168.0,2834.0,6252.0,3968.0,44467,17334,2.08,43.31,2
2025-04-14,OST-07,storage-002,100,109.5,87.6,3.7,2979.0,3102.0,4468.0,4342.0,37005,23107,2.88,49.88,0
2025-04-14,OST-14,storage-003,100,109.0,87.2,6.2,4958.0,2127.0,7437.0,2978.0,23543,22515,1.44,42.11,2
2025-04-15,OST-07,storage-002,100,106.5,85.2,5.1,3188.0,2753.0,4782.0,3855.0,33104,22431,2.77,44.65,1
2025-04-16,OST-07,storage-002,100,96.25,77.0,2.9,3958.0,3776.0,5937.0,5287.0,48764,3077,0.94,48.76,1
2025-04-17,OST-14,storage-003,100,109.75,87.8,3.9,4596.0,2724.0,6894.0,3814.0,17605,8978,4.93,5.89,1
2025-04-19,OST-14,storage-003,100,108.75,87.0,5.7,3117.0,2859.0,4676.0,4003.0,22930,19883,2.38,39.84,0
2025-04-20,OST-07,storage-002,100,114.75,91.8,7.0,3495.0,1319.0,5242.0,1847.0,23436,9036,1.63,47.37,0
2025-04-20,OST-14,storage-003,100,106.375,85.1,3.8,4138.0,2872.0,6207.0,4020.0,35889,19675,1.95,49.29,1
2025-04-21,OST-12,storage-003,100,71.7,71.7,3.5,2822.0,1732.0,4233.0,2425.0,19064,16702,2.73,46.01,0
2025-04-21,OST-14,storage-003,100,110.125,88.1,7.0,4100.0,2256.0,6149.0,3158.0,14719,10112,0.61,29.17,0
2025-04-22,OST-14,storage-003,100,110.75,88.6,6.8,3144.0,2436.0,4716.0,3410.0,14357,14183,4.71,29.65,2
2025-04-23,OST-07,storage-002,100,112.875,90.3,6.4,3177.0,3277.0,4766.0,4588.0,30812,10103,2.79,46.59,0
2025-04-23,OST-14,storage-003,100,113.625,90.9,4.7,3522.0,2608.0,5282.0,3651.0,16191,22999,4.55,35.62,1
2025-04-24,OST-14,storage-003,100,107.5,86.0,5.7,3199.0,3179.0,4798.0,4451.0,12772,10038,0.84,41.82,1
2025-04-25,OST-07,storage-002,100,108.375,86.7,7.2,3362.0,2356.0,5043.0,3299.0,31350,19715,4.22,40.64,2
2025-04-26,OST-07,storage-002,100,108.5,86.8,5.0,2838.0,2668.0,4258.0,3735.0,31512,14490,4.94,6.28,0
2025-04-26,OST-21,storage-004,100,70.0,70.0,6.6,2779.0,2662.0,4168.0,3726.0,32934,28969,4.27,20.39,0
2025-04-27,OST-07,storage-002,100,112.0,89.6,6.6,2992.0,2806.0,4487.0,3928.0,48214,9572,4.73,48.78,2
2025-04-28,OST-07,storage-002,100,108.375,86.7,3.0,4324.0,3829.0,6486.0,5360.0,29269,20559,0.55,34.97,0
2025-04-28,OST-14,storage-003,100,111.375,89.1,7.8,3912.0,2547.0,5867.0,3566.0,13106,23885,0.59,9.6,0
2025-04-29,OST-14,storage-003,100,112.25,89.8,6.4,3226.0,3510.0,4839.0,4914.0,24054,11287,1.94,47.06,2
2025-04-30,OST-07,storage-002,100,106.625,85.3,6.4,4692.0,2134.0,7038.0,2987.0,18958,29416,2.11,17.98,1
2025-05-01,OST-07,storage-002,100,105.125,84.1,4.1,4146.0,2618.0,6219.0,3665.0,23940,28001,3.97,43.85,1
2025-05-01,OST-14,storage-003,100,112.0,89.6,2.1,2880.0,2422.0,4320.0,3390.0,31752,20289,2.84,36.42,1
2025-05-02,OST-06,storage-002,100,79.8,79.8,5.6,2838.0,2602.0,4256.0,3643.0,33339,16485,4.45,16.05,1
2025-05-02,OST-07,storage-002,100,108.0,86.4,7.7,3590.0,2801.0,5385.0,3921.0,44562,9863,4.89,13.62,0
2025-05-03,OST-07,storage-002,100,111.875,89.5,7.4,4174.0,2518.0,6261.0,3525.0,22465,6344,2.36,37.53,1
2025-05-03,OST-14,storage-003,100,115.875,92.7,2.5,2284.0,2550.0,3426.0,3569.0,18734,9288,4.8,19.97,0
2025-05-04,OST-14,storage-003,100,109.375,87.5,2.9,3914.0,2539.0,5872.0,3555.0,46753,5992,1.0,47.08,0
2025-05-05,OST-14,storage-003,100,109.625,87.7,4.1,2957.0,3083.0,4435.0,4316.0,38631,24277,2.61,18.59,1
2025-05-06,OST-07,storage-002,100,110.625,88.5,3.4,3866.0,1924.0,5799.0,2694.0,7039,15167,2.5,6.97,2
2025-05-07,OST-13,storage-003,100,65.7,65.7,5.9,2366.0,2462.0,3549.0,3447.0,35397,24621,3.08,5.45,0
2025-05-07,OST-14,storage-003,100,110.375,88.3,3.9,4334.0,2120.0,6501.0,2968.0,46035,10426,1.92,36.22,0
2025-05-08,OST-07,storage-002,100,104.875,83.9,2.6,4185.0,2723.0,6278.0,3812.0,23723,21025,0.87,15.96,0
2025-05-08,OST-14,storage-003,100,104.625,83.7,3.4,4027.0,3616.0,6040.0,5063.0,13004,16118,4.78,34.27,1
2025-05-09,OST-14,storage-003,100,115.875,92.7,5.9,2739.0,1817.0,4108.0,2544.0,16213,15911,3.18,7.78,0
2025-05-10,OST-07,storage-002,100,108.625,86.9,4.3,3140.0,2664.0,4710.0,3729.0,20288,8596,1.71,18.61,2
2025-05-10,OST-14,storage-003,100,104.875,83.9,2.4,4645.0,2389.0,6967.0,3344.0,7990,20226,1.96,32.2,1
2025-05-11,OST-14,storage-003,100,112.75,90.2,6.7,3286.0,3081.0,4929.0,4313.0,32755,23647,2.18,8.42,0
2025-05-12,OST-07,storage-002,100,114.5,91.6,7.4,3655.0,3391.0,5483.0,4748.0,49940,22327,3.84,7.35,0
2025-05-12,OST-14,storage-003,100,114.125,91.3,4.8,4799.0,2475.0,7199.0,3465.0,19095,29297,4.64,21.64,0
2025-05-13,OST-00,storage-001,100,80.5,80.5,7.3,2949.0,2100.0,4423.0,2940.0,5858,3163,2.27,8.01,0
2025-05-13,OST-07,storage-002,100,111.375,89.1,4.7,3733.0,3062.0,5600.0,4286.0,27422,29295,1.82,7.79,2
2025-05-14,OST-07,storage-002,100,112.75,90.2,5.6,4027.0,2915.0,6040.0,4080.0,39812,23808,1.2,28.73,0
2025-05-14,OST-14,storage-003,100,106.375,85.1,2.1,3947.0,2470.0,5921.0,3458.0,26446,6357,1.93,35.01,1
2025-05-16,OST-07,storage-002,100,109.625,87.7,6.1,3222.0,2886.0,4833.0,4041.0,36075,28306,2.78,25.79,1
2025-05-16,OST-14,storage-003,100,112.0,89.6,4.3,4529.0,3071.0,6793.0,4300.0,7638,10954,3.53,24.28,1
2025-05-17,OST-07,storage-002,100,116.0,92.8,4.5,3708.0,2460.0,5561.0,3444.0,8173,4119,1.85,25.46,1
2025-05-17,OST-14,storage-003,100,106.5,85.2,5.8,3998.0,3614.0,5997.0,5059.0,42260,4150,1.82,35.88,1
2025-05-18,OST-07,storage-002,100,108.625,86.9,5.4,2837.0,3258.0,4255.0,4562.0,40584,21159,3.58,28.44,0
2025-05-18,OST-10,storage-002,100,68.3,68.3,4.2,3371.0,3150.0,5057.0,4410.0,18845,6563,4.82,27.86,1
2025-05-20,OST-14,storage-003,100,106.125,84.9,4.5,4191.0,2053.0,6286.0,2875.0,24156,28504,4.75,23.59,1
2025-05-21,OST-14,storage-003,100,113.5,90.8,3.4,4643.0,2487.0,6965.0,3482.0,26054,23326,3.19,28.91,2
2025-05-23,OST-07,storage-002,100,110.5,88.4,4.8,4157.0,3494.0,6236.0,4892.0,7355,24297,3.88,5.85,1
2025-05-23,OST-14,storage-003,100,108.5,86.8,3.3,3493.0,2172.0,5239.0,3041.0,8652,28840,1.46,25.41,0
2025-05-23,OST-15,storage-003,100,79.1,79.1,7.9,2479.0,2604.0,3718.0,3646.0,42965,16756,1.88,40.72,0
2025-05-25,OST-14,storage-003,100,112.625,90.1,6.8,3774.0,2714.0,5661.0,3799.0,49441,18950,1.76,39.27,2
2025-05-26,OST-07,storage-002,100,110.0,88.0,6.5,3971.0,2958.0,5956.0,4141.0,11275,9791,4.64,30.02,0
2025-05-26,OST-14,storage-003,100,105.25,84.2,2.1,2001.0,2397.0,3002.0,3355.0,25228,28607,3.93,21.21,1
2025-05-27,OST-14,storage-003,100,109.75,87.8,4.9,3563.0,2799.0,5345.0,3918.0,11298,7452,2.9,33.25,2
2025-05-28,OST-07,storage-002,100,109.0,87.2,5.4,3475.0,2375.0,5212.0,3325.0,38384,4881,4.54,42.99,1
2025-05-28,OST-22,storage-004,100,66.3,66.3,5.9,3065.0,2706.0,4598.0,3788.0,21483,29368,0.84,28.18,0
2025-05-31,OST-07,storage-002,100,110.25,88.2,2.4,3990.0,1795.0,5985.0,2513.0,25522,18726,4.87,31.0,1
2025-06-01,OST-14,storage-003,100,116.375,93.1,3.7,3418.0,3040.0,5127.0,4255.0,23760,24069,1.66,29.8,1
2025-06-02,OST-14,storage-003,100,115.25,92.2,2.5,4450.0,2215.0,6676.0,3101.0,34768,10089,1.96,33.08,1
2025-06-03,OST-02,storage-001,100,69.8,69.8,5.6,2865.0,1189.0,4298.0,1664.0,15465,10977,1.07,38.84,1
2025-06-03,OST-07,storage-002,100,115.625,92.5,2.1,2727.0,2463.0,4090.0,3449.0,29850,10066,0.58,20.67,2
2025-06-04,OST-07,storage-002,100,111.125,88.9,7.8,3407.0,3132.0,5111.0,4385.0,26922,21022,4.19,30.03,1
2025-06-04,OST-14,storage-003,100,114.375,91.5,4.9,2518.0,3186.0,3777.0,4461.0,6755,19021,3.1,16.07,1
2025-06-05,OST-07,storage-002,100,110.625,88.5,6.6,4271.0,2277.0,6406.0,3188.0,45001,12170,4.28,17.09,0
2025-06-05,OST-14,storage-003,100,113.5,90.8,3.7,3596.0,3733.0,5393.0,5226.0,34709,15362,2.04,5.95,1
2025-06-06,OST-14,storage-003,100,104.75,83.8,7.7,3481.0,2712.0,5222.0,3797.0,24252,7178,2.29,15.75,2
2025-06-07,OST-07,storage-002,100,116.875,93.5,4.5,3218.0,1345.0,4827.0,1883.0,44332,23246,1.83,34.62,1
2025-06-07,OST-14,storage-003,100,106.625,85.3,3.8,3252.0,3394.0,4879.0,4751.0,37272,10668,3.16,46.1,2
2025-06-08,OST-12,storage-003,100,78.5,78.5,7.8,2933.0,2167.0,4400.0,3034.0,11144,12479,0.82,23.72,1
2025-06-08,OST-14,storage-003,100,108.375,86.7,2.3,4364.0,3113.0,6545.0,4358.0,29839,29645,2.78,21.3,2
2025-06-09,OST-14,storage-003,100,108.875,87.1,2.7,3642.0,3254.0,5463.0,4555.0,9469,27766,3.7,27.35,0
2025-06-10,OST-07,storage-002,100,115.75,92.6,5.6,4214.0,3240.0,6321.0,4536.0,32270,7808,1.59,28.82,0
2025-06-10,OST-14,storage-003,100,105.125,84.1,5.9,2954.0,2586.0,4431.0,3621.0,10947,24237,3.78,43.16,2
2025-06-11,OST-07,storage-002,100,113.125,90.5,4.0,4382.0,2327.0,6573.0,3258.0,34300,18465,0.51,16.41,0
2025-06-11,OST-14,storage-003,100,109.25,87.4,5.7,2995.0,3375.0,4493.0,4725.0,30113,23553,1.46,6.27,0
2025-06-12,OST-07,storage-002,100,105.625,84.5,7.0,2900.0,2230.0,4351.0,3122.0,36933,28014,1.63,31.69,0
2025-06-12,OST-14,storage-003,100,108.125,86.5,7.2,3427.0,2097.0,5141.0,2936.0,22966,29140,2.93,6.76,0
2025-06-13,OST-22,storage-004,100,78.2,78.2,5.7,2929.0,2131.0,4393.0,2984.0,27427,22582,1.87,8.24,0
2025-06-14,OST-07,storage-002,100,113.75,91.0,4.1,3547.0,2695.0,5320.0,3773.0,46663,16774,4.95,49.76,2
2025-06-16,OST-07,storage-002,100,104.75,83.8,8.0,3694.0,3080.0,5540.0,4312.0,11152,29224,4.81,8.39,2
2025-06-18,OST-07,storage-002,100,114.0,91.2,5.1,2956.0,2065.0,4434.0,2890.0,30462,9305,2.41,20.71,0
2025-06-18,OST-14,storage-003,100,109.375,87.5,6.8,3016.0,1591.0,4524.0,2227.0,46266,6004,4.44,33.67,0
2025-06-19,OST-03,storage-001,100,78.9,78.9,5.2,3221.0,1366.0,4832.0,1912.0,11245,11670,1.79,28.78,0
2025-06-19,OST-07,storage-002,100,115.375,92.3,7.3,3499.0,3219.0,5248.0,4507.0,31702,15343,4.14,46.68,2
2025-06-19,OST-14,storage-003,100,107.875,86.3,5.8,3962.0,2557.0,5942.0,3579.0,19551,12384,2.1,22.15,2
2025-06-20,OST-14,storage-003,100,108.5,86.8,3.3,3602.0,2318.0,5404.0,3245.0,40151,20853,3.12,13.52,0
2025-06-21,OST-07,storage-002,100,116.625,93.3,5.2,3185.0,2294.0,4777.0,3212.0,15982,19050,1.32,44.1,0
2025-06-22,OST-07,storage-002,100,108.125,86.5,7.9,3573.0,3347.0,5359.0,4685.0,43607,19346,1.08,12.57,2
2025-06-22,OST-14,storage-003,100,105.125,84.1,3.2,3829.0,2916.0,5744.0,4082.0,11340,21778,3.06,18.61,1
2025-06-24,OST-11,storage-002,100,78.3,78.3,5.2,2559.0,2215.0,3838.0,3102.0,20156,19321,1.29,12.29,1
2025-06-24,OST-14,storage-003,100,109.625,87.7,3.6,3696.0,3139.0,5544.0,4395.0,22677,14686,3.31,9.7,0
2025-06-25,OST-07,storage-002,100,110.5,88.4,2.3,2207.0,2962.0,3310.0,4147.0,31590,8050,3.03,27.25,2
2025-06-26,OST-07,storage-002,100,107.625,86.1,3.1,3023.0,3280.0,4535.0,4591.0,36996,14350,4.47,10.79,2
2025-06-26,OST-14,storage-003,100,109.375,87.5,4.1,3072.0,2860.0,4609.0,4004.0,28681,15842,2.08,28.45,1
2025-06-27,OST-07,storage-002,100,113.75,91.0,3.3,3336.0,2923.0,5004.0,4092.0,25149,16241,4.54,24.09,2
2025-06-27,OST-14,storage-003,100,117.25,93.8,4.3,2768.0,3443.0,4151.0,4820.0,33075,20676,4.23,35.82,0
2025-06-28,OST-07,storage-002,100,115.125,92.1,3.9,3772.0,3030.0,5657.0,4242.0,19495,20169,1.66,36.24,2
2025-06-28,OST-14,storage-003,100,113.0,90.4,7.5,4422.0,2207.0,6633.0,3090.0,28884,7554,1.13,17.63,0
2025-06-29,OST-07,storage-002,100,106.75,85.4,3.5,3599.0,1796.0,5398.0,2514.0,6600,17474,1.33,44.9,1
2025-06-29,OST-14,storage-003,100,112.625,90.1,5.5,4597.0,2169.0,6896.0,3037.0,38341,9019,4.19,17.52,2
2025-06-29,OST-22,storage-004,100,72.7,72.7,6.6,2873.0,2986.0,4310.0,4180.0,31367,27256,4.0,11.58,0
2025-06-30,OST-07,storage-002,100,111.0,88.8,4.7,3328.0,3458.0,4992.0,4841.0,32885,22873,4.62,13.08,0
2025-06-30,OST-14,storage-003,100,114.0,91.2,5.9,3237.0,2507.0,4856.0,3510.0,5728,7329,1.01,37.37,0
2025-07-01,OST-07,storage-002,100,112.875,90.3,6.8,3880.0,2996.0,5820.0,4194.0,44412,28022,1.41,20.23,1
2025-07-02,OST-07,storage-002,100,111.0,88.8,7.8,3804.0,2174.0,5706.0,3044.0,32106,3324,4.61,46.56,1
2025-07-02,OST-14,storage-003,100,117.75,94.2,7.1,3384.0,2088.0,5076.0,2923.0,22834,22933,3.92,13.82,2
2025-07-03,OST-07,storage-002,100,107.25,85.8,6.8,3832.0,2030.0,5747.0,2842.0,30348,29059,3.08,27.14,0
2025-07-03,OST-14,storage-003,100,116.25,93.0,5.0,3742.0,2709.0,5614.0,3792.0,14191,4529,4.05,20.26,1
2025-07-04,OST-07,storage-002,100,106.875,85.5,5.8,2781.0,2935.0,4171.0,4109.0,29252,14582,3.16,23.46,1
2025-07-04,OST-14,storage-003,100,116.0,92.8,7.4,2720.0,2814.0,4081.0,3939.0,25688,14594,3.81,14.56,1
2025-07-05,OST-09,storage-002,100,81.4,81.4,5.6,3322.0,1882.0,4983.0,2635.0,18480,25397,1.07,20.5,1
2025-07-05,OST-14,storage-003,100,113.875,91.1,6.7,4123.0,2537.0,6184.0,3551.0,32580,23985,2.52,40.82,2
2025-07-06,OST-14,storage-003,100,108.875,87.1,3.0,3928.0,1963.0,5891.0,2748.0,10394,26457,1.29,46.09,2
2025-07-07,OST-14,storage-003,100,112.625,90.1,7.0,3263.0,3382.0,4894.0,4734.0,33103,7927,3.82,8.81,1
2025-07-08,OST-07,storage-002,100,108.875,87.1,2.1,5049.0,2557.0,7574.0,3579.0,27384,22431,0.52,24.0,1
2025-07-10,OST-07,storage-002,100,113.5,90.8,3.1,3895.0,3406.0,5843.0,4768.0,37684,5660,1.82,27.55,2
2025-07-10,OST-14,storage-003,100,118.25,94.6,6.9,2989.0,2216.0,4483.0,3102.0,35988,26043,0.54,37.66,1
2025-07-10,OST-17,storage-003,100,78.1,78.1,3.7,2438.0,2081.0,3657.0,2914.0,32608,9539,0.75,48.02,0
2025-07-11,OST-07,storage-002,100,106.5,85.2,2.6,3326.0,3288.0,4989.0,4604.0,35088,21987,0.6,30.66,1
2025-07-12,OST-07,storage-002,100,116.625,93.3,8.0,3524.0,2772.0,5285.0,3881.0,43318,26391,2.87,19.49,0
2025-07-12,OST-14,storage-003,100,112.125,89.7,5.8,3222.0,1761.0,4834.0,2465.0,14297,17595,2.77,19.07,1
2025-07-13,OST-07,storage-002,100,118.25,94.6,6.4,4458.0,1825.0,6687.0,2554.0,18644,21467,3.53,28.24,2
2025-07-13,OST-14,storage-003,100,116.5,93.2,6.4,3521.0,3028.0,5282.0,4239.0,24703,7468,2.87,36.62,0
2025-07-14,OST-07,storage-002,100,106.0,84.8,6.9,3265.0,2885.0,4898.0,4038.0,42319,7426,1.38,47.62,1
2025-07-14,OST-14,storage-003,100,109.125,87.3,2.2,2717.0,3792.0,4075.0,5309.0,42711,6424,4.49,29.1,2
2025-07-15,OST-07,storage-002,100,113.375,90.7,7.2,3952.0,1966.0,5928.0,2752.0,19589,20357,3.06,26.59,2
2025-07-16,OST-02,storage-001,100,71.4,71.4,5.7,3969.0,1364.0,5953.0,1910.0,13978,5345,4.49,9.07,1
2025-07-16,OST-07,storage-002,100,110.75,88.6,7.0,3545.0,2774.0,5317.0,3883.0,48071,21627,3.1,29.8,0
2025-07-18,OST-07,storage-002,100,107.0,85.6,4.1,3072.0,2570.0,4608.0,3598.0,14355,17358,2.65,48.98,2
2025-07-18,OST-14,storage-003,100,112.0,89.6,7.6,4281.0,3392.0,6421.0,4749.0,20973,5184,1.79,16.7,1
2025-07-19,OST-07,storage-002,100,116.5,93.2,3.5,4335.0,3563.0,6502.0,4988.0,9524,8521,4.32,16.45,0
2025-07-20,OST-07,storage-002,100,112.0,89.6,4.6,3926.0,1432.0,5889.0,2005.0,16901,18095,2.15,12.66,2
2025-07-20,OST-14,storage-003,100,111.75,89.4,2.6,3326.0,2925.0,4989.0,4094.0,29654,5529,1.92,23.53,0
2025-07-21,OST-07,storage-002,100,113.875,91.1,5.3,3815.0,2448.0,5723.0,3428.0,8943,6551,1.1,32.66,0
2025-07-21,OST-11,storage-002,100,77.0,77.0,7.2,2801.0,1773.0,4201.0,2482.0,22365,20919,2.79,27.69,0
2025-07-21,OST-14,storage-003,100,105.0,84.0,3.8,3878.0,2699.0,5818.0,3779.0,33055,18245,2.67,30.54,0
2025-07-23,OST-07,storage-002,100,111.375,89.1,7.1,4379.0,2771.0,6569.0,3880.0,39106,7589,1.12,12.49,2
2025-07-23,OST-14,storage-003,100,107.625,86.1,6.3,4420.0,2860.0,6630.0,4004.0,13280,24560,0.63,45.89,1
2025-07-24,OST-07,storage-002,100,115.5,92.4,3.5,2453.0,2539.0,3679.0,3554.0,13614,21335,3.86,47.73,2
2025-07-24,OST-14,storage-003,100,111.625,89.3,6.7,3959.0,2382.0,5939.0,3335.0,14116,26174,1.82,47.38,1
2025-07-25,OST-07,storage-002,100,114.875,91.9,3.7,3118.0,2155.0,4677.0,3017.0,39696,8559,2.04,42.64,2
2025-07-25,OST-14,storage-003,100,104.875,83.9,7.1,2389.0,2919.0,3584.0,4087.0,23644,8991,4.7,39.65,1
2025-07-26,OST-07,storage-002,100,105.25,84.2,4.6,3894.0,2352.0,5842.0,3292.0,8721,18046,4.61,28.89,0
2025-07-26,OST-14,storage-003,100,115.375,92.3,5.6,3438.0,2115.0,5157.0,2960.0,49104,20946,2.4,32.35,0
2025-07-26,OST-22,storage-004,100,71.2,71.2,3.0,3216.0,1967.0,4825.0,2754.0,32489,29339,3.67,9.49,1
2025-07-27,OST-14,storage-003,100,108.125,86.5,7.9,3286.0,3049.0,4929.0,4269.0,20814,9988,3.75,20.99,2
2025-07-28,OST-07,storage-002,100,108.5,86.8,6.6,3544.0,3111.0,5316.0,4355.0,15253,10437,4.4,39.67,2
2025-07-28,OST-14,storage-003,100,106.75,85.4,2.8,3340.0,2498.0,5009.0,3497.0,46254,25071,4.45,44.18,2
2025-07-29,OST-14,storage-003,100,117.75,94.2,4.9,3562.0,2895.0,5343.0,4052.0,26607,19797,4.33,31.55,0
2025-07-30,OST-07,storage-002,100,106.125,84.9,4.3,3899.0,3223.0,5849.0,4512.0,26859,7151,4.95,47.31,0
2025-08-01,OST-04,storage-001,100,81.5,81.5,3.9,2873.0,2230.0,4309.0,3122.0,37845,8883,2.49,26.93,0
2025-08-01,OST-07,storage-002,100,105.5,84.4,6.5,2994.0,1597.0,4492.0,2236.0,45881,11208,4.98,18.44,0
2025-08-01,OST-14,storage-003,100,106.625,85.3,3.9,3820.0,2786.0,5729.0,3901.0,48586,4171,0.94,5.65,2
2025-08-02,OST-07,storage-002,100,114.375,91.5,6.6,3494.0,2047.0,5241.0,2865.0,38235,25429,3.79,6.28,0
2025-08-03,OST-07,storage-002,100,111.5,89.2,2.1,4501.0,2372.0,6752.0,3321.0,6346,16285,4.89,33.49,1
2025-08-03,OST-14,storage-003,100,111.875,89.5,6.6,3746.0,2645.0,5619.0,3702.0,38926,25155,3.86,25.03,0
2025-08-06,OST-07,storage-002,100,111.5,89.2,7.0,2612.0,3555.0,3918.0,4977.0,26549,18947,2.21,38.42,2
2025-08-06,OST-12,storage-003,100,70.4,70.4,3.6,3179.0,2342.0,4769.0,3279.0,22339,21513,1.13,36.56,0
2025-08-07,OST-07,storage-002,100,111.75,89.4,5.9,4916.0,2766.0,7374.0,3872.0,23097,23892,3.79,46.6,2
2025-08-07,OST-14,storage-003,100,109.625,87.7,4.6,2918.0,2732.0,4378.0,3824.0,41020,7956,4.31,11.57,2
2025-08-08,OST-07,storage-002,100,111.375,89.1,7.8,3684.0,2262.0,5526.0,3167.0,39418,29373,4.72,40.85,2
2025-08-09,OST-14,storage-003,100,106.375,85.1,3.9,2984.0,2813.0,4475.0,3938.0,16681,9599,4.44,36.93,0
2025-08-11,OST-07,storage-002,100,114.25,91.4,4.8,3579.0,2979.0,5368.0,4171.0,6903,29533,4.7,41.07,2
2025-08-11,OST-18,storage-004,100,80.5,80.5,5.9,2410.0,1653.0,3615.0,2315.0,34141,21926,3.75,38.96,0
2025-08-12,OST-07,storage-002,100,108.75,87.0,4.9,2807.0,2742.0,4211.0,3838.0,14916,6548,4.71,48.32,0
2025-08-12,OST-14,storage-003,100,117.625,94.1,5.0,2832.0,3177.0,4248.0,4448.0,17301,13627,2.81,8.68,2
2025-08-13,OST-07,storage-002,100,115.5,92.4,5.4,4068.0,3053.0,6101.0,4274.0,20120,21168,1.62,43.68,2
2025-08-14,OST-14,storage-003,100,110.0,88.0,2.7,4901.0,3282.0,7352.0,4595.0,46457,5987,2.48,19.49,0
2025-08-15,OST-07,storage-002,100,107.375,85.9,7.6,4452.0,2867.0,6677.0,4013.0,29256,27295,4.73,19.1,1
2025-08-15,OST-14,storage-003,100,107.5,86.0,4.7,4066.0,3384.0,6098.0,4737.0,5677,17539,2.8,43.19,1
2025-08-16,OST-07,storage-002,100,104.75,83.8,3.5,4184.0,3111.0,6276.0,4355.0,32707,5595,1.81,40.5,0
2025-08-17,OST-03,storage-001,100,76.5,76.5,3.5,3144.0,2818.0,4716.0,3945.0,15489,12116,1.88,48.02,2
2025-08-17,OST-07,storage-002,100,106.375,85.1,5.0,4295.0,2486.0,6443.0,3480.0,22239,22581,1.65,15.59,0
2025-08-17,OST-14,storage-003,100,118.625,94.9,2.9,3437.0,2426.0,5156.0,3396.0,15778,17136,4.21,40.28,0
2025-08-18,OST-07,storage-002,100,108.0,86.4,2.3,3825.0,2013.0,5737.0,2818.0,25074,23517,3.32,9.97,2
2025-08-18,OST-14,storage-003,100,107.625,86.1,7.5,3870.0,2241.0,5805.0,3137.0,36998,17150,1.48,40.78,1
2025-08-19,OST-07,storage-002,100,106.0,84.8,7.2,3309.0,2995.0,4964.0,4193.0,16245,25970,2.5,30.77,0
2025-08-19,OST-14,storage-003,100,105.875,84.7,5.1,4633.0,2108.0,6949.0,2951.0,17195,8353,2.88,30.01,0
2025-08-21,OST-07,storage-002,100,114.625,91.7,5.4,2878.0,2647.0,4318.0,3706.0,40029,26902,4.67,15.95,1
2025-08-21,OST-14,storage-003,100,105.25,84.2,2.8,2873.0,2126.0,4310.0,2977.0,11375,19367,0.79,23.19,2
2025-08-22,OST-13,storage-003,100,68.2,68.2,7.8,3477.0,2360.0,5215.0,3304.0,34274,24928,2.43,22.64,0
2025-08-22,OST-14,storage-003,100,117.625,94.1,4.7,3563.0,3119.0,5345.0,4366.0,28079,10727,2.15,28.83,0
2025-08-23,OST-07,storage-002,100,107.875,86.3,4.4,3955.0,2059.0,5933.0,2883.0,49117,23539,4.32,19.69,2
2025-08-23,OST-14,storage-003,100,118.75,95.0,4.9,3517.0,3375.0,5276.0,4725.0,31167,25506,4.75,22.26,0
2025-08-24,OST-05,storage-001,100,83.7,83.7,4.6,3003.0,2710.0,4505.0,3794.0,27981,25350,2.87,41.09,0
2025-08-24,OST-07,storage-002,100,117.375,93.9,2.9,2778.0,1965.0,4167.0,2751.0,29709,24030,3.79,42.29,2
2025-08-25,OST-22,storage-004,100,83.8,83.8,5.5,4167.0,2359.0,6250.0,3303.0,11078,23728,2.14,12.54,0
2025-08-26,OST-07,storage-002,100,108.125,86.5,4.6,3514.0,2822.0,5271.0,3950.0,46351,3610,1.7,41.14,2
2025-08-26,OST-14,storage-003,100,106.5,85.2,3.5,3574.0,2790.0,5361.0,3906.0,19037,3497,2.29,19.21,1
2025-08-26,OST-23,storage-004,100,83.7,83.7,6.5,2813.0,2334.0,4220.0,3267.0,45853,8018,1.45,14.81,0
2025-08-27,OST-07,storage-002,100,119.375,95.5,3.3,3776.0,2967.0,5663.0,4153.0,28974,17499,2.42,6.75,0
2025-08-27,OST-14,storage-003,100,115.75,92.6,4.5,2998.0,1894.0,4496.0,2652.0,6668,27818,2.6,8.94,2
2025-08-28,OST-01,storage-001,100,81.3,81.3,3.3,2899.0,2008.0,4348.0,2811.0,10631,18622,1.56,39.82,0
2025-08-28,OST-07,storage-002,100,116.125,92.9,2.1,2844.0,3444.0,4265.0,4822.0,38272,14634,4.31,23.56,2
2025-08-28,OST-14,storage-003,100,112.75,90.2,4.5,2963.0,1597.0,4444.0,2236.0,30717,8651,4.9,8.9,0
2025-08-28,OST-15,storage-003,100,83.7,83.7,2.1,3374.0,2624.0,5061.0,3674.0,34362,16012,0.66,11.24,1
2025-08-29,OST-07,storage-002,100,109.0,87.2,3.4,3862.0,2214.0,5793.0,3100.0,13261,20796,2.31,38.44,1
2025-08-29,OST-10,storage-002,100,83.8,83.8,5.2,2623.0,2264.0,3934.0,3170.0,13153,5507,2.01,16.47,1
2025-08-29,OST-14,storage-003,100,112.625,90.1,4.2,3422.0,1439.0,5133.0,2014.0,5315,18256,1.41,9.8,2
2025-08-30,OST-14,storage-003,100,116.625,93.3,4.5,5114.0,2874.0,7671.0,4023.0,19435,12260,2.68,30.17,2
2025-08-31,OST-07,storage-002,100,105.25,84.2,4.2,3190.0,2589.0,4785.0,3625.0,49759,4139,4.74,11.55,0
2025-08-31,OST-14,storage-003,100,110.5,88.4,2.6,3504.0,2987.0,5257.0,4181.0,40182,11828,3.67,14.41,2
2025-09-01,OST-14,storage-003,100,105.875,84.7,4.3,2175.0,2042.0,3262.0,2859.0,26149,17366,1.02,15.09,1
2025-09-02,OST-06,storage-002,100,83.9,83.9,5.9,3065.0,1831.0,4597.0,2564.0,45721,18954,3.57,31.48,1
2025-09-02,OST-14,storage-003,100,105.625,84.5,6.2,3802.0,2675.0,5703.0,3746.0,49211,12372,0.75,18.01,1
2025-09-02,OST-15,storage-003,100,77.6,77.6,6.8,2412.0,2474.0,3618.0,3463.0,48592,8027,2.27,46.15,2
2025-09-02,OST-17,storage-003,100,83.8,83.8,5.8,3897.0,2072.0,5845.0,2900.0,41071,25415,2.77,30.06,2
2025-09-03,OST-05,storage-001,100,83.7,83.7,7.6,3526.0,2154.0,5290.0,3015.0,41609,25834,1.38,41.3,2
2025-09-03,OST-07,storage-002,100,114.625,91.7,5.7,2364.0,3102.0,3547.0,4343.0,23861,6316,1.24,5.78,1
2025-09-03,OST-14,storage-003,100,106.75,85.4,8.0,3951.0,2850.0,5926.0,3990.0,8016,8417,4.77,5.62,1
2025-09-03,OST-18,storage-004,100,83.7,83.7,3.0,2948.0,2189.0,4421.0,3065.0,43693,9263,1.53,5.13,2
2025-09-04,OST-06,storage-002,100,84.0,84.0,5.2,2627.0,1904.0,3940.0,2665.0,18748,4696,4.04,37.84,0
2025-09-04,OST-07,storage-002,100,113.875,91.1,4.4,4288.0,2257.0,6432.0,3160.0,25188,24140,2.66,17.04,1
2025-09-04,OST-13,storage-003,100,83.9,83.9,2.0,2587.0,1813.0,3881.0,2538.0,21571,25210,4.94,20.41,2
2025-09-04,OST-14,storage-003,100,119.75,95.8,3.6,4591.0,3962.0,6887.0,5547.0,40461,24151,1.21,27.49,2
2025-09-05,OST-06,storage-002,100,83.9,83.9,6.6,3603.0,1956.0,5404.0,2738.0,35044,26943,0.88,25.88,1
2025-09-05,OST-07,storage-002,100,113.5,90.8,2.6,3512.0,2044.0,5268.0,2862.0,19495,22381,2.66,49.91,0
2025-09-06,OST-00,storage-001,100,83.9,83.9,6.0,3141.0,2139.0,4711.0,2995.0,9475,15929,4.51,46.66,1
2025-09-06,OST-07,storage-002,100,109.0,87.2,2.5,3594.0,2591.0,5390.0,3627.0,16536,19708,3.09,17.67,1
2025-09-06,OST-14,storage-003,100,118.875,95.1,2.3,4049.0,2590.0,6074.0,3626.0,35639,19900,2.31,28.74,1
2025-09-06,OST-17,storage-003,100,84.1,84.1,6.3,2824.0,2514.0,4237.0,3520.0,17777,14150,4.26,39.71,2
2025-09-07,OST-14,storage-003,100,107.0,85.6,4.3,3196.0,2737.0,4794.0,3832.0,44239,4412,0.8,9.87,0
2025-09-08,OST-02,storage-001,100,83.9,83.9,6.5,3810.0,2407.0,5715.0,3370.0,20003,17834,4.59,49.43,0
2025-09-08,OST-07,storage-002,100,110.75,88.6,4.8,3642.0,2800.0,5462.0,3920.0,46634,14246,2.01,22.97,0
2025-09-08,OST-10,storage-002,100,84.0,84.0,5.3,3691.0,2097.0,5536.0,2935.0,17631,29982,1.84,32.59,2
2025-09-08,OST-11,storage-002,100,70.3,70.3,6.0,2386.0,1691.0,3579.0,2367.0,26448,27701,2.58,13.63,2
2025-09-08,OST-14,storage-003,100,108.75,87.0,4.6,2919.0,2658.0,4378.0,3721.0,48582,20863,2.05,35.98,0
2025-09-09,OST-06,storage-002,100,83.9,83.9,5.2,3095.0,2261.0,4643.0,3165.0,43349,15777,3.21,44.84,0
2025-09-09,OST-07,storage-002,100,117.125,93.7,4.1,3321.0,2759.0,4982.0,3863.0,20093,13064,0.56,37.51,2
2025-09-09,OST-14,storage-003,100,117.75,94.2,7.7,3266.0,2029.0,4898.0,2840.0,29497,5077,1.48,30.04,1
2025-09-09,OST-17,storage-003,100,83.7,83.7,7.6,3697.0,2209.0,5545.0,3092.0,13481,11321,1.45,26.99,1
2025-09-10,OST-14,storage-003,100,109.625,87.7,4.4,2625.0,2738.0,3937.0,3833.0,27333,10739,0.69,8.53,0
2025-09-11,OST-07,storage-002,100,111.875,89.5,3.0,4115.0,2746.0,6172.0,3845.0,15552,5439,3.65,5.08,1
2025-09-11,OST-14,storage-003,100,105.5,84.4,3.2,4102.0,2402.0,6153.0,3362.0,25447,7850,4.65,5.62,1
2025-09-11,OST-18,storage-004,100,83.7,83.7,5.6,2291.0,2377.0,3436.0,3328.0,35053,28633,1.72,17.3,1
2025-09-12,OST-02,storage-001,100,84.2,84.2,7.6,2440.0,2258.0,3659.0,3161.0,7286,15369,2.46,41.33,0
2025-09-12,OST-07,storage-002,100,115.875,92.7,4.0,3861.0,3151.0,5792.0,4412.0,46549,4140,1.05,40.91,2
2025-09-12,OST-14,storage-003,100,118.25,94.6,3.1,3853.0,3152.0,5780.0,4413.0,15489,19848,3.01,48.24,2
2025-09-13,OST-03,storage-001,100,83.9,83.9,5.2,3329.0,1929.0,4994.0,2701.0,45037,5301,0.93,44.04,2
2025-09-13,OST-04,storage-001,100,83.8,83.8,4.5,2384.0,2439.0,3576.0,3415.0,36663,21963,1.67,11.04,2
2025-09-13,OST-14,storage-003,100,115.0,92.0,2.2,3904.0,2607.0,5856.0,3650.0,36215,19901,3.2,6.9,2
2025-09-13,OST-16,storage-003,100,84.1,84.1,7.6,3218.0,1503.0,4827.0,2104.0,40262,28259,4.31,37.15,1
2025-09-14,OST-05,storage-001,100,78.1,78.1,7.9,3083.0,1761.0,4625.0,2465.0,19967,15167,2.06,43.23,1
2025-09-14,OST-07,storage-002,100,117.5,94.0,5.4,3752.0,2186.0,5628.0,3060.0,13553,8848,1.99,11.03,2
2025-09-14,OST-12,storage-003,100,83.7,83.7,5.7,2647.0,2269.0,3971.0,3177.0,36764,17163,3.81,40.89,1
2025-09-14,OST-14,storage-003,100,105.125,84.1,6.8,2865.0,3305.0,4297.0,4627.0,34744,22454,3.83,7.94,0
2025-09-15,OST-07,storage-002,100,114.625,91.7,2.2,2852.0,3398.0,4279.0,4757.0,15799,12760,4.14,27.14,1
2025-09-15,OST-14,storage-003,100,107.375,85.9,6.0,3875.0,3909.0,5813.0,5473.0,47082,17042,4.67,29.63,0
2025-09-16,OST-07,storage-002,100,105.25,84.2,2.6,4271.0,3042.0,6407.0,4259.0,24175,10295,3.64,45.29,2
2025-09-16,OST-14,storage-003,100,115.5,92.4,5.0,3326.0,2504.0,4990.0,3505.0,37046,23324,1.71,18.17,1
2025-09-16,OST-15,storage-003,100,84.3,84.3,2.9,2149.0,2499.0,3224.0,3499.0,45931,10404,1.55,30.36,0
2025-09-17,OST-07,storage-002,100,109.875,87.9,6.9,4442.0,2698.0,6663.0,3778.0,48984,24901,3.87,33.47,2
2025-09-17,OST-14,storage-003,100,111.875,89.5,3.8,3784.0,2291.0,5675.0,3207.0,25460,28882,0.86,40.12,1
2025-09-18,OST-07,storage-002,100,115.875,92.7,4.4,4039.0,2242.0,6059.0,3139.0,34928,18570,1.56,22.86,1
2025-09-18,OST-23,storage-004,100,83.8,83.8,6.6,2835.0,2274.0,4253.0,3183.0,34222,21257,1.9,29.22,2
2025-09-19,OST-05,storage-001,100,84.3,84.3,2.5,2532.0,2262.0,3799.0,3167.0,6175,7170,4.31,38.11,1
2025-09-19,OST-07,storage-002,100,118.375,94.7,7.6,3998.0,2487.0,5997.0,3482.0,29417,28277,4.06,33.53,2
2025-09-19,OST-14,storage-003,100,110.625,88.5,4.6,3512.0,3084.0,5269.0,4317.0,12745,9361,1.9,27.84,1
2025-09-19,OST-18,storage-004,100,83.8,83.8,6.2,2405.0,2281.0,3607.0,3194.0,28208,3342,2.49,20.34,1
2025-09-19,OST-23,storage-004,100,77.1,77.1,6.0,3038.0,2170.0,4558.0,3038.0,28936,8651,0.61,41.8,2
2025-09-20,OST-01,storage-001,100,84.4,84.4,5.6,3675.0,1888.0,5513.0,2643.0,26405,26748,3.16,25.51,2
2025-09-20,OST-07,storage-002,100,117.375,93.9,6.0,3672.0,2967.0,5508.0,4154.0,39176,7646,0.62,6.37,2
2025-09-20,OST-13,storage-003,100,84.2,84.2,2.1,2782.0,2058.0,4172.0,2882.0,40204,15959,4.14,9.88,1
2025-09-20,OST-14,storage-003,100,120.625,96.5,2.9,3612.0,2716.0,5418.0,3803.0,27807,7798,4.82,15.07,1
2025-09-20,OST-15,storage-003,100,84.5,84.5,3.6,3487.0,2467.0,5230.0,3454.0,32271,28466,1.91,29.09,0
2025-09-20,OST-21,storage-004,100,84.0,84.0,2.1,2489.0,2063.0,3734.0,2888.0,30583,9265,4.46,20.42,0
2025-09-21,OST-06,storage-002,100,83.8,83.8,3.6,3130.0,2124.0,4695.0,2973.0,28337,16223,4.76,6.7,0
2025-09-21,OST-07,storage-002,100,105.375,84.3,6.7,3654.0,2472.0,5480.0,3460.0,9474,24030,4.75,41.03,0
2025-09-21,OST-14,storage-003,100,112.5,90.0,7.4,2730.0,2832.0,4095.0,3965.0,6227,4319,0.82,26.12,2
2025-09-22,OST-07,storage-002,100,118.25,94.6,4.6,3022.0,2790.0,4533.0,3905.0,30033,15681,2.6,16.82,0
2025-09-22,OST-12,storage-003,100,83.9,83.9,6.1,3130.0,2608.0,4695.0,3651.0,34738,27604,1.82,12.03,2
2025-09-22,OST-14,storage-003,100,114.875,91.9,7.9,2636.0,2029.0,3953.0,2841.0,49485,3264,0.73,21.71,1
2025-09-22,OST-19,storage-004,100,83.8,83.8,3.0,3735.0,2314.0,5603.0,3240.0,24339,13060,3.24,29.81,1
2025-09-23,OST-05,storage-001,100,84.2,84.2,3.2,3215.0,2718.0,4823.0,3805.0,16614,14293,2.6,42.48,0
2025-09-23,OST-07,storage-002,100,119.25,95.4,6.0,3852.0,2741.0,5778.0,3837.0,22174,28945,4.5,7.75,1
2025-09-23,OST-09,storage-002,100,84.2,84.2,7.1,2822.0,1599.0,4233.0,2239.0,34801,6179,1.22,33.38,0
2025-09-23,OST-14,storage-003,100,104.625,83.7,4.2,3473.0,3160.0,5210.0,4424.0,35841,27422,3.86,11.38,2
2025-09-23,OST-19,storage-004,100,84.3,84.3,6.7,2990.0,1600.0,4486.0,2241.0,43604,24562,2.76,32.91,2
2025-09-24,OST-00,storage-001,100,84.1,84.1,7.7,3613.0,1927.0,5419.0,2698.0,42827,29920,4.47,11.3,2
2025-09-24,OST-05,storage-001,100,83.7,83.7,6.2,3013.0,2149.0,4519.0,3009.0,15262,14165,4.35,46.62,0
2025-09-24,OST-07,storage-002,100,116.5,93.2,7.6,4346.0,2440.0,6519.0,3416.0,22835,11314,1.21,15.16,0
2025-09-24,OST-14,storage-003,100,119.125,95.3,3.1,4824.0,2927.0,7235.0,4097.0,31090,28352,4.62,23.91,1
2025-09-24,OST-17,storage-003,100,84.5,84.5,7.6,2459.0,1881.0,3689.0,2634.0,28894,20672,4.5,28.55,1
2025-09-24,OST-20,storage-004,100,105.375,84.3,5.0,3024.0,1895.0,4536.0,2653.0,6782,6895,4.99,20.88,2
2025-09-24,OST-21,storage-004,100,84.6,84.6,2.0,2397.0,2421.0,3595.0,3389.0,6142,29622,0.62,12.14,2
2025-09-25,OST-07,storage-002,100,104.625,83.7,7.3,3174.0,1409.0,4761.0,1973.0,9080,26583,3.48,40.76,0
2025-09-25,OST-12,storage-003,100,84.6,84.6,3.2,3130.0,2191.0,4695.0,3068.0,7507,17351,2.75,48.28,1
2025-09-25,OST-14,storage-003,100,113.875,91.1,5.2,3392.0,2197.0,5089.0,3075.0,29137,27257,2.97,22.31,0
2025-09-25,OST-16,storage-003,100,83.7,83.7,4.9,3129.0,2465.0,4693.0,3451.0,46270,11622,1.49,20.1,1
2025-09-26,OST-05,storage-001,100,81.9,81.9,4.5,3095.0,2411.0,4643.0,3376.0,45560,17919,2.45,22.4,0
2025-09-26,OST-07,storage-002,100,117.375,93.9,3.8,3193.0,2990.0,4789.0,4186.0,48271,15307,4.93,48.46,0
2025-09-26,OST-14,storage-003,100,117.375,93.9,6.4,3545.0,2976.0,5317.0,4166.0,13446,6378,4.14,8.01,0
2025-09-27,OST-05,storage-001,100,84.7,84.7,3.9,3048.0,2582.0,4572.0,3614.0,30512,9959,2.02,35.84,0
2025-09-27,OST-07,storage-002,100,106.875,85.5,2.4,3938.0,2415.0,5907.0,3380.0,6791,27264,4.17,28.93,1
2025-09-27,OST-14,storage-003,100,105.0,84.0,5.5,3169.0,2945.0,4754.0,4123.0,38374,14129,3.86,32.3,2
2025-09-28,OST-01,storage-001,100,84.5,84.5,6.2,3513.0,1473.0,5269.0,2063.0,5049,20314,0.73,6.49,0
2025-09-28,OST-07,storage-002,100,113.125,90.5,3.6,3610.0,2869.0,5416.0,4017.0,33494,8497,1.62,35.85,1
2025-09-28,OST-14,storage-003,100,116.375,93.1,4.0,3408.0,2436.0,5112.0,3410.0,24427,6962,2.52,18.48,0
2025-09-29,OST-05,storage-001,100,84.5,84.5,5.7,1902.0,2518.0,2852.0,3525.0,19272,15164,0.64,44.4,0
2025-09-29,OST-09,storage-002,100,84.2,84.2,2.8,2793.0,3052.0,4189.0,4272.0,15630,14507,0.96,34.46,0
2025-09-29,OST-14,storage-003,100,105.625,84.5,3.5,3028.0,2548.0,4542.0,3567.0,47051,19136,1.38,7.03,2
2025-09-29,OST-20,storage-004,100,105.375,84.3,5.5,2653.0,2974.0,3980.0,4164.0,43364,7862,3.63,48.01,1
2025-09-30,OST-07,storage-002,100,106.625,85.3,3.2,3561.0,3258.0,5341.0,4561.0,7933,12402,0.85,16.12,0
2025-09-30,OST-13,storage-003,100,84.1,84.1,7.6,3165.0,2658.0,4747.0,3722.0,24957,14929,2.21,7.76,0
2025-09-30,OST-14,storage-003,100,119.375,95.5,6.9,4391.0,2789.0,6586.0,3905.0,33410,3102,2.1,10.14,2
2025-09-30,OST-18,storage-004,100,84.6,84.6,7.9,2476.0,1825.0,3714.0,2555.0,35712,29033,3.55,12.15,2
2025-10-01,OST-07,storage-002,100,109.75,87.8,2.6,3252.0,2991.0,4878.0,4187.0,6987,3446,1.94,49.84,1
2025-10-02,OST-00,storage-001,100,82.2,82.2,7.4,3487.0,2391.0,5231.0,3347.0,41789,5676,0.92,46.86,1
2025-10-02,OST-01,storage-001,100,84.8,84.8,3.1,3447.0,2326.0,5171.0,3256.0,8660,16788,1.45,9.96,2
2025-10-02,OST-06,storage-002,100,83.7,83.7,3.3,3360.0,2115.0,5040.0,2960.0,29899,22549,2.59,7.64,0
2025-10-02,OST-14,storage-003,100,116.75,93.4,7.8,3946.0,2601.0,5918.0,3642.0,16424,21558,3.34,17.29,2
2025-10-03,OST-07,storage-002,100,111.25,89.0,4.8,4133.0,2414.0,6200.0,3380.0,40295,14688,2.75,24.4,0
2025-10-03,OST-14,storage-003,100,120.625,96.5,6.3,2951.0,2731.0,4426.0,3823.0,28338,8535,2.88,31.77,0
2025-10-04,OST-01,storage-001,100,84.3,84.3,3.2,2179.0,2448.0,3268.0,3428.0,36849,7622,1.9,28.5,1
2025-10-04,OST-02,storage-001,100,84.8,84.8,7.5,4169.0,2006.0,6253.0,2808.0,22420,20691,2.45,10.84,0
2025-10-04,OST-03,storage-001,100,84.8,84.8,3.3,3412.0,3221.0,5118.0,4509.0,43520,13900,2.51,10.09,2
2025-10-04,OST-14,storage-003,100,105.0,84.0,7.1,3686.0,3193.0,5529.0,4470.0,39579,24743,3.01,14.51,0
2025-10-04,OST-23,storage-004,100,84.1,84.1,3.6,2577.0,1965.0,3865.0,2751.0,44859,19973,2.15,14.85,1
2025-10-05,OST-07,storage-002,100,109.375,87.5,3.3,2978.0,2811.0,4467.0,3935.0,24043,15826,4.57,13.4,2
2025-10-05,OST-12,storage-003,100,84.3,84.3,4.9,3189.0,1734.0,4784.0,2428.0,18618,5653,3.1,12.96,1
2025-10-05,OST-13,storage-003,100,83.9,83.9,2.9,4009.0,1479.0,6013.0,2071.0,37822,16708,4.64,30.58,0
2025-10-05,OST-14,storage-003,100,105.5,84.4,5.0,2838.0,2205.0,4257.0,3087.0,37912,28221,2.32,48.5,1
2025-10-05,OST-20,storage-004,100,105.5,84.4,4.9,3166.0,2377.0,4748.0,3327.0,21414,14950,2.99,23.69,1
2025-10-06,OST-14,storage-003,100,114.125,91.3,8.0,3169.0,2257.0,4754.0,3160.0,48612,28549,3.62,9.81,2
2025-10-06,OST-15,storage-003,100,84.2,84.2,7.1,2902.0,1590.0,4354.0,2225.0,45451,22858,2.57,20.46,1
2025-10-06,OST-17,storage-003,100,83.7,83.7,6.9,2400.0,2533.0,3600.0,3546.0,42607,24728,0.87,26.55,1
2025-10-07,OST-02,storage-001,100,84.8,84.8,2.2,2334.0,1559.0,3500.0,2182.0,37402,17456,4.24,13.06,1
2025-10-07,OST-03,storage-001,100,83.9,83.9,7.4,3079.0,2323.0,4618.0,3253.0,11280,20795,2.29,18.05,1
2025-10-07,OST-07,storage-002,100,105.5,84.4,7.0,2925.0,1825.0,4388.0,2555.0,13396,14672,1.84,7.24,1
2025-10-07,OST-21,storage-004,100,84.7,84.7,7.2,3069.0,2765.0,4603.0,3871.0,6272,8147,4.09,14.26,1
2025-10-07,OST-22,storage-004,100,83.7,83.7,7.2,2813.0,2164.0,4220.0,3030.0,7468,29979,1.21,47.31,2
2025-10-08,OST-01,storage-001,100,82.3,82.3,5.9,2033.0,2000.0,3050.0,2800.0,21084,15360,3.62,6.02,1
2025-10-08,OST-03,storage-001,100,84.6,84.6,3.5,3273.0,2135.0,4910.0,2988.0,10733,27359,1.91,43.82,0
2025-10-08,OST-07,storage-002,100,107.5,86.0,5.4,3644.0,2872.0,5467.0,4021.0,48632,11319,4.91,16.92,2
2025-10-08,OST-12,storage-003,100,84.3,84.3,3.6,2716.0,2423.0,4074.0,3392.0,13712,7999,2.12,44.48,2
2025-10-08,OST-13,storage-003,100,84.5,84.5,3.8,3945.0,2164.0,5918.0,3030.0,30342,28754,3.51,6.36,1
2025-10-08,OST-14,storage-003,100,118.0,94.4,7.5,3312.0,2792.0,4967.0,3909.0,32604,19297,1.88,24.89,2
2025-10-08,OST-17,storage-003,100,84.0,84.0,3.5,2596.0,2274.0,3895.0,3184.0,35821,7063,2.33,38.8,0
2025-10-09,OST-01,storage-001,100,83.8,83.8,3.3,3314.0,2441.0,4971.0,3417.0,20015,13369,2.96,48.24,1
2025-10-09,OST-05,storage-001,100,84.0,84.0,5.0,2650.0,2244.0,3976.0,3142.0,48905,8982,1.66,11.74,2
2025-10-09,OST-06,storage-002,100,84.3,84.3,7.7,2155.0,2125.0,3233.0,2976.0,8779,10283,0.96,11.97,0
2025-10-09,OST-07,storage-002,100,104.875,83.9,2.6,3658.0,2634.0,5488.0,3688.0,40294,15566,3.09,14.35,2
2025-10-09,OST-14,storage-003,100,117.0,93.6,6.9,3789.0,3242.0,5683.0,4539.0,39879,12533,2.79,22.61,0
2025-10-09,OST-17,storage-003,100,84.8,84.8,6.8,2505.0,2501.0,3758.0,3501.0,44887,14053,3.4,11.36,0
2025-10-10,OST-07,storage-002,100,113.875,91.1,5.6,3341.0,3375.0,5011.0,4725.0,35718,10336,4.45,26.8,1
2025-10-10,OST-14,storage-003,100,112.5,90.0,5.5,3553.0,3201.0,5329.0,4481.0,26156,11552,1.1,45.64,2
2025-10-10,OST-17,storage-003,100,84.5,84.5,4.4,2466.0,2069.0,3698.0,2896.0,21119,11568,4.37,40.62,0
2025-10-11,OST-07,storage-002,100,104.75,83.8,2.7,3101.0,3390.0,4652.0,4746.0,6352,10915,4.33,40.05,2
2025-10-11,OST-10,storage-002,100,83.7,83.7,7.2,3735.0,2298.0,5602.0,3217.0,8419,11088,3.92,18.93,1
2025-10-11,OST-14,storage-003,100,117.875,94.3,4.9,4155.0,2248.0,6233.0,3148.0,14926,6313,0.82,45.81,1
2025-10-11,OST-16,storage-003,100,84.3,84.3,3.5,2679.0,2072.0,4019.0,2901.0,42983,13398,4.9,29.94,1
2025-10-12,OST-07,storage-002,100,111.875,89.5,7.5,4792.0,3357.0,7188.0,4700.0,23329,29895,4.93,20.73,1
2025-10-12,OST-09,storage-002,100,83.7,83.7,3.0,2831.0,2528.0,4246.0,3539.0,47014,9458,2.51,20.09,0
2025-10-12,OST-14,storage-003,100,112.0,89.6,7.6,2825.0,2074.0,4238.0,2903.0,30793,17514,4.33,42.1,0
2025-10-12,OST-16,storage-003,100,84.9,84.9,3.6,2697.0,2686.0,4046.0,3760.0,12695,23760,3.29,44.71,2
2025-10-13,OST-07,storage-002,100,114.75,91.8,5.4,3661.0,2744.0,5492.0,3842.0,20687,4664,1.33,45.63,2
2025-10-13,OST-12,storage-003,100,84.6,84.6,4.8,3023.0,2108.0,4534.0,2951.0,44110,28717,4.52,49.59,0
2025-10-13,OST-14,storage-003,100,115.125,92.1,6.5,4140.0,3094.0,6209.0,4332.0,20784,13345,1.61,37.16,0
2025-10-14,OST-00,storage-001,100,84.2,84.2,4.9,2474.0,2562.0,3711.0,3587.0,7070,3333,4.06,26.36,1
2025-10-14,OST-05,storage-001,100,80.0,80.0,3.9,3410.0,2108.0,5116.0,2951.0,41240,9172,3.31,15.82,1
2025-10-14,OST-07,storage-002,100,117.125,93.7,4.5,3777.0,2721.0,5665.0,3809.0,16305,26793,2.54,21.96,0
2025-10-14,OST-14,storage-003,100,107.875,86.3,2.3,3566.0,2886.0,5349.0,4041.0,27448,19109,4.37,37.36,2
2025-10-15,OST-14,storage-003,100,106.375,85.1,7.9,4614.0,3146.0,6921.0,4405.0,14190,24002,1.44,45.13,2
2025-10-15,OST-17,storage-003,100,84.8,84.8,3.2,3917.0,2674.0,5875.0,3744.0,47306,6665,2.26,44.56,2
2025-10-16,OST-07,storage-002,100,113.25,90.6,5.1,3757.0,3488.0,5636.0,4883.0,46101,8931,2.22,45.52,2
2025-10-16,OST-14,storage-003,100,113.875,91.1,4.4,3127.0,2548.0,4691.0,3567.0,9755,13978,1.94,41.8,0
2025-10-16,OST-16,storage-003,100,84.2,84.2,3.4,2769.0,1355.0,4153.0,1897.0,42086,7920,3.43,15.74,0
2025-10-16,OST-23,storage-004,100,84.3,84.3,3.8,3209.0,1526.0,4813.0,2136.0,34811,16566,1.76,6.94,2
2025-10-17,OST-07,storage-002,100,117.125,93.7,3.8,4442.0,3188.0,6662.0,4464.0,40512,19441,3.04,14.98,1
2025-10-17,OST-13,storage-003,100,84.2,84.2,4.2,2182.0,2444.0,3273.0,3421.0,21223,16996,1.92,24.19,2
2025-10-17,OST-18,storage-004,100,84.6,84.6,8.0,2792.0,2730.0,4187.0,3822.0,14767,14912,4.88,43.57,1
2025-10-18,OST-00,storage-001,100,84.4,84.4,7.4,3544.0,2583.0,5316.0,3616.0,17093,29854,2.15,32.14,2
2025-10-18,OST-07,storage-002,100,116.0,92.8,5.2,4189.0,2411.0,6284.0,3376.0,29065,5965,4.38,6.36,2
2025-10-18,OST-14,storage-003,100,110.75,88.6,3.0,4794.0,3561.0,7191.0,4985.0,16454,18946,3.81,24.77,2
2025-10-19,OST-05,storage-001,100,84.8,84.8,3.6,3442.0,2013.0,5163.0,2818.0,31964,11724,3.06,27.73,0
2025-10-19,OST-07,storage-002,100,105.0,84.0,3.6,3443.0,2947.0,5165.0,4126.0,15468,28381,3.87,27.21,2
2025-10-19,OST-08,storage-002,100,83.7,83.7,4.9,2971.0,2866.0,4456.0,4012.0,14100,12837,4.07,37.7,2
2025-10-19,OST-14,storage-003,100,114.875,91.9,7.3,2694.0,2206.0,4041.0,3088.0,37840,29960,4.91,47.06,2
2025-10-20,OST-01,storage-001,100,80.5,80.5,4.5,2664.0,2012.0,3997.0,2817.0,42910,25647,2.78,29.17,0
2025-10-20,OST-07,storage-002,100,113.25,90.6,6.2,2442.0,3064.0,3663.0,4290.0,13216,3053,0.69,38.04,0
2025-10-20,OST-08,storage-002,100,84.4,84.4,3.6,3063.0,2289.0,4594.0,3205.0,8152,14350,2.83,11.48,0
2025-10-20,OST-14,storage-003,100,120.375,96.3,5.2,2090.0,3375.0,3135.0,4725.0,46349,15084,3.44,28.31,1
2025-10-20,OST-20,storage-004,100,105.0,84.0,7.5,3277.0,2416.0,4916.0,3382.0,22723,6531,1.97,25.37,1
2025-10-21,OST-05,storage-001,100,84.1,84.1,6.0,2930.0,2212.0,4395.0,3097.0,14805,19272,2.17,42.46,2
2025-10-21,OST-06,storage-002,100,84.3,84.3,5.0,2717.0,1946.0,4075.0,2724.0,17679,24394,4.86,32.19,1
2025-10-21,OST-07,storage-002,100,111.75,89.4,7.2,3116.0,1599.0,4674.0,2238.0,21589,6553,2.44,37.71,0
2025-10-21,OST-11,storage-002,100,84.7,84.7,3.0,3797.0,2400.0,5695.0,3360.0,32105,20967,2.11,9.53,0
2025-10-21,OST-14,storage-003,100,104.875,83.9,3.5,3931.0,2781.0,5897.0,3894.0,26168,15325,1.3,36.31,1
2025-10-21,OST-21,storage-004,100,85.1,85.1,4.9,2929.0,2696.0,4393.0,3775.0,21613,23464,3.68,41.28,2
2025-10-22,OST-07,storage-002,100,108.375,86.7,4.3,2068.0,3286.0,3102.0,4601.0,12633,14227,0.5,19.97,1
2025-10-22,OST-14,storage-003,100,117.25,93.8,4.1,2364.0,3052.0,3545.0,4272.0,36640,28030,2.16,36.43,0
2025-10-23,OST-02,storage-001,100,84.0,84.0,2.9,2963.0,1992.0,4445.0,2789.0,17683,16454,1.31,34.11,2
2025-10-23,OST-04,storage-001,100,84.0,84.0,3.5,2363.0,2168.0,3545.0,3035.0,40125,27215,2.89,30.14,1
2025-10-23,OST-07,storage-002,100,108.75,87.0,2.5,3685.0,2690.0,5527.0,3767.0,34518,16373,3.76,5.86,0
2025-10-23,OST-14,storage-003,100,104.75,83.8,2.3,4107.0,3312.0,6160.0,4636.0,13511,19447,2.37,25.24,2
2025-10-23,OST-20,storage-004,100,105.25,84.2,5.7,2376.0,2708.0,3565.0,3791.0,31611,20920,4.81,42.21,1
2025-10-24,OST-05,storage-001,100,84.9,84.9,7.2,2505.0,2456.0,3757.0,3439.0,29608,18550,3.14,46.56,0
2025-10-24,OST-07,storage-002,100,107.75,86.2,6.7,3424.0,2673.0,5135.0,3742.0,33261,24770,2.43,39.4,2
2025-10-24,OST-14,storage-003,100,112.5,90.0,3.9,3695.0,3513.0,5543.0,4919.0,17458,18173,3.63,11.66,2
2025-10-24,OST-16,storage-003,100,84.4,84.4,6.7,2594.0,1913.0,3892.0,2678.0,23833,25168,2.86,6.83,0
2025-10-24,OST-17,storage-003,100,85.3,85.3,7.7,1828.0,2106.0,2741.0,2948.0,43802,9270,4.94,15.59,0
2025-10-25,OST-02,storage-001,100,83.8,83.8,7.1,3906.0,2815.0,5858.0,3940.0,15331,6163,1.17,22.76,0
2025-10-25,OST-04,storage-001,100,84.8,84.8,6.1,3232.0,2376.0,4848.0,3326.0,20858,17505,4.91,13.24,1
2025-10-25,OST-07,storage-002,100,107.625,86.1,4.6,2606.0,2144.0,3910.0,3002.0,49063,10650,3.09,31.99,0
2025-10-25,OST-12,storage-003,100,84.7,84.7,4.5,3726.0,2102.0,5589.0,2942.0,16949,8897,4.86,25.09,0
2025-10-25,OST-14,storage-003,100,110.75,88.6,3.5,3490.0,2745.0,5236.0,3842.0,41350,22188,2.59,13.1,2
2025-10-25,OST-21,storage-004,100,83.8,83.8,6.2,2734.0,1868.0,4101.0,2616.0,9489,18776,3.54,45.05,1
2025-10-26,OST-06,storage-002,100,73.4,73.4,5.1,3542.0,1947.0,5313.0,2725.0,47976,26595,3.32,10.84,2
2025-10-26,OST-07,storage-002,100,111.375,89.1,6.2,3035.0,2269.0,4552.0,3176.0,39221,21974,2.49,30.65,0
2025-10-26,OST-08,storage-002,100,84.6,84.6,5.9,1752.0,1911.0,2629.0,2675.0,8967,5950,3.42,39.54,2
2025-10-26,OST-12,storage-003,100,85.3,85.3,6.2,3236.0,2206.0,4854.0,3089.0,31089,7206,2.84,22.77,0
2025-10-26,OST-14,storage-003,100,119.25,95.4,4.2,2968.0,1995.0,4452.0,2793.0,25135,28363,0.98,38.72,0
2025-10-27,OST-01,storage-001,100,83.9,83.9,3.2,2865.0,2252.0,4298.0,3153.0,10823,3917,1.61,14.53,2
2025-10-27,OST-03,storage-001,100,85.2,85.2,7.7,2730.0,2345.0,4096.0,3283.0,42449,28079,4.31,24.53,2
2025-10-27,OST-05,storage-001,100,83.7,83.7,2.3,2852.0,2056.0,4278.0,2878.0,11022,26858,2.6,36.07,1
2025-10-27,OST-07,storage-002,100,112.375,89.9,5.1,3505.0,2252.0,5257.0,3153.0,24464,22538,4.3,39.53,0
2025-10-27,OST-14,storage-003,100,116.375,93.1,3.9,2400.0,2576.0,3601.0,3606.0,41521,3059,2.71,24.85,0
2025-10-28,OST-03,storage-001,100,84.8,84.8,3.2,3329.0,1806.0,4994.0,2529.0,37621,21427,2.89,16.28,1
2025-10-28,OST-04,storage-001,100,85.1,85.1,6.1,2116.0,2230.0,3175.0,3122.0,30171,26975,1.92,47.37,2
2025-10-28,OST-07,storage-002,100,120.0,96.0,5.2,3185.0,1990.0,4778.0,2787.0,12979,24469,4.6,23.23,0
2025-10-28,OST-14,storage-003,100,105.5,84.4,7.4,3703.0,2215.0,5554.0,3100.0,34397,13800,2.9,37.73,1
2025-10-28,OST-20,storage-004,100,105.5,84.4,4.5,3245.0,1596.0,4868.0,2235.0,18030,17120,4.49,41.67,0
2025-10-29,OST-04,storage-001,100,84.6,84.6,8.0,3358.0,1918.0,5037.0,2685.0,47683,7830,1.8,17.31,2
2025-10-29,OST-07,storage-002,100,105.375,84.3,6.8,3124.0,2009.0,4687.0,2813.0,8058,23337,1.34,10.52,1
2025-10-29,OST-21,storage-004,100,85.1,85.1,4.7,4123.0,2207.0,6185.0,3089.0,48638,21371,0.7,9.37,1
2025-10-30,OST-06,storage-002,100,85.4,85.4,3.7,3895.0,2194.0,5842.0,3071.0,40340,25780,2.47,38.05,0
2025-10-30,OST-07,storage-002,100,114.0,91.2,3.9,3724.0,3064.0,5586.0,4289.0,44532,9526,1.4,34.23,1
2025-10-30,OST-17,storage-003,100,85.5,85.5,4.2,3443.0,2380.0,5165.0,3332.0,21853,6499,4.68,27.11,2
2025-10-30,OST-23,storage-004,100,84.1,84.1,6.7,2441.0,3235.0,3661.0,4529.0,17532,16098,1.03,5.36,1
2025-10-31,OST-06,storage-002,100,85.0,85.0,7.3,3011.0,2268.0,4517.0,3175.0,26919,10778,4.95,31.68,2
2025-10-31,OST-07,storage-002,100,111.75,89.4,6.5,3296.0,2869.0,4944.0,4016.0,42786,25302,2.83,10.23,1
2025-10-31,OST-10,storage-002,100,85.4,85.4,5.5,4334.0,2301.0,6501.0,3222.0,8048,13769,3.57,45.45,2
2025-10-31,OST-11,storage-002,100,84.3,84.3,5.4,2472.0,2229.0,3709.0,3121.0,13679,22973,0.57,16.22,2
2025-10-31,OST-14,storage-003,100,116.0,92.8,6.7,3281.0,3532.0,4921.0,4945.0,11271,7699,0.87,14.71,0
2025-11-01,OST-02,storage-001,100,84.3,84.3,3.5,2225.0,2183.0,3338.0,3056.0,20600,28763,0.59,31.64,0
2025-11-01,OST-07,storage-002,100,112.75,90.2,5.0,4309.0,2028.0,6463.0,2839.0,45912,8851,3.83,29.21,0
2025-11-01,OST-11,storage-002,100,83.9,83.9,5.9,3066.0,2062.0,4599.0,2887.0,40196,29186,3.49,7.93,2
2025-11-01,OST-12,storage-003,100,84.2,84.2,7.2,3073.0,2453.0,4610.0,3435.0,9519,14597,1.35,32.82,2
2025-11-01,OST-14,storage-003,100,107.5,86.0,5.1,4595.0,2712.0,6892.0,3797.0,23977,6897,2.05,7.67,0
2025-11-01,OST-15,storage-003,100,79.3,79.3,5.8,2999.0,2114.0,4499.0,2960.0,31477,23508,4.06,47.05,1
2025-11-01,OST-18,storage-004,100,84.1,84.1,2.6,2547.0,2004.0,3821.0,2805.0,40646,4922,1.07,39.05,2
2025-11-02,OST-07,storage-002,100,118.0,94.4,7.2,3581.0,2976.0,5371.0,4166.0,6030,20410,4.42,19.43,0
2025-11-02,OST-14,storage-003,100,115.375,92.3,5.1,2779.0,2800.0,4169.0,3921.0,7884,16568,2.36,15.94,1
2025-11-02,OST-21,storage-004,100,84.5,84.5,3.4,3790.0,2423.0,5685.0,3392.0,18286,20404,1.41,26.25,1
2025-11-03,OST-05,storage-001,100,84.9,84.9,7.0,2707.0,1906.0,4060.0,2668.0,36617,9199,4.14,19.51,1
2025-11-03,OST-07,storage-002,100,110.625,88.5,7.4,3083.0,3672.0,4625.0,5141.0,21059,25618,1.19,44.76,2
2025-11-03,OST-14,storage-003,100,112.75,90.2,2.8,3934.0,2923.0,5901.0,4092.0,28145,28657,2.81,24.97,0
2025-11-03,OST-21,storage-004,100,84.3,84.3,7.5,2405.0,2046.0,3608.0,2864.0,20761,24068,1.93,19.92,2
2025-11-04,OST-06,storage-002,100,83.7,83.7,6.1,3537.0,1658.0,5305.0,2321.0,34287,12039,1.18,27.71,2
2025-11-04,OST-07,storage-002,100,115.0,92.0,3.9,2825.0,2346.0,4237.0,3284.0,5759,15045,3.04,39.05,0
2025-11-04,OST-16,storage-003,100,85.3,85.3,4.3,3405.0,2654.0,5107.0,3716.0,24916,22384,1.04,37.58,2
2025-11-05,OST-07,storage-002,100,109.5,87.6,6.8,3014.0,2840.0,4521.0,3976.0,19997,13745,4.64,43.48,1
2025-11-05,OST-15,storage-003,100,83.9,83.9,7.5,3411.0,2256.0,5117.0,3159.0,8299,13102,2.43,20.71,2
2025-11-06,OST-00,storage-001,100,84.6,84.6,2.7,2289.0,1944.0,3434.0,2722.0,30781,19276,2.49,15.06,1
2025-11-06,OST-14,storage-003,100,116.875,93.5,4.8,4057.0,2589.0,6085.0,3624.0,38602,27384,2.3,15.9,0
2025-11-07,OST-04,storage-001,100,84.6,84.6,3.2,3090.0,1379.0,4635.0,1931.0,18333,8721,3.85,32.66,0
2025-11-07,OST-05,storage-001,100,84.3,84.3,4.1,3070.0,1652.0,4604.0,2313.0,49140,23256,4.07,25.29,1
2025-11-07,OST-06,storage-002,100,84.7,84.7,2.1,2965.0,2221.0,4448.0,3109.0,9674,29159,2.48,30.89,0
2025-11-07,OST-07,storage-002,100,119.75,95.8,7.3,3157.0,2256.0,4736.0,3159.0,40389,19576,1.61,48.74,2
2025-11-07,OST-12,storage-003,100,77.2,77.2,2.7,3080.0,2420.0,4620.0,3388.0,12951,4931,3.93,44.27,2
2025-11-07,OST-14,storage-003,100,114.75,91.8,6.2,3547.0,2264.0,5321.0,3170.0,14734,15989,2.56,23.33,2
2025-11-08,OST-03,storage-001,100,85.5,85.5,2.4,2563.0,2391.0,3845.0,3348.0,7513,10174,1.93,34.42,0
2025-11-08,OST-07,storage-002,100,116.125,92.9,3.4,3481.0,2061.0,5222.0,2885.0,18120,10559,4.04,44.17,0
2025-11-08,OST-10,storage-002,100,83.7,83.7,6.3,3541.0,2063.0,5312.0,2889.0,17611,4169,4.55,47.12,2
2025-11-08,OST-14,storage-003,100,117.625,94.1,4.2,2677.0,2589.0,4015.0,3624.0,46721,8774,2.99,31.52,0
2025-11-09,OST-01,storage-001,100,83.9,83.9,2.5,3319.0,2653.0,4978.0,3714.0,10927,12083,2.3,10.95,1
2025-11-09,OST-07,storage-002,100,113.875,91.1,2.5,4285.0,2893.0,6427.0,4050.0,7896,19123,2.41,7.06,1
2025-11-09,OST-09,storage-002,100,84.1,84.1,7.4,3289.0,2258.0,4934.0,3162.0,45591,26591,3.7,8.79,1
2025-11-09,OST-14,storage-003,100,106.125,84.9,5.1,3707.0,2871.0,5560.0,4019.0,20794,13879,1.38,26.53,1
2025-11-09,OST-18,storage-004,100,83.8,83.8,4.3,3383.0,2003.0,5075.0,2804.0,11627,12723,1.59,38.01,0
2025-11-09,OST-22,storage-004,100,83.9,83.9,7.4,3208.0,1977.0,4812.0,2767.0,37231,15291,1.13,49.87,0
2025-11-09,OST-23,storage-004,100,85.0,85.0,5.7,3377.0,2467.0,5066.0,3453.0,24738,18538,4.26,23.37,0
2025-11-10,OST-02,storage-001,100,85.0,85.0,2.2,3652.0,1961.0,5478.0,2746.0,7690,28034,3.42,27.83,1
2025-11-10,OST-06,storage-002,100,85.0,85.0,7.4,2331.0,2070.0,3496.0,2898.0,25665,21255,2.88,47.11,2
2025-11-10,OST-07,storage-002,100,113.375,90.7,3.6,3112.0,2283.0,4668.0,3197.0,42922,5150,4.09,14.15,2
2025-11-10,OST-08,storage-002,100,85.5,85.5,6.1,2280.0,1868.0,3421.0,2615.0,10416,22212,1.7,21.9,1
2025-11-10,OST-14,storage-003,100,111.5,89.2,2.8,3369.0,2947.0,5053.0,4126.0,8965,4373,2.08,34.7,0
2025-11-11,OST-07,storage-002,100,110.375,88.3,2.4,3436.0,2601.0,5154.0,3642.0,9084,6420,0.87,26.1,0
2025-11-11,OST-14,storage-003,100,122.0,97.6,4.5,3717.0,2784.0,5576.0,3897.0,43440,14432,3.68,8.28,0
2025-11-11,OST-15,storage-003,100,84.1,84.1,3.7,3390.0,2527.0,5085.0,3538.0,45669,25429,1.34,20.65,2
2025-11-11,OST-19,storage-004,100,84.3,84.3,4.8,3781.0,2557.0,5672.0,3580.0,44898,21504,3.64,12.13,0
2025-11-12,OST-01,storage-001,100,85.4,85.4,5.4,2893.0,1924.0,4339.0,2693.0,19918,23128,1.46,21.75,2
2025-11-12,OST-07,storage-002,100,115.25,92.2,2.2,4631.0,2369.0,6947.0,3317.0,42693,20214,3.0,38.47,1
2025-11-12,OST-14,storage-003,100,115.625,92.5,5.4,4116.0,1801.0,6174.0,2522.0,35297,5031,0.78,28.41,0
2025-11-12,OST-18,storage-004,100,85.5,85.5,3.0,2574.0,2829.0,3861.0,3960.0,24523,9112,2.38,19.46,0
2025-11-12,OST-21,storage-004,100,84.1,84.1,2.2,1844.0,2547.0,2766.0,3565.0,25376,6961,4.27,12.86,1
2025-11-13,OST-01,storage-001,100,84.5,84.5,3.8,3179.0,2517.0,4768.0,3524.0,34710,27889,3.75,45.28,2
2025-11-13,OST-14,storage-003,100,121.125,96.9,5.8,3192.0,2561.0,4788.0,3586.0,37495,11008,0.74,31.25,2
2025-11-13,OST-17,storage-003,100,85.1,85.1,6.8,3292.0,2457.0,4938.0,3440.0,19681,16846,2.2,25.07,2
2025-11-13,OST-18,storage-004,100,70.8,70.8,6.5,2983.0,1895.0,4475.0,2654.0,39725,27016,1.4,43.14,2
2025-11-13,OST-19,storage-004,100,84.0,84.0,3.0,2588.0,2262.0,3882.0,3167.0,10536,20578,2.97,38.3,1
2025-11-14,OST-05,storage-001,100,85.2,85.2,2.6,3226.0,2146.0,4840.0,3004.0,47819,19151,1.68,14.43,1
2025-11-14,OST-07,storage-002,100,115.625,92.5,4.2,3249.0,2775.0,4873.0,3885.0,49481,13646,4.62,41.45,1
2025-11-14,OST-14,storage-003,100,107.375,85.9,7.0,3537.0,3085.0,5306.0,4319.0,32700,21303,4.88,9.57,0
2025-11-14,OST-20,storage-004,100,107.375,85.9,3.1,3105.0,2338.0,4658.0,3273.0,25390,18055,0.55,35.25,0
2025-11-14,OST-21,storage-004,100,83.8,83.8,4.8,2878.0,2111.0,4317.0,2956.0,43797,8713,2.29,45.44,0
2025-11-15,OST-01,storage-001,100,85.3,85.3,3.4,2700.0,1808.0,4050.0,2532.0,10663,19579,1.65,37.98,1
2025-11-15,OST-02,storage-001,100,84.7,84.7,5.3,2977.0,1938.0,4465.0,2713.0,27071,29518,2.42,21.84,1
2025-11-15,OST-14,storage-003,100,115.0,92.0,5.3,4725.0,3314.0,7088.0,4639.0,10946,26422,1.9,14.33,2
2025-11-15,OST-22,storage-004,100,84.6,84.6,4.1,3285.0,1396.0,4927.0,1954.0,26626,13912,3.33,14.74,0
2025-11-16,OST-00,storage-001,100,85.3,85.3,3.1,2580.0,1734.0,3869.0,2427.0,43270,22446,3.01,20.66,1
2025-11-16,OST-07,storage-002,100,119.75,95.8,7.8,3876.0,2280.0,5813.0,3192.0,39630,26271,3.0,45.39,1
2025-11-16,OST-13,storage-003,100,85.0,85.0,5.8,2805.0,2024.0,4207.0,2834.0,42380,28010,2.31,46.94,0
2025-11-16,OST-14,storage-003,100,116.5,93.2,2.3,4045.0,2951.0,6068.0,4131.0,13440,15329,2.94,34.95,2
2025-11-16,OST-15,storage-003,100,84.6,84.6,6.9,3534.0,2301.0,5300.0,3221.0,46783,19744,3.96,33.94,2
2025-11-16,OST-18,storage-004,100,84.6,84.6,4.3,2400.0,2208.0,3599.0,3092.0,36972,17567,4.18,23.45,0
2025-11-16,OST-23,storage-004,100,84.0,84.0,3.9,3708.0,2144.0,5562.0,3002.0,23801,16019,2.69,31.59,1
2025-11-17,OST-06,storage-002,100,85.5,85.5,7.1,4042.0,1734.0,6063.0,2427.0,12064,29022,4.23,29.02,2
2025-11-17,OST-07,storage-002,100,111.125,88.9,4.9,2267.0,2940.0,3401.0,4117.0,21934,12998,4.11,27.91,2
2025-11-17,OST-14,storage-003,100,116.75,93.4,4.8,3499.0,2957.0,5249.0,4139.0,46534,21957,4.61,12.42,1
2025-11-17,OST-20,storage-004,100,106.5,85.2,7.4,2974.0,2678.0,4461.0,3750.0,46804,8063,4.37,24.37,0
2025-11-18,OST-04,storage-001,100,84.4,84.4,7.2,3790.0,2278.0,5686.0,3189.0,17414,9907,2.0,45.33,1
2025-11-18,OST-07,storage-002,100,108.625,86.9,7.7,2740.0,2828.0,4109.0,3959.0,25337,10690,3.24,28.15,0
2025-11-18,OST-08,storage-002,100,85.1,85.1,7.1,3274.0,2335.0,4910.0,3269.0,13683,17627,1.68,7.36,1
2025-11-18,OST-09,storage-002,100,84.5,84.5,4.8,3871.0,2213.0,5806.0,3098.0,22154,12075,1.95,47.39,1
2025-11-18,OST-13,storage-003,100,85.4,85.4,2.3,3225.0,2334.0,4838.0,3268.0,16312,17909,1.0,40.82,2
2025-11-18,OST-14,storage-003,100,111.125,88.9,6.8,4051.0,3513.0,6076.0,4918.0,20925,21391,2.38,32.06,1
2025-11-19,OST-07,storage-002,100,107.5,86.0,5.3,3844.0,2012.0,5766.0,2817.0,20957,3273,4.59,21.78,2
2025-11-19,OST-09,storage-002,100,84.1,84.1,2.8,2963.0,2217.0,4444.0,3104.0,18919,29715,3.54,19.8,0
2025-11-19,OST-14,storage-003,100,106.125,84.9,3.9,2858.0,2581.0,4286.0,3613.0,35656,6058,4.8,7.35,0
2025-11-20,OST-02,storage-001,100,84.5,84.5,4.7,2708.0,2341.0,4063.0,3278.0,16261,24017,2.48,24.34,1
2025-11-20,OST-03,storage-001,100,83.5,83.5,2.1,3220.0,2441.0,4831.0,3417.0,37960,18555,0.61,28.88,1
2025-11-20,OST-07,storage-002,100,109.125,87.3,2.4,4100.0,3921.0,6150.0,5489.0,42926,17885,3.07,23.78,0
2025-11-20,OST-08,storage-002,100,84.8,84.8,4.2,2626.0,1376.0,3939.0,1927.0,28510,25963,1.63,13.41,0
2025-11-20,OST-09,storage-002,100,85.1,85.1,2.9,3046.0,2680.0,4569.0,3752.0,12428,14995,4.85,36.61,2
2025-11-20,OST-14,storage-003,100,116.75,93.4,4.6,3256.0,2231.0,4883.0,3124.0,22776,22755,1.77,35.17,1
2025-11-21,OST-07,storage-002,100,119.0,95.2,3.9,3181.0,3248.0,4772.0,4547.0,39726,22413,2.75,13.4,1
2025-11-21,OST-10,storage-002,100,83.8,83.8,4.8,3182.0,1428.0,4773.0,2000.0,12573,3404,4.07,43.37,0
2025-11-21,OST-14,storage-003,100,116.5,93.2,7.9,3010.0,2291.0,4515.0,3207.0,34977,18789,2.21,16.06,1
2025-11-21,OST-17,storage-003,100,85.8,85.8,3.6,3381.0,2810.0,5071.0,3934.0,47985,23762,4.42,28.1,1
2025-11-21,OST-19,storage-004,100,83.8,83.8,6.9,2836.0,2156.0,4254.0,3018.0,45542,18319,0.64,38.69,2
2025-11-21,OST-22,storage-004,100,84.6,84.6,2.1,2626.0,2428.0,3940.0,3400.0,19291,18349,4.6,25.03,1
2025-11-22,OST-01,storage-001,100,83.7,83.7,5.9,3459.0,1874.0,5188.0,2624.0,5124,17670,3.84,25.62,1
2025-11-22,OST-07,storage-002,100,109.25,87.4,3.2,2285.0,2671.0,3427.0,3740.0,13464,18700,3.78,26.21,1
2025-11-22,OST-14,storage-003,100,121.75,97.4,6.7,3106.0,2114.0,4659.0,2959.0,6005,13972,1.31,45.07,1
2025-11-22,OST-18,storage-004,100,84.1,84.1,6.1,3757.0,2502.0,5635.0,3502.0,31818,23789,0.94,38.02,1
2025-11-23,OST-04,storage-001,100,85.0,85.0,4.4,2505.0,2246.0,3758.0,3144.0,27052,13934,2.74,25.58,1
2025-11-23,OST-07,storage-002,100,105.5,84.4,5.6,3772.0,3363.0,5658.0,4708.0,6120,26281,4.2,30.17,2
2025-11-23,OST-08,storage-002,100,85.7,85.7,5.2,2965.0,2055.0,4448.0,2876.0,32203,18018,0.53,7.58,2
2025-11-23,OST-09,storage-002,100,83.7,83.7,3.3,2930.0,2309.0,4396.0,3232.0,45284,12544,4.84,11.17,2
2025-11-23,OST-14,storage-003,100,115.0,92.0,3.7,3587.0,2643.0,5380.0,3701.0,22947,21592,3.61,45.97,2
2025-11-24,OST-07,storage-002,100,117.875,94.3,2.2,2756.0,3672.0,4134.0,5140.0,41987,25775,3.07,19.56,1
2025-11-24,OST-08,storage-002,100,84.1,84.1,3.5,2810.0,2205.0,4215.0,3086.0,14737,5789,3.81,27.36,1
2025-11-24,OST-10,storage-002,100,84.6,84.6,2.2,2957.0,1920.0,4436.0,2687.0,14769,4226,0.55,8.08,2
2025-11-24,OST-14,storage-003,100,116.25,93.0,2.2,3975.0,2846.0,5962.0,3984.0,22785,24206,2.86,20.21,0
2025-11-24,OST-16,storage-003,100,86.1,86.1,4.0,2252.0,2226.0,3378.0,3116.0,25326,11035,4.96,28.82,1
2025-11-24,OST-17,storage-003,100,85.8,85.8,4.2,2427.0,2469.0,3641.0,3457.0,45599,4886,0.96,17.44,0
2025-11-24,OST-18,storage-004,100,84.0,84.0,5.7,2673.0,2665.0,4009.0,3731.0,9800,8100,0.69,32.54,0
2025-11-25,OST-00,storage-001,100,84.0,84.0,5.6,3219.0,2053.0,4828.0,2874.0,7800,4751,3.47,46.02,2
2025-11-25,OST-04,storage-001,100,85.3,85.3,4.3,3294.0,1931.0,4942.0,2704.0,39110,19590,2.73,16.89,0
2025-11-25,OST-07,storage-002,100,115.5,92.4,8.0,3345.0,3269.0,5018.0,4577.0,11085,3838,3.62,19.52,0
2025-11-25,OST-14,storage-003,100,105.625,84.5,5.1,3608.0,3136.0,5412.0,4391.0,29345,26217,4.6,34.49,1
2025-11-25,OST-20,storage-004,100,105.0,84.0,6.3,3498.0,1805.0,5247.0,2527.0,31816,4075,4.84,32.51,0
2025-11-25,OST-21,storage-004,100,83.7,83.7,3.2,3130.0,2023.0,4694.0,2832.0,29927,14611,1.29,9.63,0
2025-11-26,OST-01,storage-001,100,84.6,84.6,5.8,2602.0,3097.0,3903.0,4336.0,5296,9904,1.76,21.07,2
2025-11-26,OST-07,storage-002,100,113.0,90.4,4.4,3424.0,2120.0,5136.0,2968.0,23326,16737,1.78,33.59,1
2025-11-26,OST-08,storage-002,100,83.9,83.9,7.2,2873.0,2673.0,4310.0,3742.0,48221,13744,1.29,13.93,0
2025-11-26,OST-09,storage-002,100,85.5,85.5,5.8,2156.0,2474.0,3233.0,3464.0,22160,13163,2.46,34.81,0
2025-11-26,OST-14,storage-003,100,110.75,88.6,5.0,3858.0,3057.0,5787.0,4280.0,30753,22381,1.03,27.53,1
2025-11-26,OST-17,storage-003,100,70.4,70.4,3.2,2775.0,2473.0,4163.0,3462.0,17396,23492,0.75,37.11,0
2025-11-26,OST-21,storage-004,100,84.2,84.2,5.4,2912.0,1756.0,4368.0,2459.0,48216,26983,4.16,12.87,2
2025-11-27,OST-00,storage-001,100,84.1,84.1,2.7,4503.0,2383.0,6755.0,3337.0,39434,26503,1.0,48.11,1
2025-11-27,OST-02,storage-001,100,83.7,83.7,5.9,3473.0,1656.0,5209.0,2318.0,27097,13197,2.93,13.69,1
2025-11-27,OST-03,storage-001,100,85.0,85.0,7.9,2298.0,1748.0,3447.0,2447.0,11219,12713,2.88,34.56,2
2025-11-27,OST-07,storage-002,100,115.25,92.2,7.8,4504.0,2729.0,6756.0,3821.0,17395,5069,4.02,44.04,1
2025-11-27,OST-10,storage-002,100,84.6,84.6,7.7,3868.0,2547.0,5802.0,3566.0,12950,26627,4.81,31.29,0
2025-11-27,OST-14,storage-003,100,110.25,88.2,5.8,3252.0,2583.0,4878.0,3617.0,41012,25493,2.54,18.11,0
2025-11-27,OST-15,storage-003,100,85.7,85.7,4.4,3512.0,1450.0,5268.0,2030.0,35488,19512,3.47,12.16,2
2025-11-27,OST-19,storage-004,100,85.0,85.0,3.1,2524.0,2018.0,3786.0,2825.0,37835,8000,3.43,37.35,0
2025-11-28,OST-05,storage-001,100,84.6,84.6,4.4,3486.0,1620.0,5228.0,2268.0,10291,29904,3.32,48.02,0
2025-11-28,OST-07,storage-002,100,115.5,92.4,4.3,3322.0,2948.0,4983.0,4127.0,48313,5664,1.19,32.19,1
2025-11-28,OST-09,storage-002,100,84.1,84.1,5.7,2346.0,2114.0,3519.0,2959.0,32485,8786,2.05,35.32,1
2025-11-28,OST-13,storage-003,100,85.4,85.4,5.6,2382.0,1711.0,3573.0,2396.0,37729,5301,1.39,12.97,1
2025-11-28,OST-14,storage-003,100,108.0,86.4,5.6,3370.0,2683.0,5055.0,3756.0,10415,19092,2.08,40.5,2
2025-11-28,OST-16,storage-003,100,84.6,84.6,4.8,3974.0,1533.0,5961.0,2147.0,28141,12579,2.57,34.84,0
2025-11-28,OST-17,storage-003,100,84.1,84.1,4.6,2956.0,2738.0,4434.0,3833.0,45644,20671,4.96,15.44,1
2025-11-28,OST-20,storage-004,100,107.75,86.2,6.2,2301.0,1467.0,3452.0,2054.0,15739,14417,4.17,40.9,2
2025-11-29,OST-01,storage-001,100,85.5,85.5,2.7,3713.0,2440.0,5569.0,3415.0,7127,8113,2.56,22.47,2
2025-11-29,OST-07,storage-002,100,113.875,91.1,2.2,4085.0,2645.0,6127.0,3703.0,28129,5715,1.25,10.83,2
2025-11-29,OST-10,storage-002,100,84.1,84.1,7.0,2724.0,2466.0,4087.0,3453.0,41226,7541,1.73,31.8,1
2025-11-29,OST-13,storage-003,100,85.5,85.5,4.4,3167.0,2502.0,4751.0,3503.0,39643,14961,4.64,28.13,2
2025-11-29,OST-14,storage-003,100,115.25,92.2,2.5,3776.0,3185.0,5664.0,4459.0,13578,21331,3.43,19.19,1
2025-11-29,OST-23,storage-004,100,83.8,83.8,2.9,2352.0,1751.0,3527.0,2451.0,7375,27860,2.38,39.96,1
2025-11-30,OST-05,storage-001,100,84.3,84.3,3.1,3002.0,1614.0,4503.0,2260.0,20129,28812,4.71,31.44,2
2025-11-30,OST-07,storage-002,100,122.5,98.0,5.6,3164.0,2638.0,4746.0,3694.0,38698,23853,3.1,47.13,0
2025-11-30,OST-14,storage-003,100,105.75,84.6,4.6,4033.0,2074.0,6050.0,2904.0,44476,18277,3.45,43.65,0
2025-11-30,OST-15,storage-003,100,83.8,83.8,7.4,3353.0,2282.0,5029.0,3195.0,42407,5731,3.15,13.05,1
2025-11-30,OST-17,storage-003,100,85.3,85.3,4.9,2940.0,2541.0,4410.0,3557.0,11295,18888,2.96,44.67,2
2025-11-30,OST-18,storage-004,100,86.3,86.3,3.9,3430.0,2246.0,5145.0,3144.0,7021,29195,1.17,34.45,1
2025-12-01,OST-03,storage-001,100,84.5,84.5,7.8,3165.0,2745.0,4748.0,3843.0,31131,27478,3.54,46.32,2
2025-12-01,OST-05,storage-001,100,84.9,84.9,3.3,2788.0,2259.0,4182.0,3163.0,11377,5767,3.12,30.82,0
2025-12-01,OST-06,storage-002,100,83.9,83.9,7.9,3318.0,2451.0,4978.0,3431.0,10225,14081,0.99,20.15,1
2025-12-01,OST-07,storage-002,100,109.25,87.4,5.6,3881.0,3124.0,5821.0,4373.0,23005,25324,2.84,39.5,1
2025-12-01,OST-08,storage-002,100,85.7,85.7,2.4,2772.0,2154.0,4158.0,3016.0,32478,17226,3.69,13.28,0
2025-12-01,OST-11,storage-002,100,86.1,86.1,7.3,2121.0,2053.0,3181.0,2874.0,43303,8154,4.85,37.49,2
2025-12-01,OST-14,storage-003,100,109.875,87.9,5.8,2541.0,2829.0,3812.0,3961.0,29761,10746,3.77,45.33,0
2025-12-02,OST-00,storage-001,100,85.9,85.9,3.3,3665.0,1908.0,5498.0,2671.0,38309,11948,0.64,10.5,2
2025-12-02,OST-06,storage-002,100,84.2,84.2,4.1,2304.0,2459.0,3456.0,3443.0,15872,8271,1.71,8.98,0
2025-12-02,OST-07,storage-002,100,111.125,88.9,3.1,4312.0,2622.0,6468.0,3671.0,47604,6787,2.64,23.19,2
2025-12-02,OST-11,storage-002,100,86.2,86.2,7.7,3613.0,1960.0,5420.0,2744.0,20278,9756,4.58,13.01,2
2025-12-02,OST-12,storage-003,100,85.9,85.9,3.4,3016.0,1642.0,4524.0,2299.0,26143,27079,2.66,47.83,0
2025-12-02,OST-14,storage-003,100,110.875,88.7,4.3,2870.0,3476.0,4305.0,4867.0,20359,15238,0.79,42.44,1
2025-12-02,OST-20,storage-004,100,106.625,85.3,2.5,3332.0,2944.0,4998.0,4122.0,23204,28610,4.5,30.84,0
2025-12-03,OST-01,storage-001,100,84.5,84.5,5.1,2283.0,1354.0,3424.0,1895.0,39519,21296,0.94,7.74,2
2025-12-03,OST-06,storage-002,100,86.1,86.1,5.3,3982.0,2425.0,5973.0,3394.0,38489,27266,2.18,8.44,2
2025-12-03,OST-07,storage-002,100,106.625,85.3,6.3,2499.0,2626.0,3748.0,3677.0,31870,26234,3.91,46.93,2
2025-12-03,OST-11,storage-002,100,84.3,84.3,2.8,2506.0,1805.0,3759.0,2528.0,29388,11671,3.12,26.79,2
2025-12-03,OST-12,storage-003,100,83.8,83.8,3.2,2725.0,2595.0,4088.0,3633.0,22906,26471,4.11,46.28,0
2025-12-03,OST-14,storage-003,100,113.5,90.8,7.6,2303.0,2630.0,3454.0,3682.0,22102,25134,0.59,40.19,1
2025-12-03,OST-20,storage-004,100,106.625,85.3,5.9,2388.0,2361.0,3581.0,3306.0,38124,29707,0.95,19.55,1
2025-12-03,OST-21,storage-004,100,79.4,79.4,7.6,1545.0,1862.0,2317.0,2607.0,47275,18662,3.83,32.41,2
2025-12-04,OST-03,storage-001,100,85.5,85.5,3.8,2807.0,2387.0,4210.0,3342.0,16303,12271,3.55,9.35,0
2025-12-04,OST-06,storage-002,100,84.7,84.7,2.6,2281.0,2126.0,3422.0,2976.0,42114,14616,3.41,47.93,2
2025-12-04,OST-07,storage-002,100,121.375,97.1,7.9,3229.0,3420.0,4843.0,4788.0,49039,7503,2.51,27.45,1
2025-12-04,OST-12,storage-003,100,86.3,86.3,5.3,2770.0,2081.0,4155.0,2914.0,24693,23865,4.52,31.85,1
2025-12-04,OST-14,storage-003,100,116.625,93.3,4.4,3351.0,2038.0,5026.0,2853.0,43435,16144,1.28,38.34,2
2025-12-05,OST-07,storage-002,100,108.0,86.4,4.2,5289.0,2746.0,7934.0,3844.0,7739,15728,3.54,29.04,0
2025-12-05,OST-14,storage-003,100,109.25,87.4,2.7,4092.0,2616.0,6138.0,3662.0,23797,26441,4.36,13.74,1
2025-12-05,OST-15,storage-003,100,85.0,85.0,2.4,2795.0,2139.0,4192.0,2994.0,17236,10180,4.36,23.12,0
2025-12-05,OST-16,storage-003,100,86.0,86.0,4.5,2317.0,2791.0,3475.0,3907.0,38490,10548,1.81,45.29,0
2025-12-05,OST-20,storage-004,100,107.0,85.6,3.0,2973.0,2322.0,4459.0,3251.0,21072,27130,2.74,9.67,2
2025-12-05,OST-21,storage-004,100,85.4,85.4,4.5,2646.0,2020.0,3969.0,2828.0,17383,25089,3.84,48.69,1
2025-12-06,OST-04,storage-001,100,84.0,84.0,3.3,3698.0,1964.0,5547.0,2750.0,34472,10287,1.25,5.77,2
2025-12-06,OST-05,storage-001,100,85.5,85.5,4.3,2939.0,2110.0,4409.0,2954.0,12103,16056,2.97,21.53,0
2025-12-06,OST-07,storage-002,100,115.875,92.7,2.8,3110.0,2933.0,4665.0,4106.0,16965,23375,2.94,19.16,1
2025-12-06,OST-14,storage-003,100,116.375,93.1,4.6,3798.0,2672.0,5698.0,3741.0,17358,5728,1.82,10.0,2
2025-12-07,OST-04,storage-001,100,83.7,83.7,5.3,2904.0,2376.0,4356.0,3327.0,6091,3999,1.05,42.27,1
2025-12-07,OST-07,storage-002,100,109.375,87.5,4.8,2854.0,3371.0,4281.0,4719.0,46346,16845,0.84,37.17,0
2025-12-07,OST-09,storage-002,100,86.1,86.1,5.1,3160.0,2894.0,4739.0,4052.0,45965,26140,2.24,22.67,0
2025-12-07,OST-14,storage-003,100,120.75,96.6,2.1,3396.0,1800.0,5094.0,2520.0,43836,17421,1.2,20.62,1
2025-12-07,OST-15,storage-003,100,85.9,85.9,2.1,2138.0,2496.0,3207.0,3494.0,37469,15430,0.67,32.78,1
2025-12-08,OST-07,storage-002,100,113.75,91.0,3.5,3521.0,3059.0,5282.0,4282.0,34917,18357,2.88,7.54,1
2025-12-08,OST-13,storage-003,100,84.2,84.2,4.2,2714.0,2113.0,4071.0,2959.0,20943,16129,1.85,12.21,1
2025-12-08,OST-14,storage-003,100,120.875,96.7,3.5,3108.0,3686.0,4662.0,5160.0,13339,3312,1.75,20.74,1
2025-12-08,OST-20,storage-004,100,107.25,85.8,3.6,3508.0,2283.0,5262.0,3196.0,24726,10784,2.0,44.29,2
2025-12-09,OST-00,storage-001,100,84.2,84.2,3.9,3970.0,2162.0,5955.0,3026.0,5524,29918,0.69,24.93,0
2025-12-09,OST-07,storage-002,100,114.125,91.3,6.0,2735.0,3059.0,4102.0,4283.0,12929,17102,4.8,23.61,2
2025-12-09,OST-08,storage-002,100,84.7,84.7,3.3,1959.0,1950.0,2939.0,2730.0,30140,4210,4.93,36.68,2
2025-12-09,OST-10,storage-002,100,85.2,85.2,7.8,3730.0,1974.0,5595.0,2763.0,38910,23140,0.75,15.97,0
2025-12-09,OST-12,storage-003,100,86.3,86.3,2.1,2668.0,2499.0,4002.0,3499.0,47509,24373,4.15,34.55,0
2025-12-09,OST-13,storage-003,100,84.2,84.2,5.6,3691.0,2791.0,5536.0,3907.0,18344,18201,3.13,5.4,1
2025-12-09,OST-14,storage-003,100,120.125,96.1,3.6,3357.0,2931.0,5036.0,4103.0,5922,17906,1.68,24.05,2
2025-12-09,OST-18,storage-004,100,84.8,84.8,5.0,2574.0,2319.0,3860.0,3247.0,27754,22422,4.03,27.79,1
2025-12-10,OST-02,storage-001,100,83.7,83.7,7.6,2653.0,2537.0,3980.0,3552.0,27575,7174,2.51,10.34,2
2025-12-10,OST-06,storage-002,100,85.6,85.6,3.1,3296.0,2310.0,4944.0,3235.0,35635,10863,4.3,29.29,2
2025-12-10,OST-07,storage-002,100,114.75,91.8,5.9,3600.0,2971.0,5401.0,4159.0,22223,12200,4.46,49.0,2
2025-12-10,OST-08,storage-002,100,84.1,84.1,5.0,3015.0,2144.0,4522.0,3001.0,8720,28127,3.06,44.33,2
2025-12-10,OST-11,storage-002,100,82.2,82.2,3.6,2600.0,2249.0,3900.0,3148.0,18817,21875,2.11,36.14,1
2025-12-10,OST-13,storage-003,100,85.5,85.5,6.1,3300.0,2627.0,4949.0,3678.0,39873,6920,4.61,31.73,0
2025-12-10,OST-14,storage-003,100,121.0,96.8,7.9,3538.0,3490.0,5307.0,4886.0,17435,21038,1.99,6.25,2
2025-12-10,OST-15,storage-003,100,85.2,85.2,8.0,2673.0,2094.0,4010.0,2932.0,33094,16067,2.69,27.66,1
2025-12-10,OST-18,storage-004,100,84.5,84.5,7.2,3021.0,2500.0,4532.0,3500.0,16575,4070,1.22,17.19,0
2025-12-10,OST-20,storage-004,100,108.125,86.5,7.0,3091.0,2045.0,4637.0,2863.0,24345,25308,3.35,45.96,1
2025-12-11,OST-00,storage-001,100,85.8,85.8,4.8,3514.0,1962.0,5271.0,2747.0,33745,28200,1.15,17.48,2
2025-12-11,OST-06,storage-002,100,86.5,86.5,3.6,3213.0,1990.0,4820.0,2786.0,25083,16268,4.37,10.16,0
2025-12-11,OST-07,storage-002,100,107.375,85.9,3.7,3261.0,2511.0,4892.0,3515.0,26459,17805,0.61,15.47,2
2025-12-11,OST-08,storage-002,100,85.5,85.5,5.4,3951.0,2204.0,5927.0,3086.0,16531,20885,1.73,5.22,2
2025-12-11,OST-12,storage-003,100,84.5,84.5,2.6,2182.0,1986.0,3273.0,2780.0,6571,6031,3.43,28.62,0
2025-12-11,OST-14,storage-003,100,119.5,95.6,5.1,3192.0,1832.0,4788.0,2565.0,46627,15441,1.44,28.12,2
2025-12-11,OST-15,storage-003,100,84.3,84.3,7.6,3499.0,2280.0,5249.0,3192.0,30610,28802,0.73,40.41,0
2025-12-11,OST-18,storage-004,100,84.4,84.4,7.1,3619.0,1852.0,5429.0,2593.0,29828,5567,1.97,36.36,2
2025-12-12,OST-00,storage-001,100,85.9,85.9,4.6,3358.0,3031.0,5036.0,4243.0,5884,24563,1.83,29.95,2
2025-12-12,OST-02,storage-001,100,85.9,85.9,3.6,2723.0,2043.0,4084.0,2861.0,23940,28507,4.72,11.92,2
2025-12-12,OST-07,storage-002,100,112.125,89.7,2.8,2915.0,2461.0,4372.0,3445.0,32455,9040,0.74,6.95,0
2025-12-12,OST-10,storage-002,100,86.2,86.2,6.8,3985.0,1785.0,5977.0,2499.0,9332,28868,2.44,22.17,1
2025-12-12,OST-14,storage-003,100,120.875,96.7,7.3,2927.0,1858.0,4391.0,2601.0,24085,18379,3.31,7.11,1
2025-12-12,OST-16,storage-003,100,84.5,84.5,2.1,2892.0,1962.0,4338.0,2747.0,46122,20075,2.92,44.63,0
2025-12-12,OST-23,storage-004,100,86.5,86.5,6.1,3017.0,2551.0,4525.0,3572.0,35148,28297,4.02,11.44,2
2025-12-13,OST-07,storage-002,100,109.875,87.9,3.7,3000.0,3174.0,4501.0,4444.0,33543,22937,3.24,6.46,2
2025-12-13,OST-08,storage-002,100,84.1,84.1,5.4,2751.0,1817.0,4127.0,2544.0,21358,26529,1.18,19.21,1
2025-12-13,OST-09,storage-002,100,85.6,85.6,7.8,3235.0,2652.0,4852.0,3713.0,5578,20778,4.5,17.22,1
2025-12-13,OST-13,storage-003,100,84.0,84.0,2.2,3376.0,2341.0,5064.0,3277.0,38581,14128,3.58,16.6,2
2025-12-13,OST-14,storage-003,100,118.625,94.9,3.3,3376.0,2859.0,5064.0,4003.0,12407,19083,3.77,9.61,0
2025-12-13,OST-16,storage-003,100,85.7,85.7,6.9,3566.0,1808.0,5350.0,2531.0,7744,24107,4.01,27.78,2
2025-12-13,OST-22,storage-004,100,86.3,86.3,2.6,3326.0,1593.0,4989.0,2230.0,25117,26995,4.47,23.39,0
2025-12-14,OST-03,storage-001,100,85.6,85.6,5.4,2966.0,2161.0,4449.0,3026.0,39752,24606,4.57,18.02,0
2025-12-14,OST-05,storage-001,100,83.7,83.7,3.3,2859.0,1760.0,4289.0,2463.0,36851,14207,0.78,44.52,2
2025-12-14,OST-07,storage-002,100,118.5,94.8,5.5,3562.0,1942.0,5343.0,2719.0,16014,28643,2.58,23.45,0
2025-12-14,OST-11,storage-002,100,83.7,83.7,4.2,3027.0,2237.0,4541.0,3132.0,18606,5015,4.68,16.46,2
2025-12-14,OST-14,storage-003,100,122.5,98.0,7.2,3707.0,2109.0,5560.0,2953.0,31202,28926,4.72,32.66,1
2025-12-14,OST-17,storage-003,100,83.9,83.9,4.0,3945.0,2556.0,5917.0,3579.0,45500,19399,3.53,32.43,0
2025-12-14,OST-23,storage-004,100,86.3,86.3,5.4,3070.0,2156.0,4606.0,3018.0,19421,14908,1.36,14.52,0
2025-12-15,OST-03,storage-001,100,84.0,84.0,3.6,2624.0,2076.0,3937.0,2906.0,40175,12407,0.62,49.79,1
2025-12-15,OST-07,storage-002,100,106.5,85.2,3.8,3343.0,2951.0,5015.0,4131.0,13946,8292,0.93,15.53,0
2025-12-15,OST-11,storage-002,100,84.9,84.9,3.3,2714.0,2296.0,4071.0,3214.0,30675,23617,1.18,39.56,2
2025-12-15,OST-12,storage-003,100,86.7,86.7,4.6,2916.0,2500.0,4374.0,3500.0,45805,25764,4.76,47.96,1
2025-12-15,OST-14,storage-003,100,116.125,92.9,3.2,2659.0,2712.0,3988.0,3797.0,26731,6494,2.39,46.3,2
2025-12-15,OST-17,storage-003,100,85.5,85.5,4.4,2695.0,2187.0,4042.0,3062.0,14077,18072,3.82,21.6,1
2025-12-15,OST-20,storage-004,100,107.75,86.2,5.2,3401.0,2345.0,5101.0,3282.0,41649,3050,3.5,41.38,2
2025-12-15,OST-22,storage-004,100,85.3,85.3,3.7,3421.0,2373.0,5132.0,3322.0,19376,20804,2.93,21.97,2
2025-12-15,OST-23,storage-004,100,86.4,86.4,6.4,2823.0,1317.0,4234.0,1844.0,16869,9476,2.95,37.64,2
2025-12-16,OST-03,storage-001,100,86.0,86.0,7.3,2853.0,2201.0,4279.0,3082.0,42025,22866,2.37,35.69,2
2025-12-16,OST-05,storage-001,100,84.1,84.1,5.8,2045.0,2046.0,3068.0,2864.0,12205,26988,4.52,20.73,0
2025-12-16,OST-07,storage-002,100,109.0,87.2,2.5,3985.0,2575.0,5977.0,3605.0,49958,10448,4.51,12.92,0
2025-12-16,OST-13,storage-003,100,85.4,85.4,3.2,3026.0,2455.0,4540.0,3436.0,25121,27987,2.61,48.57,0
2025-12-16,OST-14,storage-003,100,112.375,89.9,2.9,4565.0,2462.0,6848.0,3447.0,14952,6953,3.75,22.38,2
2025-12-16,OST-16,storage-003,100,85.1,85.1,7.2,2214.0,2328.0,3321.0,3260.0,17756,6423,3.4,41.65,2
2025-12-16,OST-18,storage-004,100,84.0,84.0,7.8,3226.0,1901.0,4840.0,2661.0,5456,4780,2.66,22.66,0
2025-12-16,OST-19,storage-004,100,85.5,85.5,5.9,4067.0,1855.0,6100.0,2596.0,13038,12858,4.57,34.67,0
2025-12-16,OST-20,storage-004,100,108.25,86.6,3.1,2760.0,1597.0,4139.0,2235.0,30113,21883,0.69,37.15,0
2025-12-17,OST-02,storage-001,100,86.7,86.7,4.9,3287.0,2792.0,4931.0,3909.0,47186,27940,0.62,31.28,0
2025-12-17,OST-03,storage-001,100,85.0,85.0,5.7,2815.0,3087.0,4223.0,4322.0,29499,12983,2.24,7.7,0
2025-12-17,OST-07,storage-002,100,113.125,90.5,4.6,3389.0,3093.0,5084.0,4331.0,29883,17876,4.96,28.33,2
2025-12-17,OST-08,storage-002,100,86.3,86.3,3.2,2544.0,2112.0,3816.0,2957.0,38166,23860,4.05,25.85,2
2025-12-17,OST-09,storage-002,100,85.7,85.7,7.7,3070.0,2465.0,4605.0,3450.0,49112,15088,3.84,37.81,2
2025-12-17,OST-14,storage-003,100,117.875,94.3,2.4,2262.0,3175.0,3393.0,4446.0,16882,22297,3.45,18.88,0
2025-12-17,OST-17,storage-003,100,86.3,86.3,3.9,2581.0,2153.0,3872.0,3014.0,24956,29261,4.84,24.47,0
2025-12-17,OST-21,storage-004,100,86.1,86.1,5.1,2702.0,2672.0,4052.0,3740.0,19603,7305,2.23,47.08,0
2025-12-18,OST-00,storage-001,100,70.8,70.8,4.4,2434.0,1983.0,3650.0,2776.0,29988,5257,2.67,17.4,1
2025-12-18,OST-07,storage-002,100,111.0,88.8,7.8,4823.0,2914.0,7235.0,4079.0,23161,24409,2.57,26.95,1
2025-12-18,OST-09,storage-002,100,86.0,86.0,6.5,3249.0,2117.0,4873.0,2964.0,14457,24191,4.0,26.63,2
2025-12-18,OST-11,storage-002,100,84.6,84.6,4.8,2602.0,2650.0,3903.0,3710.0,32727,3363,4.22,41.09,0
2025-12-18,OST-14,storage-003,100,117.375,93.9,6.1,4078.0,2518.0,6117.0,3525.0,27197,14900,2.54,16.49,1
2025-12-19,OST-00,storage-001,100,85.6,85.6,2.8,2296.0,2289.0,3443.0,3204.0,41426,10863,2.05,32.26,1
2025-12-19,OST-05,storage-001,100,84.0,84.0,4.3,3021.0,2218.0,4531.0,3105.0,27856,6701,4.36,29.04,2
2025-12-19,OST-07,storage-002,100,119.875,95.9,5.8,2740.0,2823.0,4110.0,3952.0,43016,23127,2.21,10.6,1
2025-12-19,OST-11,storage-002,100,86.0,86.0,4.2,2362.0,2123.0,3544.0,2972.0,36704,27952,3.42,6.08,0
2025-12-19,OST-14,storage-003,100,114.125,91.3,3.9,3405.0,2716.0,5107.0,3803.0,36560,24733,4.94,38.31,2
2025-12-19,OST-19,storage-004,100,86.1,86.1,6.3,3015.0,1990.0,4522.0,2786.0,27654,7567,3.15,30.39,2
2025-12-19,OST-22,storage-004,100,85.1,85.1,5.9,3250.0,1901.0,4876.0,2661.0,31926,13051,2.03,40.42,2
2025-12-19,OST-23,storage-004,100,85.2,85.2,4.9,1917.0,2162.0,2876.0,3027.0,29731,17336,1.47,29.59,0
2025-12-20,OST-04,storage-001,100,85.0,85.0,2.3,2458.0,2664.0,3687.0,3730.0,49873,27586,3.16,49.02,0
2025-12-20,OST-07,storage-002,100,105.625,84.5,3.2,3401.0,2417.0,5101.0,3384.0,36273,10216,1.27,38.39,1
2025-12-20,OST-11,storage-002,100,84.7,84.7,7.0,2982.0,2066.0,4473.0,2893.0,37267,3404,0.61,7.05,1
2025-12-20,OST-12,storage-003,100,85.2,85.2,2.0,3374.0,2319.0,5061.0,3247.0,42901,19603,1.85,49.34,1
2025-12-20,OST-14,storage-003,100,106.875,85.5,3.0,3696.0,2376.0,5544.0,3327.0,11545,23228,2.5,11.37,2
2025-12-20,OST-16,storage-003,100,85.1,85.1,7.4,2914.0,2055.0,4371.0,2877.0,33862,14228,1.33,17.48,0
2025-12-20,OST-17,storage-003,100,85.1,85.1,5.2,3493.0,1854.0,5239.0,2596.0,10004,21430,2.01,35.85,0
2025-12-20,OST-18,storage-004,100,86.6,86.6,7.1,2726.0,1950.0,4090.0,2731.0,34886,29238,4.7,28.24,1
2025-12-21,OST-00,storage-001,100,84.6,84.6,7.5,3543.0,2540.0,5314.0,3556.0,12189,3880,2.16,20.97,0
2025-12-21,OST-07,storage-002,100,116.625,93.3,7.1,2810.0,2868.0,4215.0,4015.0,9517,27349,1.07,45.54,0
2025-12-21,OST-09,storage-002,100,85.6,85.6,3.1,2960.0,2343.0,4441.0,3280.0,16235,5748,1.97,40.51,0
2025-12-21,OST-11,storage-002,100,86.7,86.7,3.5,2917.0,1685.0,4376.0,2360.0,47919,7096,3.25,39.77,0
2025-12-21,OST-14,storage-003,100,109.25,87.4,4.1,2440.0,1823.0,3659.0,2552.0,27941,13330,1.44,20.54,2
2025-12-21,OST-19,storage-004,100,86.0,86.0,4.2,3115.0,2525.0,4673.0,3535.0,23838,19144,0.83,16.65,2
2025-12-21,OST-21,storage-004,100,85.1,85.1,4.7,3745.0,2451.0,5617.0,3431.0,16931,14918,1.26,43.24,2
2025-12-21,OST-22,storage-004,100,86.5,86.5,3.5,2960.0,2397.0,4440.0,3356.0,19229,29322,2.66,18.91,1
2025-12-21,OST-23,storage-004,100,86.0,86.0,7.7,2982.0,2498.0,4473.0,3498.0,33630,26019,4.35,9.28,0
2025-12-22,OST-00,storage-001,100,85.3,85.3,7.9,3116.0,2728.0,4674.0,3820.0,46632,16716,4.09,42.65,2
2025-12-22,OST-05,storage-001,100,83.9,83.9,4.8,3475.0,2336.0,5212.0,3270.0,29151,9537,4.78,24.05,2
2025-12-22,OST-07,storage-002,100,116.0,92.8,7.9,3342.0,3448.0,5014.0,4827.0,8282,15881,4.92,8.13,0
2025-12-22,OST-09,storage-002,100,84.6,84.6,3.9,2701.0,1757.0,4052.0,2459.0,21233,28691,1.33,22.37,0
2025-12-22,OST-11,storage-002,100,85.3,85.3,6.8,3979.0,2105.0,5969.0,2948.0,13052,5675,4.69,13.02,0
2025-12-22,OST-19,storage-004,100,86.2,86.2,2.6,4249.0,2016.0,6374.0,2823.0,25799,26878,1.66,24.32,1
2025-12-23,OST-06,storage-002,100,84.9,84.9,6.6,2697.0,2563.0,4045.0,3588.0,42749,16997,3.39,18.81,0
2025-12-23,OST-07,storage-002,100,108.625,86.9,7.0,3261.0,2068.0,4892.0,2895.0,6164,12816,4.17,31.23,1
2025-12-23,OST-11,storage-002,100,85.9,85.9,7.2,2368.0,2262.0,3552.0,3166.0,11199,25191,0.75,29.74,1
2025-12-23,OST-14,storage-003,100,116.125,92.9,4.2,2870.0,3015.0,4304.0,4221.0,17391,15898,3.47,29.9,0
2025-12-23,OST-17,storage-003,100,83.8,83.8,4.1,2704.0,2712.0,4056.0,3797.0,21502,27840,4.82,12.16,1
2025-12-23,OST-22,storage-004,100,84.6,84.6,6.1,4076.0,2203.0,6115.0,3084.0,13407,24643,1.58,41.03,0
2025-12-24,OST-05,storage-001,100,84.5,84.5,2.1,2986.0,2206.0,4479.0,3089.0,40852,19705,0.79,28.48,2
2025-12-24,OST-07,storage-002,100,106.75,85.4,2.6,3065.0,2671.0,4597.0,3740.0,15110,10098,2.8,33.28,2
2025-12-24,OST-10,storage-002,100,84.2,84.2,6.8,3381.0,2259.0,5072.0,3162.0,32801,16702,4.77,42.32,0
2025-12-24,OST-12,storage-003,100,85.6,85.6,7.2,3466.0,2057.0,5200.0,2880.0,9930,21862,4.85,49.39,2
2025-12-24,OST-14,storage-003,100,109.0,87.2,3.1,3652.0,2873.0,5478.0,4022.0,23725,29615,0.9,47.86,0
2025-12-24,OST-18,storage-004,100,85.6,85.6,6.0,2314.0,1965.0,3471.0,2751.0,43898,16536,1.87,40.01,2
2025-12-24,OST-21,storage-004,100,84.9,84.9,4.4,2248.0,3038.0,3372.0,4253.0,29793,13199,5.0,25.66,1
2025-12-25,OST-02,storage-001,100,73.0,73.0,6.6,2029.0,2252.0,3044.0,3153.0,26238,9016,4.13,31.43,1
2025-12-25,OST-04,storage-001,100,86.9,86.9,5.3,2932.0,2280.0,4398.0,3191.0,30042,27515,4.2,47.25,0
2025-12-25,OST-07,storage-002,100,121.25,97.0,6.6,3026.0,2906.0,4539.0,4069.0,33408,11059,1.6,44.34,0
2025-12-25,OST-11,storage-002,100,84.9,84.9,7.3,2579.0,1986.0,3868.0,2781.0,8621,21457,3.79,5.84,0
2025-12-25,OST-14,storage-003,100,107.875,86.3,4.0,3733.0,2799.0,5600.0,3918.0,43459,11451,2.82,47.11,1
2025-12-25,OST-17,storage-003,100,83.7,83.7,5.8,3807.0,1737.0,5710.0,2432.0,27561,13057,4.09,7.55,2
2025-12-26,OST-00,storage-001,100,84.4,84.4,7.8,2740.0,2415.0,4109.0,3381.0,45726,26781,4.3,15.96,0
2025-12-26,OST-01,storage-001,100,84.4,84.4,7.7,3837.0,1962.0,5756.0,2746.0,24605,13239,0.9,9.67,2
2025-12-26,OST-07,storage-002,100,107.75,86.2,2.8,2969.0,1596.0,4454.0,2234.0,24632,14290,0.97,45.99,2
2025-12-26,OST-12,storage-003,100,85.2,85.2,2.9,3387.0,2023.0,5081.0,2832.0,36895,29697,4.1,8.19,0
2025-12-26,OST-14,storage-003,100,114.25,91.4,2.3,3485.0,3253.0,5228.0,4555.0,21011,23682,1.64,28.37,2
2025-12-26,OST-15,storage-003,100,84.3,84.3,7.9,3578.0,3225.0,5367.0,4515.0,27038,25900,4.11,14.39,0
2025-12-26,OST-17,storage-003,100,83.9,83.9,6.8,3058.0,2477.0,4586.0,3467.0,23969,27378,3.93,11.96,2
2025-12-26,OST-18,storage-004,100,85.3,85.3,7.7,3528.0,1729.0,5291.0,2420.0,20204,13687,3.32,17.15,2
2025-12-26,OST-19,storage-004,100,86.9,86.9,5.0,2931.0,1867.0,4396.0,2614.0,18513,6800,2.63,32.36,1
2025-12-27,OST-07,storage-002,100,111.125,88.9,4.4,3555.0,3056.0,5333.0,4279.0,17435,14585,0.77,36.74,2
2025-12-27,OST-09,storage-002,100,84.4,84.4,4.9,3590.0,2476.0,5384.0,3466.0,12609,5946,3.24,47.43,2
2025-12-27,OST-13,storage-003,100,85.6,85.6,4.9,2886.0,2390.0,4328.0,3346.0,18052,15361,0.53,45.13,1
2025-12-27,OST-14,storage-003,100,122.5,98.0,6.7,3571.0,2036.0,5356.0,2850.0,9185,7818,4.46,19.3,1
2025-12-27,OST-16,storage-003,100,84.9,84.9,5.1,3315.0,2462.0,4972.0,3447.0,38644,8465,3.22,10.48,0
2025-12-27,OST-20,storage-004,100,105.125,84.1,4.1,3435.0,1163.0,5152.0,1628.0,13313,19575,3.48,13.85,0
2025-12-27,OST-21,storage-004,100,84.2,84.2,3.4,2725.0,1645.0,4088.0,2303.0,39317,10986,0.8,39.04,2
2025-12-28,OST-03,storage-001,100,84.6,84.6,5.1,3566.0,2210.0,5349.0,3093.0,16522,29719,1.77,24.81,1
2025-12-28,OST-07,storage-002,100,119.75,95.8,4.5,3015.0,2708.0,4522.0,3791.0,24600,29781,4.55,30.94,0
2025-12-28,OST-13,storage-003,100,84.2,84.2,6.3,3101.0,1551.0,4651.0,2172.0,6145,10054,3.68,42.03,1
2025-12-28,OST-14,storage-003,100,105.5,84.4,4.5,3461.0,3316.0,5192.0,4642.0,34310,11825,2.86,43.9,0
2025-12-29,OST-07,storage-002,100,108.25,86.6,2.3,3668.0,3031.0,5502.0,4244.0,37576,10160,4.31,34.82,2
2025-12-29,OST-11,storage-002,100,86.2,86.2,5.6,2995.0,2503.0,4492.0,3504.0,14729,16336,0.98,25.06,1
2025-12-29,OST-14,storage-003,100,122.5,98.0,7.7,3782.0,2803.0,5673.0,3925.0,31845,8507,0.98,46.02,1
2025-12-30,OST-00,storage-001,100,86.7,86.7,7.9,2735.0,2156.0,4102.0,3018.0,46838,24741,0.66,9.37,1
2025-12-30,OST-02,storage-001,100,84.5,84.5,7.3,2055.0,2195.0,3083.0,3074.0,6792,7883,0.75,23.01,2
2025-12-30,OST-07,storage-002,100,117.875,94.3,2.7,3951.0,3045.0,5927.0,4263.0,31367,12852,2.8,17.14,0
2025-12-30,OST-10,storage-002,100,84.2,84.2,4.0,3706.0,1980.0,5559.0,2772.0,39274,11268,3.42,46.23,0
2025-12-30,OST-14,storage-003,100,119.625,95.7,7.7,4577.0,3051.0,6865.0,4272.0,38240,22537,2.84,5.62,1
2025-12-30,OST-15,storage-003,100,85.2,85.2,2.1,3277.0,1929.0,4916.0,2701.0,5535,4800,1.55,22.71,1
2025-12-30,OST-21,storage-004,100,85.9,85.9,3.4,2992.0,2377.0,4488.0,3327.0,39786,18097,3.72,25.95,2
2025-12-31,OST-05,storage-001,100,86.6,86.6,4.7,2133.0,2198.0,3200.0,3077.0,12378,21390,1.67,27.45,2
2025-12-31,OST-07,storage-002,100,113.75,91.0,7.6,3402.0,2960.0,5103.0,4143.0,13460,6836,3.78,49.5,0
2025-12-31,OST-08,storage-002,100,86.4,86.4,5.2,2033.0,2036.0,3049.0,2850.0,17281,26625,4.86,34.05,0
2025-12-31,OST-09,storage-002,100,83.9,83.9,4.7,3525.0,2764.0,5288.0,3869.0,37916,15954,0.92,48.09,1
2025-12-31,OST-11,storage-002,100,86.7,86.7,7.2,3032.0,2007.0,4548.0,2810.0,24207,28125,4.44,36.42,2
2025-12-31,OST-14,storage-003,100,112.125,89.7,7.8,3749.0,2899.0,5623.0,4058.0,40241,21902,0.74,40.47,1
2025-12-31,OST-20,storage-004,100,108.0,86.4,6.8,3988.0,2680.0,5982.0,3753.0,28492,7387,4.35,22.61,2
2025-12-31,OST-22,storage-004,100,86.9,86.9,4.2,2708.0,2576.0,4062.0,3606.0,33972,14492,3.45,29.59,1
2025-12-31,OST-23,storage-004,100,86.4,86.4,6.9,2164.0,2580.0,3246.0,3612.0,14222,28618,1.95,17.42,0
